<?xml version="1.0" encoding="UTF-8" standalone="no"?>
<!-- Created with Inkscape (http://www.inkscape.org/) -->

<svg
   width="132.29166mm"
   height="132.29167mm"
   viewBox="0 0 132.29166 132.29167"
   version="1.1"
   id="svg5"
   xml:space="preserve"
   inkscape:export-filename="Esche.svg"
   inkscape:export-xdpi="96"
   inkscape:export-ydpi="96"
   xmlns:inkscape="http://www.inkscape.org/namespaces/inkscape"
   xmlns:sodipodi="http://sodipodi.sourceforge.net/DTD/sodipodi-0.dtd"
   xmlns="http://www.w3.org/2000/svg"
   xmlns:svg="http://www.w3.org/2000/svg"><sodipodi:namedview
     id="namedview7"
     pagecolor="#ffffff"
     bordercolor="#000000"
     borderopacity="0.25"
     inkscape:showpageshadow="2"
     inkscape:pageopacity="0.0"
     inkscape:pagecheckerboard="0"
     inkscape:deskcolor="#d1d1d1"
     inkscape:document-units="mm"
     showgrid="false" /><defs
     id="defs2" /><g
     inkscape:label="Ebene 1"
     inkscape:groupmode="layer"
     id="layer1"
     transform="translate(-46.348737,-44.915686)"><g
       id="g105"
       transform="matrix(0.26458333,0,0,0.26458333,46.348739,44.915687)"><g
         id="BACKGROUND">
	<rect
   style="fill:#ffffff"
   width="500"
   height="500"
   id="rect59"
   x="0"
   y="0" />
</g><g
         id="OBJECTS">
	<g
   id="g82">
		<path
   d="m 347.048,162.68 0.329,-0.439 c -0.054,0.012 -0.105,-0.009 -0.159,-0.006 0.038,0.135 0.006,0.274 -0.17,0.445 z"
   id="path62" />
		<path
   d="m 280.478,167.53 0.329,-0.439 c -0.055,0.012 -0.106,-0.009 -0.159,-0.006 0.037,0.135 0.006,0.274 -0.17,0.445 z"
   id="path64" />
		<path
   d="m 347.13,121.02 c -0.031,0.008 -0.066,0.014 -0.087,0.022 0.028,-0.004 0.058,-0.011 0.087,-0.022 z"
   id="path66" />
		<path
   d="m 276.998,142.053 c -0.031,0.008 -0.066,0.014 -0.088,0.022 0.029,-0.004 0.058,-0.011 0.088,-0.022 z"
   id="path68" />
		<path
   d="m 364.614,233.322 c -0.176,0.13 -0.435,0.303 -0.519,0.534 0.344,-0.176 0.597,-0.366 0.519,-0.534 z"
   id="path70" />
		<path
   d="m 300.393,99.865 c 0.001,0.121 -0.057,0.23 -0.242,0.333 l 0.374,-0.293 c -0.049,-0.002 -0.087,-0.031 -0.132,-0.04 z"
   id="path72" />
		<path
   d="m 91.474,291.021 c 0.041,-0.091 0.123,-0.154 0.298,-0.167 l -0.383,0.091 c 0.035,0.019 0.054,0.054 0.085,0.076 z"
   id="path74" />
		<path
   d="m 457.758,293.402 c -0.206,0.289 -0.297,0.629 -0.479,0.927 -0.244,0.399 -0.296,0.391 -0.784,0.287 -0.323,-0.069 -1.227,-0.524 -1.472,-0.045 0.019,0.274 0.023,0.549 0.013,0.823 0.055,0.372 -0.078,0.686 -0.4,0.942 -0.346,0.057 -0.693,0.115 -1.039,0.173 -0.918,-0.081 -1.753,-0.385 -2.505,-0.911 -0.396,-0.378 -0.888,-0.862 -0.516,-1.392 0.526,-0.75 1.997,-0.018 2.35,-1.052 -0.041,-0.174 -0.039,-0.347 0.007,-0.519 0.036,-0.363 0.122,-0.715 0.257,-1.057 0.17,-0.607 0.393,-1.28 0.308,-1.926 -0.158,-1.208 -1.658,-1.741 -2.097,-2.805 -0.216,-0.523 -0.182,-0.889 0.085,-1.392 0.354,-0.471 0.679,-0.961 0.975,-1.47 0.027,-0.169 0.053,-0.339 0.08,-0.508 -0.208,-0.375 -1.185,-0.048 -1.405,-0.011 -0.256,0.043 -1.322,0.381 -1.63,0.104 0.088,-0.392 0.335,-0.744 0.384,-1.139 -0.428,-0.298 -1.486,-0.188 -1.969,-0.194 -0.186,0.802 0.473,2.055 -0.474,2.582 -0.959,0.533 -2.723,-0.859 -3.392,-1.444 -0.371,-0.324 -0.347,-0.486 0.064,-0.675 0.889,-0.41 1.595,-0.524 2.334,-1.29 0.337,-0.35 1.699,-2.174 0.601,-2.556 -0.486,-0.169 -0.872,0.276 -1.086,0.613 -0.365,0.573 -0.555,0.671 -1.148,0.975 -1.07,0.548 -2.226,1.65 -3.483,1.439 -0.388,-0.482 1.075,-1.699 1.322,-2.052 0.221,-0.315 0.734,-1.646 0.453,-2.309 0.125,-0.296 0.156,-0.62 0.313,-0.922 0.051,-0.265 0.211,-0.405 0.482,-0.421 0.241,-0.094 0.485,-0.176 0.733,-0.246 0.464,-0.072 0.809,-0.334 1.037,-0.786 0.111,-0.237 0.222,-0.474 0.333,-0.71 0.12,-0.281 0.277,-0.581 0.178,-0.892 -0.081,-0.253 -0.112,-0.216 -0.326,-0.322 -0.262,-0.13 -0.572,-0.531 -0.603,-0.865 -0.033,-0.346 0.278,-0.443 0.548,-0.517 0.353,-0.027 0.701,-0.005 1.045,0.066 0.266,0.105 0.516,0.072 0.75,-0.097 -0.075,-0.436 -0.296,-0.787 -0.663,-1.052 -0.222,-0.067 -0.35,-0.198 -0.385,-0.393 0.152,-0.165 0.141,-0.324 -0.034,-0.478 -0.17,-0.056 -0.341,-0.113 -0.511,-0.169 -0.465,-0.153 -0.786,-0.459 -0.964,-0.919 -0.164,-0.301 -0.185,-0.603 -0.065,-0.905 0.16,-0.101 0.326,-0.189 0.499,-0.265 0.17,-0.074 0.284,-0.015 0.341,0.176 0.333,0.432 0.594,0.949 1.007,1.301 0.393,0.335 0.268,0.948 0.542,1.376 0.427,0.666 0.72,-0.151 1.212,-0.222 0.629,-0.091 0.932,0.673 1.319,0.983 0.793,-0.311 1.128,-0.895 1.254,-1.717 0.256,0.128 0.487,0.367 0.752,0.459 0.226,0.024 0.452,0.049 0.677,0.073 0.207,-0.11 0.414,-0.221 0.621,-0.331 0.264,-0.132 0.528,-0.264 0.792,-0.396 0.252,-0.131 0.504,-0.262 0.756,-0.393 0.081,-0.249 0.161,-0.497 0.241,-0.746 -0.029,-0.501 -0.147,-0.977 -0.354,-1.427 -0.051,-0.315 -0.216,-0.553 -0.492,-0.712 -0.199,-0.274 -0.471,-0.409 -0.815,-0.405 -0.28,-0.126 -0.565,-0.145 -0.854,-0.059 -0.182,0.077 -0.36,0.079 -0.532,0.006 -0.18,-0.004 -0.271,-0.108 -0.273,-0.31 -0.098,-0.178 -0.148,-0.369 -0.151,-0.573 -0.054,-0.38 0.009,-0.684 0.118,-1.051 -0.848,-0.703 -2.059,-0.884 -2.97,-1.503 -0.315,-0.159 -0.525,-0.404 -0.629,-0.735 -0.053,-0.268 -0.192,-0.477 -0.419,-0.626 -0.382,-0.186 -0.767,-0.188 -1.154,-0.007 -0.114,0.268 -0.272,0.347 -0.473,0.236 -0.247,-0.465 -0.562,-0.88 -0.944,-1.246 -0.257,-0.265 -0.554,-0.371 -0.891,-0.317 -0.188,-0.565 -0.174,-1.178 -0.228,-1.768 -0.015,-0.345 -0.058,-0.687 -0.13,-1.026 0.054,-0.294 -0.047,-0.49 -0.301,-0.586 -0.264,-0.255 -0.587,-0.282 -0.968,-0.082 -0.218,0.116 -0.436,0.233 -0.655,0.349 -0.128,0.238 -0.257,0.476 -0.385,0.713 -0.078,0.392 -0.155,0.784 -0.228,1.178 -0.09,0.474 -0.221,0.865 -0.62,1.148 -0.276,0.286 -0.619,0.329 -1.027,0.128 -0.222,-0.138 -0.443,-0.276 -0.665,-0.414 -0.312,-0.284 -0.557,-0.707 -0.568,-1.137 -0.01,-0.398 0.422,-0.817 0.565,-1.176 -0.062,-0.143 -0.199,-0.177 -0.34,-0.175 0.297,-0.192 0.492,-0.829 0.519,-1.051 -0.468,-0.199 -0.924,-0.178 -1.417,-0.245 -0.254,-0.035 -0.751,-0.241 -0.862,0.147 0.016,0.027 0.038,0.061 0.112,0.159 -0.031,-0.009 -0.065,-0.031 -0.093,-0.038 -0.643,-0.158 -1.116,-0.321 -1.601,-0.857 -0.418,-0.462 -0.012,-0.901 0.225,-1.318 0.217,-0.381 -0.513,-0.838 -0.789,-0.979 -0.216,-0.11 -0.487,-0.141 -0.68,-0.292 -0.208,-0.162 -0.257,-0.432 -0.303,-0.674 -0.052,-0.273 -0.081,-0.492 0.195,-0.638 0.2,-0.106 0.49,-0.192 0.712,-0.166 0.42,0.048 0.966,0.561 0.98,-0.152 0.013,-0.694 -0.474,-1.663 -1.089,-2.006 -0.139,-0.078 -0.287,-0.124 -0.438,-0.153 -0.467,-1.123 -1.74,-1.742 -1.943,-3.001 -0.057,-0.354 -0.019,-0.736 -0.208,-1.06 -0.03,-0.051 -0.068,-0.089 -0.108,-0.126 0.098,-0.054 0.215,-0.134 0.239,-0.144 0.16,-0.071 0.31,-0.119 0.483,-0.139 0.642,-0.076 0.919,0.333 1.054,0.894 0.112,0.464 0.215,1.177 0.7,1.404 0.243,0.114 0.474,-0.079 0.649,-0.228 0.099,-0.084 0.572,-0.527 0.395,-0.706 -0.059,-0.059 -0.209,-0.026 -0.283,-0.056 -0.131,-0.054 -0.164,-0.15 -0.229,-0.27 -0.113,-0.207 -0.204,-0.428 -0.313,-0.637 -0.11,-0.211 -0.181,-0.389 -0.188,-0.632 -0.003,-0.121 0.023,-0.256 -0.042,-0.365 -0.475,0.058 -1.138,0.165 -1.482,-0.255 -0.2,-0.244 -0.404,-0.585 -0.526,-0.876 -0.068,-0.163 -0.132,-0.386 -0.159,-0.588 0.442,-0.454 0.936,-0.905 1.462,-1.347 0.188,-0.019 0.374,-0.044 0.552,-0.109 0.011,-0.004 0.017,-0.009 0.027,-0.013 0.144,0.057 0.235,0.166 0.427,0.14 0.187,-0.025 0.466,-0.195 0.629,-0.251 0.316,-0.108 0.755,-0.212 1.085,-0.071 0.536,0.23 0.207,0.663 0.195,1.075 -0.009,0.303 0.197,0.583 0.325,0.839 0.086,0.172 0.196,0.572 0.358,0.669 0.459,-0.235 0.882,-1.727 1.565,-1.218 0.222,0.166 0.263,0.463 0.45,0.66 0.293,0.309 0.944,0.435 0.98,0.949 0.043,0.608 -1.789,1.818 -0.717,2.275 0.462,0.197 0.778,0.348 0.926,0.857 0.129,0.443 0.158,0.915 0.358,1.336 0.111,0.234 0.2,0.367 0.423,0.467 0.258,0.117 0.649,0.072 0.912,-0.033 0.441,-0.175 0.939,-0.728 0.923,-1.224 -0.004,-0.126 -0.126,-0.243 -0.122,-0.354 0.006,-0.182 0.16,-0.241 0.303,-0.327 0.297,-0.178 0.576,-0.376 0.845,-0.593 0.29,-0.234 0.699,-0.488 0.858,-0.842 0.198,-0.438 -0.444,-0.668 -0.707,-0.831 -0.125,-0.077 -0.279,-0.182 -0.342,-0.322 -0.08,-0.176 0.004,-0.274 0.065,-0.431 0.191,-0.496 0.03,-0.848 -0.237,-1.281 -0.212,-0.345 -0.494,-0.729 -0.77,-1.024 -0.535,0.22 -1.517,1.071 -1.877,0.25 -0.134,-0.305 0.1,-0.539 0.303,-0.784 0.169,-0.204 0.565,-0.6 0.466,-0.913 -0.26,0.078 -0.502,0.118 -0.745,-0.031 -0.134,-0.082 -0.413,-0.356 -0.308,-0.549 0.061,-0.112 0.45,-0.158 0.523,-0.176 0.319,-0.082 0.608,-0.182 0.859,-0.411 0.243,-0.221 0.503,-0.51 0.504,-0.86 0,-0.247 -0.13,-0.35 -0.221,-0.56 -0.105,-0.241 -0.044,-0.521 0.172,-0.684 0.217,-0.164 0.525,-0.132 0.77,-0.072 0.403,0.099 1.059,0.436 1.224,-0.173 0.038,-0.139 0.01,-0.3 0.042,-0.443 0.074,-0.333 0.314,-0.65 0.656,-0.732 0.53,-0.128 0.931,0.432 1.452,0.04 0.572,-0.431 0.38,-1.302 0.207,-1.874 -0.009,0.009 0.136,-0.187 0.186,-0.349 0.045,-0.145 0.175,-0.478 0.095,-0.627 -0.116,-0.214 -0.482,0.061 -0.654,0.054 -0.242,-0.01 -0.308,-0.294 -0.407,-0.466 -0.137,-0.237 -0.333,-0.431 -0.477,-0.662 -0.043,-0.069 -0.068,-0.145 -0.131,-0.199 -0.508,0.141 -0.935,0.785 -1.241,1.182 -0.137,0.178 -0.165,0.336 -0.208,0.556 -0.072,0.372 -0.237,0.709 -0.496,0.988 -0.163,0.176 -0.652,0.468 -0.937,0.403 -0.267,-0.06 -0.43,-0.388 -0.615,-0.563 -0.526,-0.495 -1.275,0.242 -1.883,-0.01 -0.341,-0.141 -0.425,-0.61 -0.595,-0.913 -0.216,-0.383 -0.507,-0.654 -0.969,-0.593 -0.198,0.026 -0.393,0.087 -0.39,0.301 0.003,0.199 0.25,0.335 0.368,0.473 0.173,0.204 0.409,0.534 0.251,0.808 -0.12,0.209 -0.368,0.323 -0.484,0.547 -0.356,0.685 0.347,0.902 0.749,1.313 -0.406,0.204 -0.836,0.429 -1.285,0.675 -0.192,0.049 -0.384,0.099 -0.578,0.14 -0.342,0.073 -0.589,0.06 -0.695,-0.305 -0.114,-0.392 0.068,-0.975 0.086,-1.382 -0.132,-0.079 -0.276,-0.127 -0.431,-0.144 -0.134,-0.072 -0.268,-0.145 -0.403,-0.217 -0.261,-0.163 -0.583,-0.47 -0.754,-0.74 0.347,-0.607 0.845,-1.196 0.793,-1.932 -0.028,-0.404 -0.222,-0.53 -0.607,-0.512 -0.279,0.013 -0.753,0.16 -0.98,0.283 -0.599,0.326 -1.122,0.85 -1.579,1.344 -0.32,0.346 -0.62,0.647 -1.082,0.798 -0.434,0.142 -0.93,0.052 -1.293,0.375 -0.238,0.211 -0.432,0.517 -0.453,0.836 -0.47,-0.107 -0.874,0.007 -1.213,0.349 0.161,0.339 0.262,0.687 0.307,1.042 -0.046,0.121 -0.086,0.248 -0.118,0.383 -0.06,0.249 -0.052,0.805 -0.323,0.914 -0.017,0.007 -0.035,0.003 -0.052,0.007 -0.062,-0.227 -0.134,-0.451 -0.239,-0.632 -0.257,-0.441 -0.746,-0.655 -1.225,-0.764 -0.669,-0.152 -1.459,-0.084 -2.091,0.149 -0.023,0.009 -0.064,0.027 -0.106,0.046 -0.162,-0.134 -0.288,-0.27 -0.353,-0.41 0.085,-0.276 0.148,-0.55 0.136,-0.839 0.292,-0.445 0.746,-0.042 1.198,-0.191 0.463,-0.152 0.637,-0.812 1.058,-1.071 0.131,-0.184 0.313,-0.254 0.545,-0.212 0.424,0.107 0.853,0.126 1.288,0.057 0.463,-0.1 0.646,-0.216 0.936,-0.572 0.382,-0.469 0.556,-0.858 0.436,-1.496 -0.061,-0.326 -0.161,-1.137 -0.449,-1.298 -0.229,0.141 -0.458,0.283 -0.687,0.424 -0.112,-0.18 -0.257,-0.314 -0.426,-0.415 0.228,-0.081 0.425,-0.157 0.515,-0.193 0.455,-0.18 1.416,-0.511 1.269,-1.188 -0.155,-0.189 -0.328,-0.362 -0.517,-0.517 -0.273,-0.303 -0.567,-0.586 -0.879,-0.848 -0.315,-0.176 -0.434,-0.431 -0.357,-0.764 0.079,-0.224 0.162,-0.446 0.251,-0.666 0.021,-0.054 0.042,-0.11 0.061,-0.167 0.013,0.14 0.033,0.276 0.065,0.404 0.414,-0.177 0.345,-1.07 0.538,-1.396 0.305,-0.514 0.824,-0.439 1.315,-0.182 0.507,0.265 0.509,0.643 0.535,1.134 0.037,0.725 0.431,1.061 1.091,1.246 0.38,0.138 0.722,0.095 1.026,-0.129 0.025,-0.167 0.055,-0.333 0.089,-0.498 0.02,-0.145 0.06,-0.285 0.117,-0.42 -0.115,-0.278 -0.283,-0.518 -0.506,-0.721 -0.462,-0.529 -1.488,-1.265 -1.304,-2.023 0.35,-0.022 1.069,0.09 1.401,-0.062 0.298,-0.137 0.364,-0.421 0.503,-0.735 0.232,-0.527 0.689,-1.378 0.224,-1.895 -0.518,-0.577 -1.656,-0.534 -1.967,-1.344 -0.354,-0.921 1.01,-1.562 1.747,-1.414 0.44,0.088 1.115,0.532 1.397,0.894 0.29,0.372 -0.032,0.808 0.09,1.234 0.147,0.514 0.415,1.143 0.89,1.405 0.383,0.212 0.772,0.501 1.18,0.325 0.432,-0.186 0.849,-0.395 1.321,-0.282 0.417,0.1 0.589,0.361 0.852,0.677 0.2,0.241 0.484,0.724 0.725,0.308 0.199,-0.343 0.047,-0.781 0.492,-0.934 0.483,-0.166 1.044,0.099 1.523,-0.072 0.425,-0.152 0.633,-0.535 0.725,-0.984 0.031,-0.148 0.098,-0.449 -0.013,-0.586 -0.119,-0.147 -0.635,-0.282 -0.827,-0.391 -0.364,-0.207 -0.743,-0.571 -1.152,-0.662 -1.03,1.041 -1.721,2.015 -3.39,1.859 -0.683,0.007 -1.229,-0.239 -1.64,-0.739 -0.022,-0.27 0.044,-0.517 0.198,-0.742 0.25,-0.671 0.05,-1.342 0.199,-1.998 0.215,-0.948 1.857,-0.489 2.427,-0.213 0.157,0.154 0.337,0.191 0.54,0.113 0.529,-0.086 1.054,-0.053 1.572,0.097 0.721,0.198 0.615,0.282 1.062,0.644 0.236,0.161 0.486,0.295 0.752,0.4 0.107,0.071 0.172,0.168 0.195,0.29 0.334,0.157 0.685,0.263 1.053,0.316 0.306,0.174 0.61,0.204 0.911,0.091 -0.09,-0.429 -0.057,-1.073 -0.309,-1.448 -0.077,-0.115 -0.362,-0.316 -0.49,-0.416 -0.48,-0.378 -1.106,-0.706 -1.322,-1.316 -0.699,0.5 -2.005,0.47 -2.724,0.032 -0.524,-0.319 -0.68,-0.628 -0.227,-1.001 0.398,-0.327 1.01,-0.414 1.507,-0.4 0.769,0.021 1.326,-0.013 2.016,-0.411 0.039,-0.293 -0.226,-0.535 -0.314,-0.8 -0.118,-0.358 -0.135,-0.62 0.082,-0.936 0.512,-0.749 1.607,-0.728 2.429,-0.739 0.083,-0.537 -0.168,-0.854 0.397,-1.223 0.507,-0.331 1.107,-0.688 1.234,-1.363 0.081,-0.429 -0.182,-1.095 -0.604,-1.272 -0.019,-0.103 0.013,-0.215 0.065,-0.33 0.069,0.023 0.136,0.052 0.213,0.057 0.196,-0.021 0.392,-0.041 0.588,-0.06 0.166,-0.001 0.331,10e-4 0.497,0.005 0.517,-0.014 1.13,-0.328 1.566,0.082 0.403,0.38 0.068,0.964 0.3,1.419 0.267,0.525 0.917,0.741 1.423,0.475 0.202,-0.106 0.633,-0.301 0.604,-0.578 -0.086,-0.151 -0.163,-0.306 -0.231,-0.466 -0.144,-0.419 -0.267,-0.844 -0.368,-1.276 -0.114,-0.413 -0.186,-0.97 -0.69,-1.081 -0.305,-0.067 -0.658,0.129 -0.921,-0.111 -0.105,-0.181 -0.205,-0.365 -0.299,-0.553 -0.116,-0.148 -0.165,-0.314 -0.148,-0.501 0.027,-0.337 0.33,-0.846 0.628,-1.022 0.58,-0.343 1.368,0.341 1.913,-0.225 -0.042,-0.13 -0.29,-0.319 -0.359,-0.394 -0.187,-0.201 -0.382,-0.407 -0.522,-0.645 -0.054,-0.092 -0.231,-0.504 -0.144,-0.658 0.046,-0.081 0.123,-0.085 0.206,-0.117 -0.439,-0.422 -0.515,-1.542 0.238,-1.648 0.158,-0.049 0.31,-0.028 0.456,0.061 0.159,0.28 0.257,0.582 0.295,0.904 0.104,0.347 0.283,0.834 0.635,1.026 0.3,0.163 0.722,-0.154 1.015,-0.244 0.584,-0.178 1.274,-0.033 1.796,-0.392 -0.057,-0.366 -0.216,-0.822 -0.493,-1.083 -0.257,-0.243 -0.677,-0.318 -0.844,-0.649 -0.192,-0.38 0.018,-0.736 0.326,-0.932 0.207,-0.132 0.654,-0.222 0.744,-0.499 0.109,-0.334 -0.208,-0.804 -0.435,-1.003 -0.354,-0.311 -1.017,-0.576 -1.5,-0.557 -0.308,0.012 -0.563,0.076 -0.711,0.375 -0.101,0.206 -0.093,0.418 -0.168,0.627 -0.283,0.795 -1.8,0.509 -2.383,0.38 -0.448,-0.099 -0.576,-0.283 -0.67,-0.718 -0.044,-0.205 -0.047,-0.295 -0.27,-0.157 -0.615,0.381 -1.491,1.101 -2.216,0.513 -0.141,-0.243 -0.242,-0.502 -0.303,-0.776 -0.049,-0.196 -0.146,-0.36 -0.29,-0.493 -0.154,-0.172 -0.438,-0.473 -0.693,-0.449 0.003,0.422 -0.094,0.702 -0.453,0.953 -0.386,0.271 -0.861,0.522 -1.344,0.611 1.729,-2.202 2.964,-4.431 3.68,-5.881 0.148,0.004 0.295,-0.012 0.447,-0.078 0.203,-0.089 0.351,-0.257 0.543,-0.363 0.138,-0.076 0.492,-0.205 0.659,-0.12 0.153,0.078 0.144,0.309 0.215,0.438 0.098,0.177 0.269,0.223 0.45,0.28 0.378,0.119 0.794,0.144 1.187,0.189 0.123,0.014 0.793,0.141 1.022,0.066 -0.053,-0.178 -0.126,-0.326 -0.175,-0.516 -0.103,-0.397 -0.155,-0.817 -0.294,-1.205 -0.152,-0.425 -0.359,-0.589 -0.769,-0.694 -0.316,-0.081 -0.651,-0.166 -0.975,-0.204 -0.295,-0.034 -0.693,0.089 -0.925,-0.125 -0.07,-0.065 -0.133,-0.18 -0.174,-0.265 -0.018,-0.038 0.006,-0.101 -0.015,-0.135 -0.093,-0.159 -0.284,-0.287 -0.405,-0.425 -0.163,-0.187 -0.253,-0.384 -0.333,-0.613 -0.139,-0.398 -0.359,-0.767 -0.496,-1.171 -0.125,-0.369 -0.101,-1.127 -0.632,-1.135 -0.158,-0.002 -0.935,0.282 -0.834,0.541 0.119,0.043 -0.471,0.045 -0.607,0.18 -0.174,0.173 -0.194,0.447 -0.03,0.604 0.095,0.07 0.193,0.133 0.295,0.19 0.032,0.097 0.025,0.19 -0.022,0.279 -0.061,0.325 -0.219,0.505 -0.5,0.673 -0.444,0.265 -1.121,0.632 -1.645,0.4 -1.049,-0.467 -0.614,-1.688 -1.037,-2.483 -0.285,0.189 -0.368,0.484 -0.585,0.722 -0.211,0.232 -0.651,0.158 -0.889,-0.013 -0.215,-0.154 -0.066,-0.61 -0.074,-0.797 0.047,-0.293 -0.032,-0.526 -0.236,-0.699 -0.089,-0.174 -0.234,-0.241 -0.436,-0.201 -0.152,0.262 -0.094,0.49 -0.098,0.788 -0.005,0.42 -0.316,0.641 -0.696,0.757 -0.461,0.14 -1.484,0.134 -1.776,-0.333 0,-0.167 -0.012,-0.333 -0.035,-0.499 0.016,-0.136 -0.036,-0.242 -0.155,-0.318 -0.215,-0.241 -0.508,-0.378 -0.785,-0.541 -0.389,-0.227 -0.304,-0.445 -0.317,-0.881 -0.011,-0.172 -0.022,-0.344 -0.033,-0.516 -0.065,-0.104 -0.13,-0.208 -0.195,-0.313 -0.285,-0.049 -0.479,0.074 -0.582,0.368 -0.062,0.155 -0.124,0.31 -0.186,0.465 -0.125,0.328 -0.063,0.386 -0.325,0.345 -0.164,-0.077 -0.338,-0.125 -0.522,-0.146 -0.22,-0.004 -0.441,-0.007 -0.661,-0.011 -0.342,0.006 -0.647,0.104 -0.914,0.295 -0.187,0.057 -0.302,0.182 -0.345,0.374 0.269,0.15 0.561,0.221 0.877,0.214 0.23,-0.007 0.43,0.057 0.6,0.19 -0.357,0.057 -0.762,0.028 -0.876,0.46 -0.115,0.438 0.231,0.885 0.43,1.241 0.28,0.005 0.558,-0.019 0.834,-0.073 0.463,-0.146 0.861,-0.067 1.192,0.236 -0.34,0.787 -0.883,1.678 -1.737,1.977 -0.336,0.118 -0.613,0.098 -0.774,-0.258 -0.15,0.026 -0.298,0.05 -0.446,0.072 0.031,-0.209 0.054,-0.414 -0.005,-0.583 0.05,-0.208 -0.051,-0.326 -0.303,-0.355 -0.177,-0.008 -0.341,0.03 -0.499,0.092 -0.026,-0.066 -0.051,-0.132 -0.093,-0.19 -0.089,-0.124 -0.205,-0.209 -0.331,-0.277 -0.123,-0.164 -0.293,-0.231 -0.513,-0.192 -0.004,0.007 -0.006,0.014 -0.01,0.021 -0.057,-0.01 -0.113,-0.022 -0.17,-0.029 0,-0.001 0,-0.002 0,-0.003 -0.078,-0.031 -0.157,-0.033 -0.236,-0.022 -0.02,-0.002 -0.041,-0.005 -0.061,-0.006 -0.26,-0.022 -0.704,-0.011 -0.81,-0.31 0,-0.001 0,-0.002 0,-0.003 0.093,-0.208 0.187,-0.416 0.28,-0.624 0.202,-0.577 0.317,-1.218 0.339,-1.826 0.024,-0.656 -0.05,-1.22 0.251,-1.824 0.156,-0.314 0.304,-0.622 0.284,-0.986 -0.026,-0.473 -0.536,-0.797 -0.899,-0.994 0.162,-0.331 0.408,-0.638 0.603,-0.949 0.297,0.098 0.348,0.55 0.442,0.808 0.197,0.54 0.302,1.42 0.754,1.783 0.592,0.475 1.287,-0.298 1.751,-0.626 0.099,0.2 -0.045,0.392 0.117,0.577 0.507,-0.059 0.625,-0.474 0.746,-0.926 0.119,-0.443 0.171,-0.853 0.035,-1.298 0.517,0.011 1.248,0.566 1.613,0.925 0.285,-0.103 0.553,-0.666 0.644,-0.898 0.046,-0.118 0.062,-0.455 0.206,-0.478 0.49,0.604 0.934,1.303 1.609,1.725 0.629,0.393 1.658,0.64 2.372,0.269 0.492,-0.255 1.17,-0.909 0.71,-1.528 -0.228,-0.306 -0.444,-0.305 -0.794,-0.362 0.042,-0.309 0.478,-0.663 0.738,-0.803 0.41,-0.22 0.829,-0.063 1.257,0.001 0.241,0.037 0.945,0.157 0.974,-0.3 0.007,-0.111 -0.149,-0.222 -0.238,-0.336 0.48,-0.042 1.11,-0.072 1.373,-0.529 0.358,-0.622 -0.035,-1.187 -0.056,-1.828 -0.014,-0.42 0.475,-0.73 0.732,-1.015 0.461,-0.512 1.163,-1.509 1.088,-2.253 -0.139,-1.375 -1.556,-2.18 -1.588,-3.575 -0.008,-0.358 0.081,-0.731 -0.061,-1.078 -0.224,-0.547 -1.085,-0.407 -1.466,-0.213 -0.174,0.11 -0.348,0.22 -0.522,0.33 -0.145,0.251 -0.347,0.327 -0.605,0.227 -0.168,-0.21 -0.336,-0.421 -0.504,-0.632 -0.31,-0.624 -0.52,-1.277 -0.628,-1.96 -0.163,-0.776 -0.142,-2.597 -1.311,-2.702 -0.978,-0.088 -2.006,2.469 -1.106,2.529 -0.222,0.142 -0.455,-0.08 -0.612,-0.201 -0.183,-0.123 -0.345,-0.27 -0.485,-0.44 -0.167,-0.249 -0.402,-0.39 -0.707,-0.426 -0.337,0.242 -0.485,0.574 -0.442,0.998 0.127,0.2 0.128,0.37 10e-4,0.51 -0.271,-0.166 -0.5,-0.379 -0.688,-0.639 -0.158,-0.325 -0.409,-0.465 -0.751,-0.42 -0.371,0.247 -0.686,0.553 -0.943,0.919 -0.152,0.356 -0.385,0.494 -0.701,0.414 -0.279,-0.824 -0.572,-1.437 -1.472,-1.663 0.321,-0.205 0.763,-0.282 1.124,-0.397 0.301,-0.075 0.589,-0.184 0.864,-0.327 0.331,-0.058 0.541,-0.249 0.63,-0.575 -0.181,-0.298 -0.441,-0.45 -0.78,-0.457 -0.425,-0.155 -0.855,-0.136 -1.291,0.058 -0.604,0.284 -1.065,0.788 -1.549,1.228 -0.358,0.326 -0.549,0.176 -0.867,-0.227 -0.379,-0.481 -0.653,-1.057 -0.923,-1.603 -0.366,0.147 -0.687,0.394 -1.002,0.629 -0.752,0.562 -1.58,1.235 -2.147,1.977 -0.204,0.13 -0.24,0.288 -0.109,0.475 0.031,0.235 0.161,0.404 0.391,0.507 0.199,0.181 0.405,0.352 0.619,0.514 0.278,0.112 0.402,0.317 0.374,0.614 -0.364,0.305 -0.73,0.286 -1.099,-0.056 -0.151,-0.3 -0.303,-0.601 -0.454,-0.901 -0.128,-0.749 -0.362,-1.464 -0.7,-2.144 -0.285,-0.4 -0.651,-0.673 -1.1,-0.818 -0.623,-0.269 -1.07,-0.403 -1.613,0.072 -0.134,0.117 -0.28,0.28 -0.405,0.458 -0.017,-0.055 -0.015,-0.109 -0.045,-0.163 -0.204,0.009 -0.392,0.056 -0.567,0.131 -0.1,-0.222 -0.199,-0.446 -0.288,-0.675 -0.035,-0.086 -0.066,-0.174 -0.099,-0.26 0.397,0.068 0.781,-0.107 1.109,-0.419 0.488,-0.465 0.633,-0.945 0.316,-1.577 -0.181,-0.352 -0.445,-0.623 -0.792,-0.812 -0.198,-0.061 -0.36,-0.168 -0.488,-0.321 0.586,-0.457 1.331,-0.665 1.983,-1.009 0.28,-0.148 0.414,-0.342 0.547,-0.618 0.093,-0.192 0.194,-0.32 0.325,-0.488 0.103,-0.132 0.148,-0.193 0.151,-0.364 0.003,-0.153 -0.139,-0.311 -0.039,-0.454 0.105,-0.15 0.596,-0.182 0.75,-0.21 0.396,-0.074 0.739,-0.049 1.045,-0.316 -0.018,-0.278 -0.178,-0.456 -0.48,-0.535 -0.493,-0.21 -1.003,-0.367 -1.528,-0.473 -0.193,-0.001 -0.385,-0.002 -0.578,-0.003 -0.342,0.113 -0.641,0.296 -0.897,0.548 -0.272,0.192 -0.951,0.591 -1.333,0.396 -0.508,-0.259 0.122,-1.244 0.254,-1.607 0.146,-0.367 0.26,-0.745 0.341,-1.133 0.08,-0.343 0.176,-0.682 0.287,-1.017 0.011,-0.194 0.022,-0.388 0.033,-0.582 -0.171,-0.513 -0.521,-0.847 -1.05,-1.002 -0.425,-0.154 -1.148,-0.279 -1.441,0.192 -0.052,0.242 -0.048,0.485 0.011,0.727 0.088,0.214 0.074,0.416 -0.041,0.605 -0.263,0.028 -0.892,0.063 -1.072,-0.217 -0.168,-0.262 -0.109,-0.623 -0.057,-0.907 0.046,-0.252 0.473,-0.954 0.226,-1.24 -0.231,-0.267 -0.584,-0.246 -0.899,-0.19 -0.325,0.058 -0.699,0.056 -1.013,0.138 -0.407,0.107 -0.603,0.338 -0.739,0.737 -0.257,0.755 -0.146,1.815 -0.985,2.247 -0.111,-0.358 -0.206,-0.732 -0.294,-1.097 -0.102,-0.421 0.088,-0.714 0.164,-1.115 -0.184,-0.166 -0.403,-0.24 -0.658,-0.222 -0.181,0.069 -0.296,0.036 -0.344,-0.1 0.002,-0.218 0.225,-0.229 -0.1,-0.385 -0.126,-0.016 -0.225,-0.072 -0.298,-0.166 -0.08,-0.09 -0.171,-0.165 -0.275,-0.228 -0.429,-0.217 -1.04,-0.029 -1.358,0.286 -0.019,-0.174 -0.019,-0.21 -0.165,-0.327 -0.267,-0.213 -0.724,-0.286 -1.035,-0.094 -0.103,0.124 -0.206,0.247 -0.31,0.371 -0.123,0.269 -0.25,0.536 -0.38,0.802 -0.175,0.361 -0.355,0.875 -0.706,1.111 -0.244,0.164 -0.61,0.085 -0.806,0.311 -0.228,0.262 -0.104,0.579 -0.099,0.915 0.005,0.364 -0.082,0.639 -0.217,0.978 -0.145,0.364 -0.197,0.781 -0.176,1.171 0.012,0.213 0.078,0.446 0.069,0.659 -0.017,0.388 -0.362,0.626 -0.491,0.971 -0.109,0.294 -0.124,0.566 -0.124,0.875 10e-4,0.315 0.003,0.503 -0.209,0.737 -0.109,0.136 -0.24,0.249 -0.393,0.338 -0.058,0.044 -0.115,0.087 -0.173,0.131 -0.151,0.015 -0.366,-0.293 -0.46,-0.382 -0.266,-0.25 -0.494,-0.46 -0.382,-0.844 0.082,-0.279 0.357,-0.537 0.523,-0.763 -0.113,-0.113 -0.302,-0.113 -0.451,-0.132 -0.376,-0.047 -0.769,0.033 -1.144,0.065 -0.144,0.012 -0.323,0.055 -0.462,0.001 -0.206,-0.08 -0.371,-0.422 -0.539,-0.546 -0.159,-0.092 -0.319,-0.185 -0.478,-0.278 -0.123,-0.076 -0.246,-0.151 -0.37,-0.227 -0.11,-0.206 0.02,-0.525 0.121,-0.703 0.463,-0.81 1.665,-0.79 2.456,-1.074 0.041,-0.363 -0.146,-0.73 -0.097,-1.098 0.064,-0.478 0.541,-0.357 0.876,-0.493 0.422,-0.171 0.793,-0.636 0.857,-1.077 0.024,-0.167 -0.017,-0.327 0.044,-0.487 0.091,-0.237 0.374,-0.394 0.575,-0.53 0.306,-0.207 0.634,-0.387 0.912,-0.629 0.254,-0.221 0.452,-0.496 0.669,-0.753 0.253,-0.298 1.25,-1.325 0.569,-1.623 -0.642,-0.281 -1.344,0.005 -1.639,0.628 -0.066,0.139 -0.113,0.43 -0.23,0.525 -0.131,0.108 -0.531,0.105 -0.659,0.068 -0.58,-0.163 -0.666,-0.726 -0.62,-1.258 0.021,-0.239 0.123,-0.515 0.101,-0.755 -0.019,-0.214 -0.169,-0.243 -0.358,-0.264 -0.514,-0.057 -1.04,0.056 -1.553,-0.012 -0.285,-0.038 -0.434,-0.269 -0.632,-0.46 -0.225,-0.217 -0.176,-0.556 -0.405,-0.771 -0.172,-0.162 -0.448,-0.183 -0.642,-0.342 -0.086,-0.071 -0.212,-0.156 -0.235,-0.27 -0.033,-0.166 0.173,-0.33 0.281,-0.431 0.5,-0.468 1.127,-0.818 1.728,-1.142 -0.228,-0.228 -0.494,-0.285 -0.646,-0.599 -0.116,-0.239 -0.138,-0.352 -0.408,-0.44 -0.176,-0.057 -0.294,-0.075 -0.446,-0.188 -0.17,-0.127 -0.352,-0.31 -0.484,-0.481 -0.072,-0.168 -0.159,-0.328 -0.259,-0.48 -0.071,-0.174 -0.199,-0.291 -0.385,-0.352 -0.003,-0.002 -0.007,-0.003 -0.01,-0.005 0.03,-0.044 0.056,-0.087 0.096,-0.135 0.476,-0.565 1.052,-1.192 0.965,-2.025 -0.056,-0.53 -0.596,-1.216 -1.152,-1.274 -0.274,-0.54 0.528,-1.631 0.513,-2.21 -0.241,0.039 -0.43,0.168 -0.569,0.388 -0.425,0.458 -0.948,0.764 -1.566,0.918 -0.684,0.246 -3.498,1.095 -3.511,-0.473 -0.009,-1.066 1.511,-0.832 1.758,-1.75 -0.003,-0.237 -0.046,-0.467 -0.131,-0.691 -0.075,-0.43 -0.083,-0.861 -0.027,-1.294 0.129,-0.511 0.492,-0.663 0.899,-0.961 0.747,-0.55 1.392,-0.792 1.283,-1.82 -0.04,-0.38 -0.314,-1.686 -1.004,-1.328 -0.049,0.352 0.026,0.695 10e-4,1.043 -0.033,0.467 -0.083,0.484 -0.564,0.616 -0.319,0.088 -1.331,0.1 -1.327,0.638 0.143,0.235 0.273,0.476 0.39,0.725 0.22,0.305 0.246,0.645 0.079,1.02 -0.281,0.211 -0.562,0.421 -0.843,0.632 -0.852,0.351 -1.733,0.465 -2.643,0.345 -0.526,-0.153 -1.185,-0.356 -1.099,-0.998 0.122,-0.908 1.765,-0.935 1.602,-2.015 -0.116,-0.135 -0.194,-0.29 -0.233,-0.464 -0.134,-0.338 -0.221,-0.69 -0.258,-1.056 -0.128,-0.617 -0.24,-1.317 -0.613,-1.851 -0.191,-0.274 -0.452,-0.453 -0.743,-0.589 -0.014,-0.304 -0.175,-0.632 -0.358,-0.794 -0.156,-0.109 -0.312,-0.218 -0.469,-0.327 -0.242,-0.164 -0.278,-0.351 -0.108,-0.562 0.212,-0.527 0.734,-1.027 1.312,-1.134 0.558,-0.103 1.133,0.008 1.692,-0.022 0.684,-0.037 1.002,-0.619 1.179,-1.191 0.24,0.016 0.883,0.252 1.003,-0.017 -0.01,-0.085 -0.019,-0.171 -0.029,-0.256 -0.004,-0.216 0.032,-0.425 0.108,-0.625 0.058,-0.193 0.119,-0.399 0.236,-0.567 0.101,-0.146 0.215,-0.23 0.371,-0.312 0.118,-0.062 0.318,-0.086 0.384,-0.189 0.17,-0.267 -0.231,-0.971 0.358,-1.042 0.212,-0.025 0.398,0.208 0.571,0.279 0.268,0.111 0.654,0.177 0.931,0.05 0.42,-0.192 0.167,-0.88 0.361,-1.235 0.274,-0.503 0.782,-0.797 0.546,-1.423 -0.312,-0.83 -1.574,-0.652 -2.166,-0.25 -0.052,-0.099 0,-0.244 0.004,-0.35 0.015,-0.469 0.01,-1.016 -0.108,-1.47 -0.086,-0.333 -0.209,-0.613 -0.473,-0.836 -0.237,-0.201 -0.368,-0.408 -0.541,-0.675 -0.188,-0.291 -0.43,-0.459 -0.744,-0.595 -0.133,-0.058 -0.339,-0.084 -0.442,-0.195 -0.121,-0.131 -0.093,-0.299 -0.094,-0.471 -0.002,-0.366 0.05,-0.645 -0.041,-1.007 -0.316,0.051 -0.547,0.221 -0.691,0.508 -0.293,0.295 -0.498,0.645 -0.618,1.049 -0.095,0.357 -0.154,0.602 -0.434,0.873 -0.28,0.271 -0.685,0.538 -1.096,0.332 -0.281,-0.141 -0.57,-0.408 -0.604,-0.735 -0.331,0.353 -0.633,0.774 -1.036,1.054 -0.439,0.304 -1.218,0.352 -1.52,-0.133 -0.276,-0.443 -0.345,-1.379 0.061,-1.748 0.501,-0.455 1.468,-0.372 2.12,-0.483 0.009,-0.215 -0.079,-0.741 0.079,-0.907 0.151,-0.159 0.72,-0.225 0.891,-0.303 0.336,-0.153 0.625,-0.368 0.868,-0.645 0.104,-0.15 0.151,-0.313 0.14,-0.488 -0.01,-0.148 0.024,-0.287 0.102,-0.418 0.225,-0.176 0.476,-0.195 0.752,-0.059 0.452,0.144 0.914,0.229 1.387,0.254 0.105,-0.018 0.211,-0.037 0.316,-0.055 0.113,-0.264 0.184,-0.54 0.211,-0.829 0.105,-0.396 0.144,-0.797 0.114,-1.204 -0.152,-0.787 -0.672,-1.288 -1.487,-1.449 -0.5,-0.081 -0.984,-0.035 -1.452,0.137 -0.077,0.069 -0.163,0.122 -0.258,0.159 -0.129,-0.299 -0.301,-0.555 -0.533,-0.791 -0.259,-0.264 -0.655,-0.445 -0.693,-0.867 0.067,-0.2 0.134,-0.4 0.201,-0.6 0.209,-0.286 0.285,-0.593 0.226,-0.922 -0.024,-0.489 -0.322,-0.831 -0.723,-1.094 -0.246,-0.162 -0.57,-0.41 -0.883,-0.376 -0.376,0.041 -0.588,0.444 -0.74,0.757 -0.2,0.412 -0.159,0.725 -0.245,1.153 0.036,0.138 0.001,0.254 -0.106,0.348 -0.122,0.222 -0.315,0.37 -0.579,0.443 -0.345,0.185 -0.798,0.327 -1.088,0.601 -0.276,0.26 -0.346,0.565 -0.397,0.926 -0.057,0.406 -0.038,0.829 -0.156,1.227 -0.091,0.309 -0.242,0.404 -0.527,0.531 -0.46,0.203 -0.948,0.292 -1.374,0.583 -0.408,0.279 -0.582,0.744 -0.996,1.004 -0.39,0.245 -0.835,0.283 -1.288,0.315 -0.298,0.036 -0.596,0.041 -0.896,0.018 -0.366,0.07 -0.676,-0.038 -0.929,-0.324 0.061,-0.742 0.155,-1.515 1.057,-1.503 0.564,0.008 1.165,0.294 1.7,0.104 0.068,-0.287 -0.007,-0.541 -0.227,-0.763 -0.259,-0.214 -0.395,-0.484 -0.409,-0.809 0.252,-0.274 0.545,-0.497 0.877,-0.671 0.418,-0.261 0.709,-0.619 0.872,-1.076 -0.148,-0.231 -0.354,-0.357 -0.618,-0.377 -0.216,-0.05 -0.429,-0.115 -0.636,-0.194 0.204,-0.252 0.891,-0.166 1.205,-0.201 0.318,0.004 0.619,-0.064 0.904,-0.205 0.358,-0.056 0.621,-0.249 0.79,-0.58 -0.083,-0.481 -0.359,-0.832 -0.827,-1.053 -0.22,-0.274 -0.44,-0.548 -0.66,-0.822 -0.268,-0.619 -0.199,-1.192 0.207,-1.72 0.191,-0.181 0.381,-0.362 0.572,-0.543 0.386,-0.21 0.582,-0.516 0.59,-0.919 0.168,-0.42 0.028,-0.773 -0.422,-1.058 -0.392,-0.322 -1.755,-0.659 -2.217,-0.162 -0.365,0.393 -0.151,1.097 -0.432,1.537 -0.291,0.455 -0.655,0.388 -1.107,0.49 -0.549,0.124 -0.718,0.418 -0.673,0.955 0.045,0.541 0.049,0.518 -0.543,0.615 -0.395,0.065 -0.828,0.069 -1.19,0.256 -0.181,0.116 -0.362,0.231 -0.542,0.347 -0.3,0.225 -0.599,0.451 -0.899,0.676 -0.285,0.101 -0.618,-0.031 -0.892,-0.091 -0.411,-0.09 -0.827,-0.128 -1.239,-0.219 -0.215,-0.049 -0.43,-0.097 -0.645,-0.146 -0.354,0.081 -0.56,-0.023 -0.617,-0.311 0.122,-0.166 0.245,-0.333 0.366,-0.499 0.285,-0.324 0.608,-0.602 0.969,-0.832 0.21,-0.155 0.428,-0.298 0.654,-0.428 0.189,-0.159 0.217,-0.334 0.083,-0.524 -0.209,-0.601 -0.9,-0.818 -1.488,-0.812 0.145,-0.419 0.295,-0.806 0.371,-1.244 -0.779,-0.524 -1.722,-0.547 -2.402,0.159 -0.24,0.249 -0.849,1.448 -1.409,1.044 -0.02,-0.589 -0.021,-1.366 -0.681,-1.584 0.013,-0.194 0.085,-0.405 0.071,-0.596 -0.084,-0.213 -0.167,-0.425 -0.251,-0.638 -0.312,-0.408 -0.706,-0.598 -1.185,-0.57 -0.34,-0.149 -0.609,-0.068 -0.808,0.242 -0.319,0.151 -0.47,0.406 -0.453,0.762 -0.108,0.267 -0.138,0.541 -0.091,0.822 0.043,0.222 0.027,0.438 -0.049,0.65 -2.011,0.313 -1.12,-3.303 -1.409,-4.292 -0.035,-0.342 -0.203,-0.559 -0.504,-0.65 -0.33,-0.23 -0.707,-0.286 -1.129,-0.168 -1.498,0.372 -0.585,1.764 -0.098,2.584 -0.522,0.315 -1.347,0.482 -1.863,0.049 -0.673,-0.565 -0.192,-1.67 -1.003,-2.027 -0.276,-0.024 -0.466,-0.166 -0.572,-0.427 -0.144,-0.329 -0.391,-0.517 -0.741,-0.565 -0.378,0.169 -0.575,0.468 -0.589,0.897 0.063,0.456 0.296,0.8 0.698,1.031 0.464,0.526 0.165,0.593 0.016,1.129 -0.079,0.285 -0.129,0.882 -0.014,1.138 0.453,0.438 1,0.699 1.642,0.783 0.545,-0.025 0.954,0.168 1.227,0.577 -0.164,0.384 -0.19,0.781 -0.079,1.19 0.207,0.327 0.378,0.671 0.512,1.033 -0.332,0.417 -0.775,0.662 -1.328,0.735 -0.643,0.109 -1.261,0.295 -1.857,0.556 -0.146,0.324 -0.099,0.603 0.141,0.839 0.138,0.256 0.313,0.484 0.523,0.687 -0.419,0.532 -1.275,0.652 -1.084,1.492 0.197,0.293 0.245,0.61 0.146,0.949 -0.094,0.291 -0.277,0.497 -0.548,0.617 -0.952,-0.497 -1.051,-1.811 -1.581,-2.654 -0.255,-0.406 -0.53,-0.772 -0.879,-1.101 -0.227,-0.214 -0.583,-0.542 -0.938,-0.484 -0.005,-0.337 0.106,-0.657 0.129,-0.988 0.029,-0.418 -0.009,-0.642 -0.459,-0.696 -0.341,-0.043 -0.682,-0.078 -1.025,-0.108 -0.236,-0.129 -0.464,-0.143 -0.687,-0.039 -0.135,0.251 -0.155,0.515 -0.06,0.792 0.187,0.162 0.229,0.324 0.125,0.485 -0.51,-0.197 -1.02,-0.478 -1.547,-0.62 -0.348,-0.094 -0.777,-0.067 -1.093,-0.221 -0.337,-0.164 -0.581,-0.533 -0.906,-0.751 -0.327,-0.219 -0.927,-0.453 -1.328,-0.442 -0.458,0.012 -0.735,0.114 -0.951,0.535 -0.131,0.255 -0.099,0.561 -0.208,0.815 -0.121,0.283 -0.378,0.353 -0.624,0.565 -0.259,0.223 -0.548,0.466 -0.756,0.737 -0.232,0.303 -0.132,0.658 -0.326,1.012 -0.023,0.043 -0.063,0.076 -0.089,0.118 -0.468,-0.319 -0.979,-0.636 -1.188,-1.177 -0.724,0.549 -2.103,0.558 -2.876,0.117 -0.563,-0.321 -0.737,-0.642 -0.27,-1.05 0.41,-0.358 1.054,-0.468 1.579,-0.469 0.812,-0.002 1.4,-0.054 2.117,-0.495 0.032,-0.31 -0.255,-0.558 -0.355,-0.835 -0.136,-0.374 -0.161,-0.65 0.058,-0.991 0.518,-0.806 1.676,-0.817 2.543,-0.854 0.072,-0.569 -0.203,-0.896 0.382,-1.303 0.526,-0.365 1.148,-0.761 1.262,-1.477 0.073,-0.456 -0.225,-1.15 -0.677,-1.325 -0.108,-0.513 0.808,-1.245 0.926,-1.732 -0.21,-0.021 -0.398,0.044 -0.563,0.196 -0.459,0.287 -0.964,0.426 -1.516,0.416 -0.627,0.052 -3.171,0.13 -2.83,-1.184 0.232,-0.894 1.451,-0.356 1.864,-1.068 0.051,-0.199 0.066,-0.401 0.046,-0.607 0.034,-0.376 0.124,-0.739 0.269,-1.088 0.223,-0.399 0.561,-0.443 0.967,-0.602 0.748,-0.292 1.342,-0.349 1.482,-1.234 0.052,-0.327 0.116,-1.48 -0.541,-1.336 -0.12,0.283 -0.135,0.587 -0.233,0.872 -0.132,0.383 -0.178,0.386 -0.61,0.388 -0.286,0.002 -1.135,-0.216 -1.253,0.235 0.067,0.229 0.121,0.46 0.164,0.694 0.116,0.304 0.061,0.594 -0.164,0.871 -0.282,0.113 -0.565,0.226 -0.847,0.339 -0.791,0.102 -1.554,0 -2.288,-0.306 -0.406,-0.246 -0.911,-0.564 -0.695,-1.081 0.306,-0.732 1.686,-0.385 1.792,-1.325 -0.067,-0.139 -0.097,-0.286 -0.091,-0.441 -0.036,-0.313 -0.029,-0.627 0.022,-0.941 0.032,-0.545 0.095,-1.155 -0.096,-1.686 -0.358,-0.992 -1.725,-1.165 -2.294,-1.984 -0.28,-0.403 -0.319,-0.718 -0.187,-1.193 0.212,-0.464 0.395,-0.939 0.552,-1.424 -0.009,-0.148 -0.018,-0.297 -0.027,-0.445 -0.245,-0.278 -1.011,0.179 -1.19,0.252 -0.208,0.084 -1.048,0.567 -1.359,0.39 0.002,-0.348 0.146,-0.691 0.114,-1.035 -0.418,-0.173 -1.292,0.117 -1.702,0.202 -0.009,0.712 0.782,1.65 0.078,2.271 -0.712,0.629 -2.462,-0.221 -3.136,-0.592 -0.374,-0.205 -0.384,-0.346 -0.071,-0.583 0.676,-0.512 1.252,-0.739 1.735,-1.524 0.22,-0.358 1.034,-2.154 0.034,-2.274 -0.442,-0.053 -0.686,0.395 -0.805,0.72 -0.203,0.552 -0.345,0.671 -0.79,1.038 -0.804,0.662 -1.577,1.808 -2.679,1.863 -0.418,-0.336 0.594,-1.637 0.738,-1.981 0.164,-0.393 0.436,-2.29 -0.474,-2.27 -0.242,0.361 -0.391,1.51 -1.032,1.138 -0.712,-0.414 -0.137,-2.017 0.012,-2.565 -0.294,-0.236 -0.884,0.149 -1.142,0.286 -0.463,0.246 -0.914,0.556 -1.226,0.985 -0.309,0.425 -0.246,0.854 -0.323,1.37 -0.045,0.302 -0.064,0.521 0.035,0.798 0.078,0.22 0.195,0.321 0.201,0.567 0.014,0.664 -0.496,1.186 -1.125,1.223 -0.748,0.044 -1.312,-0.341 -1.457,-1.087 -0.08,-0.409 0.21,-1.019 0.038,-1.413 -0.092,-0.21 -0.344,-0.285 -0.477,-0.45 -0.207,-0.254 -0.127,-0.544 -0.066,-0.836 0.181,-0.864 0.455,-1.994 0.136,-2.869 -0.218,-0.6 -1.193,-0.765 -1.665,-0.376 0.553,0.634 1.333,1.175 0.452,1.959 -0.616,0.548 -1.828,0.946 -1.211,1.948 0.264,0.429 1.334,1.202 0.604,1.619 -0.323,0.185 -1.939,0.634 -1.802,1.216 0.514,0.26 1.003,0.584 1.558,0.752 0.314,0.095 0.607,0.084 0.934,0.12 0.656,0.072 0.964,0.23 1.34,0.766 0.438,0.624 0.11,1.057 -0.45,1.506 -0.509,0.409 -0.985,0.369 -1.577,0.506 -0.156,-0.067 -0.257,-0.03 -0.302,0.112 -0.096,0.199 -0.238,0.359 -0.427,0.481 -0.405,0.283 -0.813,0.564 -1.222,0.842 -0.252,0.265 -0.545,0.363 -0.877,0.293 -0.436,-0.21 -0.398,-1.002 -0.566,-1.375 -0.665,0.074 -1.437,0.05 -2.001,-0.371 -0.533,-0.398 -0.468,-0.946 -0.765,-1.45 -0.667,0.162 -1.646,0.509 -1.743,1.306 0.156,0.173 0.672,0.192 0.851,0.277 0.356,0.168 0.672,0.412 0.974,0.662 0.535,0.444 0.551,0.629 0.131,1.144 -0.24,0.293 -0.465,0.508 -0.777,0.718 -0.349,0.236 -0.719,0.426 -0.81,0.88 -0.062,0.309 0.032,0.855 0.279,1.059 0.454,-0.728 1.712,-0.119 2.272,0.142 0.555,0.259 2.468,0.958 1.736,1.821 -0.67,-0.136 -1.154,-0.631 -1.82,-0.787 -0.539,-0.126 -0.426,0.137 -0.808,0.419 -0.451,0.333 -1.869,1.014 -2.399,0.531 -0.318,-0.29 -0.067,-0.672 -0.236,-0.962 -0.399,0.288 -0.91,0.47 -1.353,0.688 -0.26,0.128 -0.922,0.563 -1.267,0.294 -0.658,-0.515 0.02,-1.627 -0.63,-2.161 -0.553,-0.455 -0.983,-0.764 -1.33,-0.024 -0.214,0.456 -0.48,3.192 -1.549,1.997 -0.467,-0.523 -0.246,-1.757 0.315,-2.135 0.489,-0.329 1.874,-1.553 1.327,-2.21 -0.202,-0.243 -0.55,-0.194 -0.817,-0.104 -0.668,0.223 -1.343,0.738 -1.953,1.104 -0.549,0.329 -0.66,0.382 -0.524,0.95 0.113,0.474 0.104,0.847 -0.082,1.29 -0.317,0.082 -0.565,-0.068 -0.904,0.119 -0.219,0.121 -0.331,0.345 -0.533,0.434 -0.421,0.186 -1.012,-0.154 -1.428,-0.113 -0.385,0.038 -0.647,0.934 -0.781,1.237 0.073,0.115 1.193,0.234 1.387,0.306 0.618,0.23 1.04,0.771 1.018,1.469 -0.008,0.234 -0.112,0.788 -0.458,0.673 -0.2,-0.441 0.006,-0.794 -0.554,-0.951 -0.454,-0.127 -1.019,-0.123 -1.463,0.045 0.26,0.256 0.87,0.66 0.596,1.081 -0.758,0.106 -2.754,0.532 -2.802,-0.716 -0.011,-0.292 0.023,-0.544 -0.005,-0.84 -0.028,-0.291 0.044,-0.521 0.126,-0.803 0.163,-0.559 0.865,-2.313 -0.258,-2.415 -0.6,-0.055 -0.396,0.777 -0.474,1.171 -0.101,0.515 -0.241,0.748 -0.707,0.826 -0.458,0.077 -1.531,0.268 -1.805,0.622 -0.481,0.621 0.779,1.38 0.392,1.936 -0.386,0.553 -1.428,-0.184 -1.92,-0.372 -0.529,-0.458 -1.112,-0.875 -1.539,-1.414 -0.253,-0.245 -0.38,-0.542 -0.38,-0.89 0.03,-0.271 -0.041,-0.512 -0.213,-0.723 -0.309,-0.291 -0.675,-0.409 -1.1,-0.352 -0.189,0.222 -0.363,0.25 -0.522,0.084 -0.097,-0.518 -0.273,-1.008 -0.528,-1.471 -0.166,-0.33 -0.418,-0.519 -0.755,-0.569 -0.01,-0.595 0.187,-1.176 0.312,-1.756 0.089,-0.334 0.15,-0.673 0.183,-1.018 0.139,-0.264 0.102,-0.481 -0.111,-0.649 -0.176,-0.322 -0.475,-0.445 -0.899,-0.368 -0.243,0.046 -0.486,0.091 -0.729,0.137 -0.193,0.188 -0.387,0.377 -0.581,0.566 -0.192,0.351 -0.382,0.702 -0.57,1.056 -0.227,0.425 -0.47,0.759 -0.935,0.91 -0.349,0.191 -0.689,0.129 -1.018,-0.185 -0.17,-0.198 -0.34,-0.396 -0.511,-0.594 -0.212,-0.364 -0.32,-0.841 -0.202,-1.254 0.109,-0.382 0.647,-0.653 0.891,-0.953 -0.016,-0.155 -0.136,-0.228 -0.272,-0.269 0.341,-0.094 0.717,-0.644 0.81,-0.847 -0.387,-0.329 -0.828,-0.446 -1.279,-0.658 -0.232,-0.109 -0.644,-0.454 -0.867,-0.118 0.007,0.03 0.018,0.069 0.06,0.185 -0.026,-0.018 -0.053,-0.049 -0.077,-0.064 -0.566,-0.343 -0.969,-0.641 -1.271,-1.297 -0.261,-0.566 0.258,-0.864 0.609,-1.191 0.321,-0.299 -0.238,-0.953 -0.46,-1.17 -0.173,-0.17 -0.422,-0.281 -0.562,-0.482 -0.15,-0.216 -0.116,-0.489 -0.088,-0.734 0.032,-0.276 0.07,-0.494 0.377,-0.551 0.223,-0.041 0.525,-0.036 0.729,0.054 0.387,0.172 0.754,0.824 0.98,0.148 0.22,-0.658 0.045,-1.728 -0.439,-2.24 -0.326,-0.345 -0.789,-0.538 -1.256,-0.351 -0.267,0.107 -0.387,0.133 -0.656,-0.032 -0.121,-0.074 -0.261,-0.231 -0.412,-0.193 -0.306,0.077 -0.184,0.53 -0.248,0.744 -0.111,0.369 -0.358,0.735 -0.757,0.564 -0.287,-0.123 -0.691,-0.542 -0.947,-0.169 -0.23,0.335 -0.235,0.605 -0.709,0.503 -0.366,-0.079 -0.713,-0.3 -1.017,-0.506 -0.142,-0.096 -0.278,-0.249 -0.448,-0.289 -0.245,0.475 -0.007,1.192 0.244,1.614 0.267,0.448 0.408,0.433 0.877,0.516 0.165,0.029 0.56,0.025 0.685,0.126 0.299,0.243 0.029,0.838 0.175,1.147 0.199,0.046 0.395,-0.088 0.593,-0.09 0.264,-0.002 0.3,0.093 0.454,0.351 0.199,0.335 0.354,0.721 0.417,1.106 0.056,0.342 0.072,0.667 0.203,0.993 0.099,-0.069 0.059,-0.214 0.097,-0.329 0.411,-0.12 0.686,0.508 0.764,0.804 0.134,0.511 -0.143,1.341 -0.515,1.707 -0.357,0.351 -0.581,0.058 -0.99,-0.029 -0.251,-0.053 -0.265,-0.022 -0.433,0.183 -0.066,0.081 -0.03,0.106 -0.128,0.133 -0.226,0.064 -0.592,-0.194 -0.754,-0.309 -0.453,-0.321 -0.817,-0.765 -1.145,-1.211 -0.178,-0.242 -0.315,-0.37 -0.62,-0.458 -0.183,-0.052 -0.47,-0.027 -0.635,-0.127 -0.168,-0.102 -0.388,-0.547 -0.303,-0.74 0.156,-0.357 0.775,-0.019 1.03,0.055 0.362,0.105 0.388,-0.113 0.327,-0.429 -0.09,-0.464 -0.512,-0.894 -0.971,-0.996 -0.205,-0.046 -0.33,-0.056 -0.493,0.096 -0.059,0.055 -0.088,0.168 -0.15,0.213 -0.153,0.111 -0.184,0.062 -0.334,-0.065 -0.664,-0.564 -1.256,-0.198 -1.939,0.161 -0.362,-0.16 -0.103,-1.007 0.045,-1.216 0.16,-0.225 0.388,-0.385 0.407,-0.682 0.02,-0.307 -0.161,-0.559 -0.314,-0.818 -0.319,-0.542 -0.898,-1.189 -1.58,-1.189 -0.866,0.001 -0.632,1.109 -0.47,1.649 -0.367,0.267 -1.037,0.032 -1.294,0.512 -0.342,0.639 0.773,0.699 1.14,0.656 0.132,-0.015 0.42,-0.147 0.534,-0.118 0.133,0.033 0.336,0.536 0.349,0.561 0.152,0.305 0.242,0.564 0.295,0.9 0.047,0.299 0.034,0.573 0.196,0.84 0.265,0.438 0.825,0.607 1.226,0.899 0.304,0.221 0.509,0.304 0.862,0.362 0.479,0.079 0.675,0.595 0.805,1.026 0.102,0.338 0.089,0.375 -0.225,0.396 -0.296,0.021 -0.582,-0.004 -0.874,-0.058 -0.264,-0.049 -0.335,-0.113 -0.542,0.052 -0.199,0.16 -0.4,0.326 -0.546,0.538 -0.165,0.24 -0.088,0.232 -0.089,0.48 -0.001,0.14 -0.018,0.197 -0.091,0.327 -0.071,0.125 -0.299,0.304 -0.32,0.44 -0.055,0.356 0.553,0.473 0.798,0.532 0.274,0.065 0.528,0.062 0.806,0.067 0.205,0.004 0.577,0.012 0.651,0.271 0.147,0.516 -0.862,0.65 -1.125,0.651 -0.458,0.002 -1.047,0.064 -1.442,-0.178 -0.307,-0.188 -0.611,-0.235 -0.976,-0.19 -0.246,0.03 -0.449,0.182 -0.684,0.207 -0.359,-0.391 -0.15,-1.054 -0.333,-1.522 -0.113,-0.291 -0.379,-0.594 -0.645,-0.755 -0.159,-0.095 -0.332,-0.143 -0.475,-0.266 -0.275,-0.237 -0.448,-0.715 -0.271,-1.017 0.088,-0.151 0.313,-0.482 -0.052,-0.484 -0.124,-0.001 -0.388,0.265 -0.474,0.345 -0.271,0.254 -0.366,0.478 -0.261,0.846 0.136,0.478 0.642,0.908 0.922,1.29 0.18,0.246 0.339,0.53 0.405,0.831 0.072,0.328 -0.017,0.547 0.191,0.846 0.153,0.219 0.355,0.406 0.576,0.553 0.269,0.179 0.539,0.306 0.794,0.519 0.209,0.174 0.396,0.389 0.636,0.521 -0.279,0.458 -1.357,0.115 -1.696,-0.014 -0.267,0.16 0.033,0.794 0.116,0.915 0.3,0.435 0.752,0.742 1.184,1.028 0.256,0.17 0.669,0.321 0.644,0.686 -0.024,0.352 -0.566,1.022 -0.816,1.21 -0.296,0.222 -1.173,0.633 -1.573,0.388 -0.399,-0.244 -0.668,-0.758 -0.958,-1.107 -0.21,-0.253 -0.413,-0.538 -0.66,-0.758 -0.146,-0.13 -0.292,-0.187 -0.423,-0.349 -0.28,-0.345 -0.276,-0.787 -0.578,-1.112 -0.264,-0.285 -0.64,-0.196 -0.874,-0.422 -0.124,-0.12 -0.136,-0.783 -0.151,-0.924 -0.051,-0.487 0.07,-0.653 0.312,-1.06 0.189,-0.319 0.239,-0.493 0.025,-0.835 -0.208,-0.333 -0.482,-0.598 -0.848,-0.746 -0.008,-0.141 0.092,-0.259 0.152,-0.379 0.174,-0.346 0.345,-0.698 0.4,-1.083 0.038,-0.262 0.031,-0.602 -0.198,-0.78 -0.324,-0.252 -0.565,0.046 -0.824,0.321 -0.25,0.266 -0.597,0.58 -0.773,0.902 -0.244,0.449 -0.173,0.978 -0.018,1.443 0.217,0.65 0.685,1.291 1.213,1.71 0.093,0.074 0.473,0.293 0.383,0.46 -0.524,0.158 -1.051,0.198 -1.457,0.598 -0.465,0.459 -0.445,1.096 -0.465,1.712 -0.636,-0.065 -1.225,-0.464 -1.657,-0.912 -0.413,-0.43 -0.437,-0.744 -0.598,-1.281 -0.121,-0.402 -0.297,-0.544 -0.679,-0.678 -0.246,-0.086 -0.565,-0.146 -0.61,-0.455 -0.056,-0.389 0.501,-0.761 0.39,-1.116 -0.12,-0.383 -0.739,-0.21 -0.948,-0.075 -0.211,0.199 -0.423,0.398 -0.634,0.597 -0.208,0.167 -0.389,0.361 -0.541,0.58 -0.109,0.199 -0.148,0.404 -0.146,0.613 -0.187,-0.153 -0.355,-0.282 -0.432,-0.34 -0.391,-0.296 -1.172,-0.945 -1.674,-0.469 -0.081,0.231 -0.139,0.468 -0.174,0.71 -0.117,0.391 -0.207,0.788 -0.269,1.192 0.012,0.361 -0.144,0.595 -0.468,0.702 -0.232,0.049 -0.465,0.093 -0.699,0.131 -0.452,0.078 -0.996,0.231 -0.777,0.851 0.296,0.838 1.573,0.638 2.181,0.435 0.427,-0.142 0.812,-0.41 1.266,-0.268 0.221,0.069 0.701,0.371 0.868,0.04 0.159,0.054 0.516,0.314 0.535,0.5 0.014,0.142 -0.226,0.443 -0.279,0.532 -0.114,0.192 -0.27,0.39 -0.343,0.599 -0.096,0.274 -0.034,0.673 -0.257,0.875 -0.516,-0.176 -0.942,-0.53 -1.452,-0.694 -0.079,0.117 -0.094,0.26 -0.193,0.364 -0.153,0.16 -0.46,0.217 -0.656,0.291 -0.322,0.121 -0.683,0.329 -1.022,0.414 -0.212,0.053 -0.39,0.005 -0.6,-0.031 -0.253,-0.043 -0.583,-0.174 -0.795,0.066 -0.265,0.299 -0.294,0.809 -0.321,1.179 -0.081,0.219 0.004,0.359 0.255,0.42 0.234,0.014 0.469,0.027 0.703,0.041 0.294,0.013 1.038,-0.116 1.172,0.221 -0.415,0.679 -1.389,0.39 -1.907,0.968 -0.146,0.163 -0.199,0.291 -0.206,0.407 -0.238,-0.06 -0.471,-0.135 -0.694,-0.244 -0.238,-0.123 -0.398,-0.307 -0.479,-0.551 -0.015,-0.1 -0.071,-0.156 -0.169,-0.168 -0.21,-0.116 -0.586,-0.182 -0.821,-0.221 -0.254,-0.018 -0.405,0.006 -0.556,0.025 -0.353,0.029 -0.959,-0.049 -1.106,-0.452 -0.088,-0.24 -0.053,-0.68 -0.017,-0.917 0.077,-0.369 0.217,-0.714 0.419,-1.034 0.212,-0.254 0.282,-0.536 0.21,-0.844 -0.147,-0.324 -0.791,-0.519 -1.091,-0.308 -0.095,0.052 -0.135,0.135 -0.12,0.25 -0.056,0.259 -0.165,0.495 -0.327,0.707 -0.229,0.299 -0.961,0.944 -1.399,0.735 -0.241,-0.115 -0.359,-0.454 -0.602,-0.589 -0.494,-0.274 -1.023,-0.221 -1.433,-0.678 -0.315,-0.351 -0.252,-0.86 -0.577,-1.192 -0.16,-0.115 -0.32,-0.229 -0.479,-0.345 -0.125,-0.109 -0.247,-0.22 -0.369,-0.333 -0.396,-0.332 -1.063,-0.504 -1.118,-1.1 -0.05,-0.552 0.588,-0.767 0.717,-1.261 0.148,-0.57 -0.194,-1.163 -0.75,-1.3 -0.222,-0.055 -0.673,-0.194 -0.836,0.032 -0.036,0.17 -0.081,0.337 -0.136,0.502 -0.17,0.409 -0.36,0.809 -0.571,1.199 -0.189,0.385 -0.505,0.849 -0.201,1.266 0.184,0.252 0.578,0.34 0.615,0.694 -0.042,0.205 -0.089,0.409 -0.143,0.612 -0.011,0.187 -0.085,0.345 -0.221,0.473 -0.244,0.234 -0.809,0.415 -1.148,0.349 -0.662,-0.128 -0.798,-1.162 -1.581,-1.1 -0.054,0.125 0.005,0.431 0.007,0.533 0.007,0.274 0.016,0.558 -0.037,0.829 -0.021,0.104 -0.161,0.531 -0.329,0.588 -0.089,0.03 -0.148,-0.017 -0.232,-0.049 0.049,0.607 -0.637,1.496 -1.271,1.076 -0.15,-0.068 -0.251,-0.184 -0.301,-0.348 0.067,-0.315 0.193,-0.606 0.379,-0.872 0.152,-0.328 0.341,-0.812 0.205,-1.189 -0.116,-0.321 -0.643,-0.363 -0.922,-0.491 -0.555,-0.254 -0.976,-0.82 -1.604,-0.898 -0.2,0.312 -0.383,0.758 -0.35,1.138 0.031,0.353 0.296,0.687 0.201,1.046 -0.108,0.412 -0.502,0.539 -0.862,0.481 -0.242,-0.039 -0.636,-0.268 -0.888,-0.12 -0.303,0.178 -0.378,0.739 -0.34,1.04 0.059,0.468 0.379,1.105 0.753,1.412 0.238,0.195 0.472,0.317 0.781,0.191 0.212,-0.087 0.347,-0.251 0.541,-0.358 0.74,-0.407 1.685,0.813 2.036,1.296 0.27,0.371 0.243,0.594 0.025,0.982 -0.103,0.183 -0.161,0.252 0.098,0.297 0.713,0.123 1.846,0.165 1.999,1.086 -0.056,0.275 -0.152,0.536 -0.288,0.782 -0.093,0.179 -0.13,0.366 -0.111,0.561 0.001,0.231 0.014,0.644 0.221,0.796 0.278,-0.318 0.536,-0.463 0.971,-0.413 0.626,0.072 1.346,0.273 1.795,0.736 0.202,0.208 0.19,0.389 0.022,0.621 -0.202,0.279 -0.474,0.469 -0.717,0.707 -0.185,0.182 -0.728,0.714 -0.529,1.024 0.147,0.23 0.555,0.116 0.791,0.113 -0.199,0.161 -0.389,0.337 -0.559,0.547 -0.134,0.444 -0.268,0.888 -0.402,1.332 0.06,0.477 0.203,0.924 0.386,1.359 -0.413,-0.295 -0.852,-0.775 -1.302,-0.412 -0.212,0.171 -0.248,0.433 -0.356,0.671 -0.212,0.467 -0.707,0.641 -1.188,0.461 -0.973,-0.366 -0.728,-1.421 -0.46,-2.175 -0.516,0.158 -0.866,-0.143 -1.127,-0.547 -0.067,-0.104 -0.114,-0.148 -0.092,-0.274 0.027,-0.157 0.211,-0.283 0.299,-0.413 0.225,-0.329 0.545,-1.025 -0.034,-1.164 -0.185,-0.044 -0.376,-0.012 -0.555,0.039 -0.162,0.037 -0.314,0.099 -0.458,0.184 -0.069,0.036 -0.138,0.071 -0.208,0.107 -0.221,0.026 -0.221,-0.125 -0.346,-0.298 -0.159,-0.219 -0.329,-0.376 -0.59,-0.461 -0.211,-0.068 -0.433,-0.04 -0.647,-0.088 -0.153,-0.035 -0.504,-0.173 -0.573,-0.347 -0.063,-0.16 0.097,-0.327 0.129,-0.47 0.044,-0.198 -0.053,-0.345 -0.151,-0.508 -0.205,-0.34 -0.499,-0.635 -0.763,-0.929 -0.083,-0.092 -0.5,-0.632 -0.722,-0.727 -0.079,0.169 -0.122,0.327 -0.211,0.502 -0.187,0.365 -0.426,0.715 -0.579,1.096 -0.169,0.419 -0.122,0.679 0.115,1.029 0.183,0.27 0.377,0.556 0.595,0.799 0.198,0.221 0.578,0.393 0.609,0.708 0.01,0.095 -0.02,0.223 -0.046,0.313 -0.012,0.04 -0.071,0.072 -0.079,0.111 -0.036,0.181 0.023,0.403 0.021,0.587 -0.002,0.248 -0.065,0.455 -0.157,0.68 -0.16,0.39 -0.24,0.812 -0.405,1.205 -0.075,0.179 -0.242,0.405 -0.342,0.632 -0.004,-0.198 0.013,-0.406 0.034,-0.546 0.077,-0.369 0.217,-0.714 0.419,-1.034 0.212,-0.254 0.282,-0.536 0.21,-0.844 -0.147,-0.324 -0.791,-0.519 -1.09,-0.308 -0.095,0.052 -0.135,0.135 -0.12,0.25 -0.056,0.259 -0.165,0.495 -0.327,0.707 -0.229,0.299 -0.961,0.944 -1.399,0.735 -0.241,-0.115 -0.359,-0.454 -0.602,-0.589 -0.029,-0.016 -0.059,-0.023 -0.089,-0.037 0.066,-0.049 0.129,-0.098 0.187,-0.145 -0.012,-0.005 0.224,0.056 0.393,0.042 0.152,-0.013 0.509,-0.016 0.617,-0.146 0.155,-0.188 -0.237,-0.424 -0.295,-0.586 -0.081,-0.228 0.158,-0.396 0.28,-0.552 0.168,-0.215 0.275,-0.47 0.436,-0.689 0.048,-0.065 0.109,-0.117 0.135,-0.196 -0.321,-0.418 -1.078,-0.574 -1.561,-0.709 -0.216,-0.061 -0.373,-0.028 -0.594,0.015 -0.372,0.072 -0.747,0.045 -1.102,-0.091 -0.224,-0.086 -0.678,-0.43 -0.724,-0.718 -0.044,-0.27 0.2,-0.544 0.292,-0.781 0.263,-0.672 -0.702,-1.091 -0.695,-1.75 0.003,-0.369 0.407,-0.622 0.624,-0.894 0.274,-0.343 0.417,-0.715 0.188,-1.12 -0.098,-0.174 -0.227,-0.332 -0.425,-0.25 -0.184,0.077 -0.217,0.357 -0.301,0.518 -0.124,0.237 -0.342,0.579 -0.655,0.535 -0.239,-0.033 -0.437,-0.22 -0.689,-0.244 -0.865,-0.084 -0.676,0.858 -1.039,1.374 -0.296,-0.067 -0.417,-0.284 -0.576,-0.523 -0.247,-0.372 -0.527,-0.719 -0.775,-1.089 -0.195,-0.29 -0.276,-0.523 0.023,-0.758 0.321,-0.252 0.929,-0.301 1.313,-0.437 0.024,-0.152 0.014,-0.303 -0.028,-0.454 0.017,-0.151 0.034,-0.303 0.051,-0.454 0.054,-0.303 0.218,-0.717 0.405,-0.976 0.692,0.095 1.425,0.337 2.089,0.014 0.364,-0.177 0.408,-0.404 0.248,-0.754 -0.116,-0.254 -0.43,-0.639 -0.628,-0.803 -0.527,-0.434 -1.208,-0.723 -1.837,-0.962 -0.441,-0.168 -0.832,-0.333 -1.145,-0.706 -0.293,-0.349 -0.396,-0.842 -0.831,-1.059 -0.325,-0.162 -0.747,-0.238 -1.073,-0.066 -0.332,0.175 -0.447,0.197 -0.706,-0.074 -0.324,-0.338 -0.742,-0.322 -1.194,-0.255 -0.254,0.037 -0.766,0.252 -0.968,0.042 -0.07,-0.073 -0.083,-0.178 -0.111,-0.273 -0.077,-0.267 -0.154,-0.515 -0.285,-0.763 -0.248,-0.469 -0.623,-1.078 -1.17,-1.203 -0.43,-0.099 -0.88,0.1 -1.153,0.44 -0.281,0.349 -0.432,0.827 -0.485,1.267 -0.041,0.338 0.031,0.507 -0.3,0.662 -0.068,0.032 -0.147,0.066 -0.229,0.102 -0.363,-0.153 -0.563,-0.415 -0.818,-0.709 -0.137,-0.158 -0.133,-0.165 -0.279,-0.046 -0.344,0.28 -0.657,0.676 -1.047,0.878 -0.403,0.208 -1.017,-0.23 -1.301,-0.52 -0.166,-0.171 -0.535,-0.561 -0.378,-0.835 0.07,-0.122 0.413,-0.355 0.476,-0.407 0.12,-0.099 0.234,-0.205 0.367,-0.286 0.321,-0.194 0.688,-0.216 1.053,-0.167 0.296,0.04 0.572,0.169 0.872,0.197 0.012,0.001 0.188,0.03 0.222,0.008 0.146,-0.093 0.112,-0.471 0.205,-0.602 0.057,-0.081 0.145,-0.1 0.227,-0.141 0.184,-0.092 0.365,-0.158 0.533,-0.283 0.302,-0.225 0.665,-0.546 0.699,-0.949 0.018,-0.212 -0.057,-0.51 -0.214,-0.654 -0.063,-0.058 -0.326,-0.148 -0.358,-0.167 -0.151,-0.088 -0.278,-0.181 -0.396,-0.31 -0.438,-0.476 -0.27,-0.94 0.105,-1.378 0.311,-0.363 0.827,-0.865 0.727,-1.39 -0.05,-0.264 -0.342,-0.338 -0.564,-0.392 -0.126,-0.031 -0.762,-0.155 -0.804,0.094 -0.014,0.082 0.102,0.184 0.121,0.262 0.033,0.138 -0.025,0.221 -0.084,0.344 -0.102,0.213 -0.227,0.416 -0.333,0.627 -0.107,0.213 -0.209,0.375 -0.402,0.523 -0.096,0.074 -0.221,0.132 -0.271,0.248 0.326,0.351 0.801,0.825 0.663,1.35 -0.081,0.305 -0.237,0.67 -0.401,0.939 -0.118,0.194 -0.319,0.472 -0.509,0.595 -0.331,0.213 -0.862,0.043 -1.204,-0.069 -0.359,-0.118 -0.851,-0.395 -1.031,-0.76 -0.091,-0.185 -0.005,-0.346 -0.164,-0.513 -0.13,-0.137 -0.431,-0.264 -0.572,-0.363 -0.273,-0.192 -0.615,-0.487 -0.694,-0.837 -0.128,-0.569 0.416,-0.557 0.756,-0.788 0.25,-0.17 0.357,-0.502 0.489,-0.755 0.089,-0.171 0.349,-0.494 0.332,-0.682 -0.46,-0.234 -1.916,0.298 -1.904,-0.553 0.004,-0.277 0.22,-0.485 0.271,-0.751 0.079,-0.419 -0.201,-1.02 0.193,-1.35 0.468,-0.391 2.522,0.383 2.263,-0.753 -0.111,-0.489 -0.175,-0.834 0.151,-1.253 0.283,-0.364 0.649,-0.664 0.872,-1.073 0.124,-0.227 0.18,-0.377 0.131,-0.617 -0.057,-0.278 -0.322,-0.568 -0.561,-0.719 -0.4,-0.254 -1.14,-0.334 -1.533,-0.029 -0.1,0.077 -0.123,0.245 -0.215,0.306 -0.151,0.101 -0.289,0.012 -0.443,-0.054 -0.318,-0.136 -0.642,-0.246 -0.975,-0.337 -0.36,-0.097 -0.805,-0.279 -1.185,-0.201 -0.471,0.097 -0.281,0.751 -0.258,1.06 0.01,0.146 0.016,0.333 -0.06,0.466 -0.096,0.168 -0.224,0.157 -0.388,0.201 -0.514,0.137 -0.704,0.473 -0.899,0.943 -0.155,0.374 -0.3,0.828 -0.378,1.224 0.492,0.304 1.757,0.601 1.303,1.373 -0.169,0.287 -0.496,0.235 -0.813,0.214 -0.264,-0.017 -0.817,-0.106 -1.013,0.158 0.216,0.165 0.39,0.338 0.412,0.622 0.012,0.157 -0.046,0.543 -0.265,0.571 -0.127,0.016 -0.392,-0.272 -0.449,-0.32 -0.253,-0.211 -0.504,-0.385 -0.837,-0.455 -0.321,-0.067 -0.709,-0.109 -0.993,0.096 -0.2,0.144 -0.207,0.31 -0.324,0.507 -0.133,0.226 -0.396,0.341 -0.655,0.262 -0.26,-0.08 -0.415,-0.348 -0.51,-0.581 -0.156,-0.384 -0.268,-1.113 -0.858,-0.89 -0.135,0.051 -0.249,0.168 -0.384,0.226 -0.313,0.136 -0.71,0.126 -0.978,-0.102 -0.414,-0.354 -0.195,-1.008 -0.818,-1.2 -0.685,-0.211 -1.277,0.455 -1.639,0.931 0.013,0.002 -0.231,-0.001 -0.391,0.054 -0.144,0.049 -0.49,0.138 -0.563,0.291 -0.105,0.219 0.333,0.355 0.427,0.498 0.134,0.202 -0.058,0.422 -0.139,0.603 -0.111,0.25 -0.154,0.522 -0.257,0.774 -0.031,0.075 -0.078,0.14 -0.084,0.223 0.112,0.089 0.254,0.149 0.407,0.193 l -0.6,0.502 c -0.112,0.293 -0.346,1.32 -0.757,1.518 -0.144,0.069 -0.381,0.009 -0.55,0.072 -0.101,0.038 -0.362,0.126 -0.438,0.196 -0.277,0.254 -0.06,1.021 0.05,1.343 0.195,0.574 0.555,0.516 0.98,0.77 0.389,0.232 0.018,0.687 -0.124,0.991 -0.088,0.187 -0.238,0.593 -0.463,0.712 -0.188,0.099 -0.207,-0.003 -0.373,-0.071 -0.235,-0.096 -0.445,-0.219 -0.702,-0.164 -0.395,0.084 -0.838,0.578 -1.244,0.494 -0.096,-0.197 -0.159,-0.435 -0.304,-0.603 -0.237,-0.275 -0.862,-0.6 -1.209,-0.695 -0.429,-0.118 -0.717,0.12 -1.092,0.312 -0.415,0.213 -0.457,0.246 -0.481,0.785 -0.013,0.285 -0.089,0.834 0.07,1.095 0.207,0.342 0.759,0.228 1.078,0.28 0.854,0.14 -0.341,1.993 -0.306,2.424 0.321,0.148 0.765,-0.237 1.095,-0.25 -0.033,0.34 -0.232,0.716 -0.412,0.999 -0.281,0.443 -0.514,0.425 -0.948,0.238 -0.142,-0.061 -0.289,-0.126 -0.443,-0.141 -0.574,-0.055 -0.811,0.745 -0.984,1.143 -0.073,0.168 0.33,0.976 0.387,1.132 0.086,0.235 0.23,0.321 0.209,0.532 -0.024,0.234 -0.489,0.651 -0.696,0.701 -0.122,0.003 -0.238,-0.019 -0.351,-0.067 -0.103,-0.022 -0.189,-0.072 -0.256,-0.152 -0.591,-0.056 -0.379,0.748 -0.414,1.065 -0.074,0.677 -0.717,0.015 -1.023,-0.101 -0.828,-0.315 -0.914,1.071 -0.664,1.57 0.129,0.257 0.399,0.513 0.631,0.68 0.272,0.196 0.291,0.174 0.104,0.54 -0.245,0.479 -0.599,0.853 -0.998,1.208 -0.149,0.132 -0.247,0.232 -0.337,0.403 -0.045,-0.041 -0.082,-0.09 -0.129,-0.129 -0.274,-0.303 -0.567,-0.585 -0.88,-0.848 -0.315,-0.177 -0.434,-0.431 -0.357,-0.764 0.079,-0.224 0.162,-0.446 0.251,-0.666 0.168,-0.427 0.319,-0.972 -0.325,-1.106 -0.355,-0.074 -0.644,0.086 -0.875,0.339 0.04,-0.218 0.087,-0.435 0.215,-0.622 0.119,-0.173 0.338,-0.284 0.38,-0.488 0.021,-0.097 -0.049,-0.632 -0.148,-0.682 -0.151,-0.076 -0.505,0.034 -0.639,0.114 -0.606,0.364 -0.623,1.432 -0.614,2.037 -0.233,-0.334 -0.239,-0.888 -0.851,-0.649 -0.27,0.106 -0.503,0.292 -0.724,0.497 0.015,-0.173 0.075,-0.36 0.102,-0.506 0.064,-0.338 0.073,-0.754 0.177,-1.088 0.064,-0.208 0.198,-0.335 0.338,-0.497 0.167,-0.194 0.451,-0.408 0.356,-0.713 -0.118,-0.382 -0.538,-0.671 -0.841,-0.886 -0.145,-0.183 -0.309,-0.183 -0.491,0 -0.133,0.193 -0.266,0.386 -0.4,0.58 -0.163,0.244 -0.439,0.947 -0.797,0.887 -0.365,-0.707 0.388,-1.39 0.162,-2.132 -0.202,-0.664 -0.569,-0.412 -1.062,-0.479 -0.339,-0.046 -0.403,-0.281 -0.71,-0.439 -0.017,-0.009 -0.034,-0.011 -0.052,-0.018 0.066,-0.079 0.129,-0.159 0.205,-0.23 0.33,-0.382 0.685,-0.741 1.065,-1.076 0.436,-0.41 0.879,-0.812 1.315,-1.223 0.378,-0.357 0.478,-0.403 0.355,-1.003 -0.061,-0.303 -0.162,-0.737 -0.445,-0.925 -0.205,-0.136 -0.499,-0.065 -0.72,-0.02 -0.087,0.018 -0.202,0.03 -0.284,0.062 -0.311,0.123 -0.554,0.48 -0.752,0.74 -0.324,0.426 -0.677,1.335 -1.34,1.065 -0.32,-0.131 -0.574,-0.391 -0.924,-0.447 -0.447,-0.071 -0.842,0.167 -1.162,0.466 -0.379,0.353 -0.466,0.926 -0.657,1.381 -0.029,0.069 -0.053,0.127 -0.08,0.178 -0.184,-0.065 -0.422,-0.191 -0.601,-0.176 -0.114,0.009 -0.178,0.121 -0.279,0.144 -0.135,0.03 -0.221,-0.036 -0.378,-0.078 -0.75,-0.202 -1.142,0.242 -1.572,0.792 -0.69,-0.161 -1.183,-0.774 -1.901,-0.828 -0.602,-0.046 -1.179,-0.208 -1.772,-0.316 -0.45,-0.082 -0.412,0.013 -0.606,-0.23 -0.367,-0.463 -0.7,-1.042 -1.387,-1.083 -0.226,0.021 -0.451,0.041 -0.677,0.062 -0.409,0.188 -0.731,0.474 -0.967,0.857 -0.019,0.163 -0.037,0.326 -0.055,0.489 0.212,0.291 0.49,0.454 0.835,0.488 0.351,0.116 0.713,0.169 1.086,0.16 0.276,-0.087 0.474,-0.029 0.595,0.176 -0.257,0.297 -0.54,0.694 -0.868,0.919 -0.222,0.152 -0.271,0.182 -0.285,0.469 -0.013,0.28 0.082,0.727 0.139,0.99 0.049,0.227 0.121,0.36 0.356,0.431 -0.209,0.319 -0.696,0.542 -0.834,0.879 -0.175,0.123 -0.178,0.278 -0.009,0.466 0.164,0.159 0.355,0.264 0.573,0.315 -0.048,0.135 -0.083,0.274 -0.104,0.416 -0.286,0.089 -0.552,0.206 -0.829,0.34 -0.65,0.316 -1.305,0.621 -1.948,0.949 -0.332,0.169 -1.298,0.848 -0.744,1.325 -0.13,-0.209 -0.341,-0.397 -0.509,-0.572 -0.255,-0.284 -0.54,-0.534 -0.856,-0.751 -0.222,-0.095 -0.445,-0.189 -0.667,-0.284 -0.957,-0.082 -2.1,1.569 -1.333,2.376 0.355,0.374 0.829,0.477 1.317,0.534 0.313,-0.121 0.538,-0.06 0.673,0.182 0.146,0.112 0.202,0.264 0.17,0.453 0.054,0.469 -0.06,0.95 -0.451,1.256 -0.402,0.315 -0.708,0.183 -1.127,-0.025 -0.4,0.394 -0.275,1.045 -0.274,1.569 0.002,0.47 0.088,1.054 -0.075,1.501 -0.234,0.104 -0.501,-0.089 -0.761,-0.005 -0.285,0.092 -0.588,0.328 -0.723,0.599 -0.299,0.599 0.5,1.039 0.95,1.026 0.188,-0.027 0.377,-0.054 0.566,-0.082 0.288,-0.046 0.442,0.066 0.463,0.336 0.205,0.53 0.166,1.252 -0.182,1.725 -0.337,0.457 -0.833,0.768 -1.22,1.173 -0.474,0.495 -0.308,1.136 -0.046,1.675 -0.186,0.153 -0.817,0.42 -0.72,0.698 0.065,0.056 0.131,0.111 0.196,0.167 0.151,0.155 0.267,0.332 0.349,0.53 0.09,0.181 0.186,0.372 0.216,0.575 0.02,0.135 0.003,0.25 -0.029,0.371 -0.012,-0.011 -0.023,-0.025 -0.035,-0.036 -0.464,-0.442 -1.008,-0.601 -1.633,-0.657 0.05,0.42 0.332,0.727 0.434,1.142 0.136,0.233 0.109,0.444 -0.083,0.634 -0.119,0.229 -0.248,0.452 -0.388,0.669 -0.3,0.36 -0.387,0.785 -0.259,1.275 0.073,0.251 0.146,0.502 0.219,0.754 0.095,0.29 0.176,0.619 0.456,0.788 0.228,0.137 0.226,0.088 0.457,0.026 0.178,-0.048 0.438,-0.02 0.67,0.06 0.067,0.077 0.149,0.149 0.268,0.208 0.039,0.02 0.078,0.021 0.118,0.034 0.054,0.067 0.081,0.136 0.085,0.206 -0.198,0.004 -0.387,0.006 -0.486,0.02 -0.62,0.089 -0.983,0.113 -1.54,0.438 -0.334,0.195 -1.114,0.554 -1.274,0.967 -0.158,0.407 0.235,0.878 0.131,1.342 -0.084,0.371 -0.28,0.71 -0.632,0.774 -0.224,0.04 -0.731,-0.133 -0.919,-0.289 -0.647,-0.535 0.121,-1.351 -0.076,-1.979 -0.045,-0.145 -0.318,-0.427 -0.422,-0.572 -0.319,-0.45 -0.66,-1.229 -1.153,-1.488 -1.129,0.377 -1.409,2.236 -0.617,3.038 0.326,0.329 1.263,0.451 1.292,1.065 0.02,0.406 -0.93,0.636 -1.187,0.852 0.105,0.544 1.099,1.234 0.637,1.836 -0.137,0.178 -0.83,0.239 -1.066,0.315 -0.3,0.096 -0.616,0.299 -0.86,0.046 -0.518,-0.537 -0.109,-1.86 -0.713,-2.12 -0.213,-0.092 -0.504,-0.026 -0.739,-0.125 -0.252,-0.106 -0.664,-0.342 -0.892,-0.522 -0.685,-0.539 -1.045,-1.841 -1.099,-2.66 -0.063,-0.954 0.6,-1.525 0.932,-2.376 0.276,-0.709 -0.184,-1.122 -0.315,-1.807 -0.102,-0.53 0.074,-0.925 0.388,-1.344 -0.463,-0.458 -1.227,-0.513 -1.69,-1.028 -0.404,-0.449 -0.249,-0.822 -0.302,-1.363 -0.665,-0.31 -1.347,-0.521 -1.997,-0.869 -0.297,-0.177 -0.614,-0.307 -0.95,-0.391 -0.31,-0.106 -0.615,-0.226 -0.915,-0.358 -0.255,-0.004 -0.379,0.215 -0.59,0.317 -0.382,0.186 -1.076,0.238 -1.495,0.217 -0.57,-0.028 -1.078,-0.372 -1.651,-0.417 -0.484,-0.038 -0.649,0.092 -1.064,0.446 -0.459,0.392 -1.012,0.812 -0.773,1.441 0.107,0.283 0.393,0.644 0.656,0.812 0.411,0.262 0.829,0.146 1.294,0.246 0.74,0.159 1.193,0.808 1.285,1.539 0.043,0.34 0.024,0.909 -0.323,1.12 -0.306,0.187 -0.525,-0.034 -0.816,-0.024 -0.313,0.011 -0.654,0.052 -0.981,0.065 -0.498,0.02 -1.095,0.019 -1.585,0.062 -0.02,0.002 -0.027,0.007 -0.045,0.009 -0.179,-0.434 -0.39,-0.602 -0.811,-0.46 -0.577,0.194 -0.804,0.76 -1.134,1.202 -0.295,-0.131 -0.577,-0.446 -0.64,-0.78 -0.071,-0.373 0.195,-0.682 0.303,-1.018 0.32,-0.999 0.249,-2.032 -0.235,-2.957 0.074,-0.094 0.18,-0.126 0.32,-0.095 0.297,-0.117 0.53,-0.311 0.699,-0.581 0.351,-0.595 0.111,-1.142 -0.365,-1.558 -0.507,-0.443 -0.999,-0.544 -1.6,-0.17 -0.334,0.212 -0.579,0.5 -0.736,0.863 -0.042,0.202 -0.134,0.374 -0.275,0.515 -0.509,-0.541 -0.784,-1.265 -1.187,-1.882 -0.173,-0.265 -0.379,-0.381 -0.665,-0.488 -0.2,-0.075 -0.336,-0.164 -0.516,-0.279 -0.141,-0.09 -0.206,-0.13 -0.377,-0.117 -0.152,0.011 -0.297,0.167 -0.448,0.08 -0.159,-0.091 -0.235,-0.577 -0.278,-0.727 -0.11,-0.388 -0.116,-0.731 -0.41,-1.011 -0.275,0.043 -0.438,0.219 -0.489,0.527 -0.163,0.51 -0.274,1.032 -0.331,1.565 0.017,0.192 0.033,0.384 0.05,0.576 0.144,0.33 0.353,0.611 0.628,0.843 0.216,0.253 0.675,0.893 0.516,1.291 -0.212,0.53 -1.251,-0.008 -1.623,-0.106 -0.379,-0.112 -0.765,-0.191 -1.159,-0.235 -0.349,-0.048 -0.695,-0.112 -1.039,-0.192 -0.194,0.007 -0.388,0.014 -0.582,0.021 -0.495,0.217 -0.796,0.596 -0.902,1.137 -0.115,0.437 -0.172,1.169 0.323,1.417 0.246,0.03 0.487,0.004 0.723,-0.078 0.205,-0.107 0.407,-0.112 0.606,-0.015 0.052,0.26 0.145,0.882 -0.118,1.087 -0.245,0.192 -0.611,0.166 -0.898,0.14 -0.255,-0.023 -0.993,-0.384 -1.255,-0.111 -0.245,0.255 -0.191,0.604 -0.107,0.913 0.087,0.318 0.119,0.691 0.23,0.996 0.144,0.395 0.392,0.57 0.802,0.669 0.775,0.187 1.82,-0.021 2.328,0.775 -0.346,0.144 -0.71,0.272 -1.065,0.393 -0.41,0.14 -0.719,-0.022 -1.126,-0.061 -0.149,0.198 -0.202,0.423 -0.16,0.676 0.086,0.174 0.063,0.291 -0.068,0.352 -0.218,0.018 -0.249,-0.203 -0.375,0.135 -0.005,0.127 -0.051,0.231 -0.138,0.312 -0.082,0.088 -0.149,0.186 -0.202,0.295 -0.177,0.447 0.066,1.038 0.409,1.326 -0.171,0.035 -0.208,0.038 -0.311,0.194 -0.188,0.285 -0.219,0.748 0.002,1.039 0.132,0.091 0.265,0.183 0.397,0.274 0.279,0.098 0.557,0.2 0.833,0.305 0.375,0.141 0.903,0.273 1.171,0.601 0.186,0.228 0.141,0.6 0.384,0.774 0.282,0.203 0.586,0.051 0.92,0.015 0.362,-0.038 0.644,0.023 0.994,0.126 0.375,0.111 0.796,0.125 1.182,0.068 0.211,-0.031 0.437,-0.119 0.649,-0.129 0.388,-0.019 0.656,0.303 1.012,0.4 0.302,0.082 0.575,0.072 0.882,0.043 0.314,-0.029 0.501,-0.049 0.753,0.14 0.146,0.096 0.27,0.216 0.373,0.36 0.049,0.053 0.097,0.107 0.146,0.16 0.028,0.148 -0.258,0.391 -0.338,0.493 -0.224,0.288 -0.413,0.534 -0.806,0.457 -0.286,-0.056 -0.567,-0.306 -0.808,-0.451 -0.102,0.123 -0.085,0.311 -0.09,0.461 -0.012,0.378 0.104,0.763 0.169,1.133 0.025,0.142 0.084,0.317 0.043,0.46 -0.061,0.212 -0.387,0.408 -0.495,0.587 -0.077,0.167 -0.155,0.334 -0.233,0.501 -0.064,0.13 -0.128,0.259 -0.192,0.389 -0.195,0.129 -0.524,0.029 -0.711,-0.056 -0.849,-0.387 -0.939,-1.586 -1.294,-2.348 -0.365,-0.007 -0.714,0.212 -1.084,0.197 -0.482,-0.02 -0.405,-0.506 -0.571,-0.827 -0.209,-0.404 -0.706,-0.731 -1.151,-0.755 -0.169,-0.009 -0.324,0.047 -0.489,0 -0.244,-0.069 -0.427,-0.336 -0.581,-0.524 -0.234,-0.286 -0.443,-0.595 -0.71,-0.851 -0.244,-0.233 -0.535,-0.404 -0.811,-0.597 -0.32,-0.224 -1.434,-1.123 -1.669,-0.418 -0.222,0.665 0.128,1.338 0.776,1.574 0.145,0.053 0.438,0.074 0.544,0.181 0.119,0.121 0.153,0.519 0.129,0.65 -0.11,0.593 -0.662,0.73 -1.196,0.732 -0.24,10e-4 -0.524,-0.075 -0.761,-0.032 -0.211,0.039 -0.227,0.19 -0.23,0.38 -0.005,0.262 0.034,0.523 0.07,0.784 -0.537,-0.039 -0.957,0.273 -1.285,0.715 -0.11,0.148 -0.339,0.447 -0.286,0.656 0.038,0.151 0.276,0.386 0.477,0.591 -0.113,0.184 -0.129,0.426 -0.258,0.617 -0.063,0.092 -0.136,0.226 -0.248,0.259 -0.163,0.048 -0.345,-0.143 -0.455,-0.241 -0.512,-0.455 -0.918,-1.048 -1.295,-1.617 -0.161,0.194 -0.22,0.4 -0.379,0.567 -0.132,-0.061 -0.271,-0.104 -0.424,-0.116 -0.088,0.381 -0.304,0.853 -0.382,1.293 -0.101,0.139 -0.216,0.278 -0.335,0.388 -0.161,0.087 -0.312,0.188 -0.455,0.302 -0.167,0.086 -0.272,0.225 -0.315,0.415 -0.355,0.698 -0.263,1.483 -0.016,2.203 0.167,0.381 0.383,0.729 0.647,1.045 0.132,0.207 0.3,0.38 0.504,0.518 0.226,0.071 0.432,-0.084 0.648,-0.111 0.317,-0.04 0.571,0.083 0.848,0.219 0.377,0.185 0.736,0.395 1.135,0.535 0.335,0.117 0.658,0.09 1.005,0.106 0.199,0.009 0.388,0.06 0.578,0.11 -0.089,0.07 -0.211,0.127 -0.375,0.17 -0.608,0.159 -1.33,-0.059 -1.874,-0.329 -0.84,-0.417 -1.475,-0.666 -2.443,-0.579 -0.193,0.304 -0.024,0.708 -0.063,1.046 -0.052,0.457 -0.169,0.755 -0.571,0.995 -0.951,0.566 -2.153,-0.018 -3.068,-0.428 -0.367,0.551 -0.252,1.031 -1.067,1.15 -0.731,0.107 -1.578,0.195 -2.065,0.876 -0.31,0.434 -0.36,1.305 0.017,1.718 -0.153,0.585 -1.476,0.871 -1.85,1.313 0.206,0.131 0.434,0.16 0.683,0.087 0.622,-0.06 1.216,0.057 1.781,0.352 0.675,0.27 3.344,1.5 2.315,2.683 -0.7,0.804 -1.683,-0.379 -2.476,0.143 -0.155,0.179 -0.275,0.381 -0.36,0.604 -0.229,0.371 -0.509,0.7 -0.839,0.986 -0.436,0.297 -0.808,0.169 -1.31,0.123 -0.923,-0.084 -1.567,-0.33 -2.167,0.511 -0.222,0.311 -0.883,1.47 -0.129,1.66 0.27,-0.23 0.442,-0.537 0.691,-0.781 0.334,-0.328 0.383,-0.307 0.83,-0.087 0.297,0.146 1.062,0.808 1.416,0.403 0.049,-0.271 0.111,-0.538 0.189,-0.801 0.037,-0.374 0.243,-0.646 0.618,-0.816 0.35,0.029 0.7,0.057 1.05,0.086 0.87,0.303 1.606,0.801 2.207,1.495 0.292,0.463 0.65,1.053 0.16,1.476 -0.693,0.599 -1.941,-0.471 -2.535,0.446 -0.003,0.178 -0.047,0.346 -0.133,0.502 -0.124,0.343 -0.293,0.663 -0.507,0.962 -0.313,0.547 -0.693,1.145 -0.769,1.792 -0.141,1.21 1.183,2.093 1.349,3.232 0.081,0.56 -0.04,0.906 -0.422,1.329 -0.458,0.37 -0.893,0.767 -1.304,1.188 -0.067,0.158 -0.134,0.316 -0.202,0.473 0.11,0.414 1.137,0.336 1.36,0.353 0.259,0.02 1.375,-0.047 1.606,0.298 -0.181,0.359 -0.507,0.64 -0.651,1.011 0.343,0.394 1.396,0.545 1.863,0.669 0.376,-0.732 0.042,-2.108 1.09,-2.388 1.06,-0.283 2.43,1.498 2.937,2.228 0.28,0.405 0.218,0.556 -0.227,0.639 -0.962,0.181 -1.675,0.119 -2.579,0.681 -0.412,0.257 -2.178,1.693 -1.207,2.332 0.43,0.283 0.913,-0.055 1.203,-0.329 0.494,-0.466 0.702,-0.516 1.352,-0.666 1.172,-0.27 2.562,-1.056 3.729,-0.545 0.259,0.563 -1.457,1.386 -1.783,1.668 -0.371,0.321 -1.631,2.142 -0.679,2.59 0.436,-0.249 1.183,-1.359 1.653,-0.645 0.523,0.795 -0.898,2.155 -1.335,2.644 0.034,0.073 0.093,0.124 0.162,0.167 -0.095,0.082 -0.181,0.176 -0.294,0.235 -0.172,0.106 -0.354,0.219 -0.553,0.268 -0.173,0.042 -0.313,0.03 -0.485,-0.012 -0.13,-0.032 -0.295,-0.147 -0.412,-0.113 -0.305,0.087 -0.471,0.88 -0.959,0.543 -0.176,-0.122 -0.16,-0.419 -0.242,-0.588 -0.127,-0.261 -0.372,-0.566 -0.663,-0.655 -0.442,-0.135 -0.708,0.548 -1.09,0.685 -0.539,0.194 -1.113,0.078 -1.352,0.702 -0.317,0.828 0.746,1.532 1.455,1.623 -0.026,0.108 -0.162,0.182 -0.235,0.259 -0.322,0.341 -0.681,0.754 -0.894,1.172 -0.056,0.111 -0.092,0.219 -0.128,0.329 -0.097,-0.095 -0.19,-0.195 -0.271,-0.308 -0.158,-0.325 -0.409,-0.465 -0.751,-0.42 -0.371,0.247 -0.685,0.553 -0.943,0.919 -0.152,0.356 -0.385,0.494 -0.701,0.414 -0.279,-0.825 -0.572,-1.437 -1.472,-1.663 0.321,-0.205 0.763,-0.282 1.124,-0.397 0.301,-0.074 0.589,-0.184 0.864,-0.327 0.331,-0.058 0.541,-0.249 0.631,-0.575 -0.181,-0.298 -0.441,-0.45 -0.78,-0.457 -0.425,-0.155 -0.855,-0.136 -1.291,0.058 -0.604,0.284 -1.065,0.788 -1.549,1.228 -0.358,0.326 -0.549,0.176 -0.867,-0.227 -0.38,-0.481 -0.653,-1.057 -0.923,-1.603 -0.366,0.147 -0.687,0.394 -1.002,0.629 -0.752,0.562 -1.58,1.235 -2.147,1.977 -0.204,0.13 -0.24,0.288 -0.109,0.476 0.031,0.235 0.162,0.404 0.391,0.508 0.199,0.18 0.405,0.352 0.619,0.514 0.278,0.112 0.402,0.317 0.373,0.614 -0.364,0.305 -0.73,0.286 -1.099,-0.056 -0.151,-0.3 -0.302,-0.601 -0.454,-0.901 -0.128,-0.749 -0.362,-1.464 -0.701,-2.144 -0.285,-0.4 -0.651,-0.673 -1.1,-0.818 -0.623,-0.269 -1.07,-0.403 -1.613,0.072 -0.3,0.262 -0.683,0.741 -0.681,1.17 -0.209,-0.472 -0.437,-0.935 -0.625,-1.418 -0.123,-0.304 -0.24,-0.611 -0.351,-0.919 -0.014,-0.293 -0.157,-0.478 -0.428,-0.554 -0.362,-0.304 -0.759,-0.256 -1.19,0.144 -0.281,0.288 -0.561,0.576 -0.842,0.863 -0.138,0.338 -0.276,0.675 -0.414,1.013 -0.043,0.5 0.149,0.789 0.577,0.865 0.209,0.111 0.43,0.188 0.662,0.23 0.219,-0.03 0.345,0.049 0.377,0.239 0.212,0.376 -0.333,0.828 -0.477,1.171 -0.193,0.456 -0.202,1.002 -0.008,1.46 0.24,0.566 1.034,0.754 1.538,0.972 -0.113,0.575 -0.78,1.141 -1.384,1.171 -0.724,0.035 -1.184,-0.282 -1.722,-0.722 -0.403,0.727 -0.608,1.55 -0.688,2.381 -0.015,0.012 -0.019,0.017 -0.035,0.03 -0.282,0.215 -0.557,0.301 -0.742,0.639 -0.417,0.764 0.43,1.321 0.633,1.998 -0.372,0.047 -0.74,-0.053 -1.104,-0.326 -0.479,-0.394 -0.93,-0.817 -1.354,-1.268 -0.963,-0.462 -1.779,0.731 -2.329,1.321 -0.421,-0.323 -0.619,-0.777 -0.595,-1.36 -0.109,-0.317 -0.219,-0.635 -0.328,-0.952 -0.157,-0.417 -0.449,-0.575 -0.877,-0.474 -0.261,0.054 -0.513,0.133 -0.761,0.224 0.177,-0.198 0.406,-0.351 0.695,-0.453 0.259,-0.099 0.496,-0.089 0.713,0.03 0.306,0.014 0.556,-0.166 0.867,-0.164 0.584,0.003 0.9,0.526 1.595,0.29 0.216,-0.112 0.432,-0.224 0.649,-0.336 0.233,-0.288 0.235,-0.572 0.005,-0.852 -0.246,-0.716 -0.002,-1.437 0.728,-1.808 0.687,-0.349 1.467,-0.283 2.093,-0.75 -0.014,-0.22 -0.11,-0.38 -0.288,-0.48 -0.118,-0.065 -0.201,-0.161 -0.25,-0.286 0.369,-0.538 1.379,-1.532 0.651,-2.15 -0.757,-0.148 -1.508,-0.111 -2.252,0.111 -0.444,0.044 -0.752,0.246 -0.925,0.605 1.097,0.823 -0.145,2.784 -1.326,2.357 -0.445,0.536 -0.897,0.8 -1.547,1.06 -0.425,0.17 -1.258,0.639 -1.705,0.515 -0.097,-0.742 -0.321,-1.449 -1.057,-1.826 -0.305,-0.156 -0.689,-0.364 -1.005,-0.117 -0.342,0.268 -0.432,0.989 -0.412,1.381 0.029,0.578 0.263,1.36 -0.088,1.885 -0.257,0.384 -0.654,0.641 -1.02,0.905 -0.366,0.263 -0.983,0.859 -1.474,0.64 -0.478,-0.214 -0.426,-0.938 -0.836,-1.287 -0.38,-0.325 -0.87,-0.515 -1.372,-0.419 -0.647,0.125 -0.917,0.994 -1.079,1.516 -0.171,0.553 -0.183,1.458 -0.635,1.876 -0.222,0.205 -0.582,0.066 -0.831,0.071 -0.363,0.007 -0.413,0.148 -0.629,0.384 -0.377,0.411 -0.767,0.723 -1.354,0.746 -0.682,0.027 -1.29,-0.496 -1.925,-0.621 -0.638,-0.126 -0.816,0.311 -1.058,0.798 -0.075,0.15 -0.126,0.291 -0.165,0.431 -0.01,-0.004 -0.018,-0.01 -0.029,-0.015 -0.246,-0.088 -0.493,-0.176 -0.739,-0.264 -0.291,-0.093 -0.604,-0.221 -0.905,-0.093 -0.244,0.104 -0.204,0.132 -0.289,0.355 -0.104,0.273 -0.474,0.619 -0.804,0.682 -0.341,0.065 -0.468,-0.234 -0.566,-0.497 -0.06,-0.348 -0.071,-0.697 -0.033,-1.046 0.079,-0.274 0.023,-0.52 -0.168,-0.738 -0.427,0.116 -0.755,0.369 -0.984,0.759 -0.046,0.227 -0.164,0.368 -0.354,0.42 -0.179,-0.136 -0.336,-0.11 -0.473,0.079 -0.04,0.175 -0.08,0.35 -0.12,0.525 -0.108,0.477 -0.382,0.826 -0.823,1.046 -0.284,0.191 -0.582,0.242 -0.895,0.15 -0.116,-0.149 -0.219,-0.307 -0.311,-0.472 -0.09,-0.162 -0.042,-0.281 0.143,-0.356 0.399,-0.373 0.889,-0.681 1.199,-1.126 0.296,-0.423 0.918,-0.357 1.318,-0.67 0.623,-0.488 -0.219,-0.702 -0.336,-1.185 -0.15,-0.617 0.581,-0.992 0.853,-1.406 -0.385,-0.76 -0.998,-1.038 -1.829,-1.085 0.103,-0.267 0.319,-0.52 0.386,-0.792 0.003,-0.227 0.006,-0.454 0.008,-0.681 -0.129,-0.195 -0.259,-0.391 -0.388,-0.587 -0.156,-0.25 -0.313,-0.5 -0.47,-0.751 -0.155,-0.238 -0.309,-0.476 -0.463,-0.715 -0.255,-0.057 -0.51,-0.113 -0.765,-0.169 -0.496,0.077 -0.959,0.239 -1.387,0.488 -0.309,0.081 -0.53,0.267 -0.662,0.557 -0.254,0.225 -0.363,0.508 -0.326,0.85 -0.099,0.291 -0.091,0.576 0.023,0.856 0.094,0.174 0.113,0.351 0.057,0.529 0.013,0.179 -0.082,0.28 -0.283,0.301 -0.168,0.114 -0.353,0.182 -0.556,0.205 -0.374,0.09 -0.682,0.056 -1.057,-0.018 -0.619,0.911 -0.685,2.134 -1.214,3.099 -0.128,0.329 -0.352,0.561 -0.672,0.696 -0.262,0.078 -0.456,0.237 -0.583,0.477 -0.148,0.398 -0.114,0.781 0.103,1.15 0.278,0.088 0.371,0.238 0.28,0.448 -0.439,0.29 -0.823,0.643 -1.151,1.058 -0.24,0.281 -0.316,0.586 -0.231,0.917 -0.545,0.241 -1.156,0.285 -1.739,0.395 -0.342,0.048 -0.679,0.124 -1.009,0.227 -0.298,-0.026 -0.483,0.093 -0.555,0.355 -0.228,0.287 -0.225,0.611 0.01,0.972 0.137,0.206 0.273,0.412 0.41,0.618 0.249,0.105 0.498,0.21 0.747,0.315 0.398,0.041 0.796,0.079 1.194,0.115 0.48,0.044 0.882,0.138 1.201,0.508 0.311,0.248 0.387,0.584 0.225,1.01 -0.116,0.234 -0.232,0.468 -0.348,0.702 -0.253,0.337 -0.651,0.621 -1.077,0.673 -0.395,0.048 -0.853,-0.342 -1.224,-0.451 -0.136,0.075 -0.157,0.214 -0.142,0.355 -0.219,-0.278 -0.871,-0.411 -1.095,-0.417 -0.153,0.484 -0.089,0.937 -0.11,1.434 -0.01,0.256 -0.168,0.77 0.228,0.844 0.025,-0.018 0.057,-0.044 0.148,-0.127 -0.007,0.031 -0.025,0.068 -0.029,0.096 -0.096,0.655 -0.214,1.142 -0.701,1.675 -0.42,0.46 -0.896,0.098 -1.334,-0.099 -0.4,-0.18 -0.786,0.59 -0.9,0.878 -0.089,0.225 -0.095,0.498 -0.226,0.705 -0.141,0.222 -0.405,0.297 -0.643,0.366 -0.266,0.077 -0.482,0.128 -0.654,-0.133 -0.124,-0.189 -0.237,-0.47 -0.233,-0.693 0.008,-0.423 0.466,-1.015 -0.244,-0.961 -0.692,0.052 -1.61,0.629 -1.894,1.274 -0.192,0.435 -0.19,0.936 0.164,1.294 0.202,0.205 0.273,0.305 0.225,0.617 -0.022,0.14 -0.111,0.33 -0.018,0.455 0.189,0.252 0.56,-0.036 0.782,-0.06 0.383,-0.041 0.816,0.044 0.814,0.479 -0.002,0.313 -0.231,0.847 0.213,0.939 0.398,0.082 0.648,-0.019 0.739,0.458 0.07,0.368 10e-4,0.773 -0.072,1.134 -0.034,0.168 -0.121,0.353 -0.092,0.525 0.533,0.041 1.101,-0.457 1.392,-0.852 0.309,-0.42 0.241,-0.544 0.135,-1.009 -0.037,-0.163 -0.195,-0.526 -0.15,-0.68 0.108,-0.37 0.761,-0.353 0.989,-0.607 -0.035,-0.202 -0.235,-0.33 -0.313,-0.511 -0.105,-0.243 -0.031,-0.313 0.147,-0.555 0.231,-0.314 0.528,-0.606 0.857,-0.814 0.293,-0.185 0.587,-0.326 0.836,-0.573 -0.102,-0.064 -0.22,0.029 -0.341,0.038 -0.27,-0.332 0.202,-0.83 0.444,-1.016 0.419,-0.322 1.292,-0.389 1.773,-0.189 0.462,0.193 0.279,0.513 0.358,0.924 0.049,0.252 0.082,0.253 0.337,0.328 0.1,0.029 0.109,-0.013 0.173,0.066 0.146,0.184 0.051,0.621 0.008,0.815 -0.12,0.543 -0.388,1.05 -0.671,1.525 -0.154,0.258 -0.219,0.434 -0.181,0.749 0.023,0.189 0.157,0.444 0.129,0.635 -0.028,0.194 -0.353,0.569 -0.564,0.567 -0.39,-0.005 -0.318,-0.707 -0.349,-0.97 -0.044,-0.374 -0.254,-0.313 -0.522,-0.134 -0.392,0.263 -0.625,0.818 -0.54,1.281 0.037,0.207 0.077,0.326 0.28,0.417 0.073,0.033 0.189,0.016 0.255,0.056 0.162,0.098 0.129,0.146 0.07,0.333 -0.262,0.831 0.306,1.234 0.902,1.724 -0.007,0.396 -0.888,0.486 -1.138,0.43 -0.269,-0.06 -0.505,-0.208 -0.787,-0.11 -0.29,0.1 -0.452,0.366 -0.632,0.607 -0.376,0.505 -0.747,1.29 -0.482,1.918 0.337,0.798 1.268,0.152 1.703,-0.207 0.389,0.234 0.432,0.943 0.975,0.993 0.721,0.067 0.343,-0.984 0.162,-1.305 -0.065,-0.116 -0.299,-0.33 -0.317,-0.446 -0.021,-0.135 0.363,-0.518 0.382,-0.539 0.222,-0.258 0.426,-0.442 0.715,-0.622 0.257,-0.159 0.515,-0.254 0.698,-0.507 0.3,-0.414 0.239,-0.995 0.352,-1.479 0.086,-0.366 0.082,-0.587 -10e-4,-0.935 -0.113,-0.472 0.286,-0.853 0.633,-1.141 0.272,-0.225 0.311,-0.227 0.453,0.054 0.134,0.264 0.222,0.538 0.286,0.828 0.057,0.262 0.026,0.353 0.258,0.479 0.225,0.122 0.455,0.242 0.708,0.295 0.285,0.059 0.249,-0.009 0.477,-0.104 0.129,-0.054 0.189,-0.061 0.337,-0.043 0.143,0.017 0.396,0.158 0.53,0.124 0.349,-0.087 0.221,-0.693 0.18,-0.941 -0.046,-0.278 -0.148,-0.511 -0.251,-0.769 -0.076,-0.19 -0.213,-0.536 -0.003,-0.705 0.419,-0.336 0.934,0.542 1.037,0.784 0.18,0.421 0.466,0.94 0.396,1.398 -0.054,0.356 0.021,0.654 0.204,0.974 0.123,0.215 0.342,0.343 0.457,0.55 -0.221,0.483 -0.913,0.548 -1.274,0.898 -0.224,0.218 -0.4,0.58 -0.445,0.888 -0.026,0.183 -0.002,0.362 -0.06,0.541 -0.112,0.346 -0.485,0.69 -0.832,0.645 -0.173,-0.023 -0.566,-0.101 -0.426,0.236 0.048,0.115 0.395,0.255 0.503,0.303 0.34,0.151 0.583,0.151 0.881,-0.088 0.388,-0.311 0.587,-0.944 0.831,-1.35 0.156,-0.261 0.356,-0.518 0.608,-0.696 0.274,-0.194 0.511,-0.197 0.705,-0.505 0.142,-0.227 0.236,-0.485 0.286,-0.746 0.06,-0.318 0.073,-0.615 0.169,-0.933 0.079,-0.26 0.205,-0.516 0.233,-0.788 0.53,0.079 0.633,1.206 0.646,1.568 0.252,0.184 0.719,-0.338 0.798,-0.463 0.169,-0.265 0.272,-0.562 0.35,-0.866 0.097,0.184 0.111,0.315 0.013,0.545 -0.147,0.214 -0.293,0.429 -0.44,0.643 -0.232,0.289 -0.463,0.577 -0.695,0.866 -0.152,0.266 -0.304,0.533 -0.456,0.799 0.005,0.178 0.009,0.357 0.014,0.535 0.157,0.173 0.349,0.242 0.577,0.207 0.266,0.003 0.526,0.043 0.782,0.12 0.032,0.007 0.063,0.017 0.095,0.024 -0.134,0.061 -0.26,0.121 -0.366,0.167 -0.224,0.097 -1.14,0.467 -1.243,0.822 0.409,0.17 0.847,0.35 0.854,0.695 -0.065,-0.009 -0.128,-0.017 -0.206,-0.027 -0.367,-0.05 -0.547,-0.029 -0.779,0.301 -0.217,0.308 -0.345,0.65 -0.351,1.025 -0.025,0.018 -0.049,0.038 -0.074,0.055 -0.11,0.025 -0.229,0.004 -0.341,-0.003 -0.243,-0.016 -0.487,-0.018 -0.729,-0.002 -10e-4,-0.142 10e-4,-0.285 -0.013,-0.428 0.14,-0.362 0.088,-0.623 -0.158,-0.782 -0.143,0.423 -0.255,0.854 -0.341,1.292 -0.235,0.074 -0.487,0.208 -0.554,0.457 -0.061,0.226 0.041,0.354 0.199,0.451 -0.177,0.123 -0.376,0.123 -0.656,0.12 -0.723,-0.008 -1.214,-0.221 -1.639,-0.804 -0.625,0.412 -1.258,1.029 -1.667,1.655 0.478,0.442 1.112,0.805 1.709,1.062 0.378,0.163 0.844,0.371 1.018,0.78 0.104,0.247 -0.09,0.378 -0.059,0.582 0.034,0.218 0.069,0.138 0.223,0.288 0.273,0.264 0.442,0.483 0.539,0.867 0.069,0.274 0.047,0.551 0.16,0.816 0.594,0.012 1.604,-0.081 1.95,0.553 0.323,0.592 0.002,1.447 -0.386,1.932 -0.699,0.875 -0.823,-0.014 -1.325,-0.317 -0.654,-0.394 -1.382,-0.122 -1.937,0.307 0.25,0.382 0.371,0.724 0.255,1.194 -0.14,0.567 -0.731,1.114 -0.46,1.739 0.194,0.449 0.861,0.838 1.314,0.66 0.308,-0.262 0.632,-0.501 0.972,-0.718 0.343,-0.23 0.719,-0.359 1.128,-0.389 0.625,-0.028 1.02,0.248 1.201,0.847 0.131,0.435 -0.171,0.828 -0.04,1.233 0.129,0.079 0.214,0.193 0.255,0.343 0.099,0.353 0.22,0.699 0.363,1.036 0.086,0.186 0.587,1.239 0.986,0.877 -0.153,-0.772 -0.118,-1.434 0.271,-2.134 0.327,-0.588 0.876,-1.18 1.627,-1.026 0.415,0.085 0.388,0.175 0.498,0.556 0.091,0.319 0.208,0.624 0.268,0.954 0.306,-0.279 0.679,-0.537 1.082,-0.747 0.161,0.386 0.342,0.764 0.499,1.15 0.096,0.236 0.017,0.278 -0.07,0.499 -0.13,0.33 -0.061,0.673 -0.04,1.016 0.025,0.407 -0.029,0.95 -0.483,1.126 -0.265,0.103 -0.589,0.033 -0.853,-0.031 -0.125,-0.03 -0.444,-0.2 -0.577,-0.155 -0.431,0.144 0.242,1.318 0.319,1.443 0.218,0.355 0.547,0.651 0.964,0.745 0.029,0.38 -0.339,1.048 -0.73,1.113 -0.519,0.086 -1.033,-0.342 -1.529,-0.192 -0.519,0.157 -0.53,0.634 -0.279,1.047 0.141,0.231 0.345,0.434 0.527,0.631 0.096,0.104 0.15,0.18 0.282,0.225 0.194,0.066 0.444,-0.035 0.639,-0.075 0.074,-0.015 0.26,-0.089 0.331,-0.063 0.166,0.061 0.178,0.38 0.073,0.525 -0.226,0.312 -0.759,0.372 -0.856,0.804 -0.091,0.402 0.671,0.772 0.977,0.869 0.107,0.034 0.213,0.039 0.306,0.104 0.198,0.138 0.213,0.528 0.215,0.784 -0.165,-0.102 -0.322,-0.21 -0.449,-0.278 -0.568,-0.305 -1.161,-0.611 -1.825,-0.596 0.202,1.119 -0.826,1.314 -1.279,2.167 -0.072,0.136 -0.108,0.363 -0.223,0.476 -0.299,0.294 -1.434,0.018 -1.81,0.001 -0.618,-0.028 -1.089,0.095 -1.409,0.667 -0.152,0.271 -0.223,0.542 -0.414,0.794 -0.227,0.298 -0.471,0.515 -0.852,0.44 -0.458,-0.09 -0.963,-0.41 -1.439,-0.174 -0.036,0.328 -0.154,0.527 -0.308,0.819 -0.159,0.302 -0.175,0.562 -0.486,0.607 -0.623,0.09 -1.01,0.17 -1.556,0.559 -0.371,0.265 -1.124,0.805 -1.122,1.337 0.67,0.282 1.635,0.415 2.065,1.09 -0.448,0.382 -1.329,0.233 -1.861,0.281 -0.232,0.348 0.911,1.332 1.084,1.505 0.069,0.217 0.177,0.283 0.308,0.315 0.22,0.116 0.61,0.232 0.693,0.497 0.135,0.428 -0.313,0.642 -0.563,0.869 -0.524,0.475 -0.826,1.135 -1.37,1.595 -0.229,0.194 -0.805,0.717 -1.162,0.692 -0.276,-0.02 -0.492,-0.457 -0.56,-0.687 -0.093,-0.312 0.014,-0.685 -0.278,-0.901 -0.222,-0.164 -0.355,-0.105 -0.537,0.05 -0.302,0.258 -0.46,0.659 -0.72,0.954 -0.278,0.315 -0.306,0.277 -0.679,0.081 -0.811,-0.426 -1.371,-1.012 -2.284,-1.176 -0.243,0.315 0.655,0.608 0.2,0.937 -0.372,0.269 -0.848,0.231 -1.183,0.627 -0.302,0.359 -0.884,1.276 -0.492,1.721 0.273,0.31 0.828,0.449 1.186,0.635 0.227,0.118 0.456,0.253 0.697,0.338 -0.222,0.027 -0.42,0.172 -0.618,0.273 -0.244,0.124 -0.862,0.289 -1.011,0.522 -0.134,0.21 -0.152,1.131 -0.061,1.368 0.094,0.242 0.859,1.061 1.093,1.037 0.365,-0.038 0.552,-0.685 0.923,-0.866 0.606,-0.294 0.902,-0.008 1.073,0.573 0.182,0.621 -0.18,1.018 0.488,1.411 0.403,0.237 1.159,0.498 1.555,0.172 0.242,-0.2 0.335,-0.532 0.576,-0.739 0.286,-0.246 0.717,-0.329 1.063,-0.442 -0.068,0.029 0.256,-0.469 0.609,-1.167 0.302,-0.597 0.787,-1.599 1.644,-1.198 0.424,0.198 0.593,0.678 0.532,1.108 0,0.293 -0.127,0.534 -0.38,0.721 -0.127,0.119 -0.255,0.238 -0.382,0.357 -0.118,0.481 0.588,0.922 0.779,1.331 0.36,0.768 -0.184,1.012 -0.798,1.33 -0.673,0.349 -2.045,0.573 -2.476,1.352 -0.198,0.359 -0.067,0.607 0.15,0.926 0.143,0.21 0.26,0.472 0.563,0.334 0.24,-0.109 0.295,-0.385 0.558,-0.49 0.34,-0.136 0.65,0.114 0.969,0.08 0.362,-0.038 0.598,-0.512 0.771,-0.751 0.246,-0.34 0.415,-0.64 0.875,-0.678 0.466,0.055 0.89,0.213 1.274,0.471 0.444,0.151 0.743,0.459 0.895,0.924 -0.189,0.592 -0.602,0.949 -1.241,1.071 -0.409,0.118 -0.799,0.277 -1.172,0.477 -0.256,0.037 -0.355,0.185 -0.297,0.441 0.171,0.27 0.225,0.559 0.161,0.867 -0.55,0.242 -1.129,0.369 -1.737,0.381 -0.627,-0.023 -1.103,0.206 -1.429,0.687 0.217,0.651 0.631,1.292 1.347,1.512 0.325,0.1 0.621,0.091 0.856,-0.171 0.298,-0.331 0.176,-0.402 0.66,-0.326 0.351,0.055 0.603,0.194 0.974,0.094 1.105,-0.299 0.432,-1.933 1.539,-2.273 0.611,-0.187 1.07,0.372 1.349,0.869 0.207,0.37 0.537,0.878 0.235,1.295 0.181,-0.341 0.788,-0.257 1.08,-0.215 0.451,0.066 1.07,0.248 1.349,0.652 0.198,0.102 0.249,0.25 0.154,0.446 -0.148,0.118 -0.296,0.236 -0.443,0.353 -0.349,0.287 -0.649,0.566 -0.927,0.919 0.438,0.354 0.819,0.399 0.46,0.992 0.332,0.411 1.078,0.188 1.311,0.683 0.348,0.737 -0.847,1.357 -1.398,1.531 -0.478,0.247 -0.97,0.243 -1.476,-0.013 -0.251,-0.118 -0.408,-0.297 -0.472,-0.535 -0.201,-0.23 -0.504,-0.287 -0.719,-0.512 -0.402,-0.424 -0.243,-1.014 -0.894,-1.353 -0.23,-0.079 -0.461,-0.157 -0.691,-0.236 -0.369,0.031 -0.575,0.226 -0.618,0.586 -0.347,0.673 -1.037,0.996 -1.809,0.725 -0.727,-0.255 -1.219,-0.863 -1.99,-0.993 -0.149,0.162 -0.198,0.342 -0.147,0.54 0.035,0.13 0.023,0.256 -0.034,0.378 -0.644,0.106 -2.061,0.064 -2.003,1.017 0.417,0.649 0.963,1.166 1.638,1.549 0.339,0.29 0.698,0.373 1.077,0.25 -0.165,-1.362 2.111,-1.821 2.619,-0.674 0.695,-0.049 1.198,0.094 1.835,0.384 0.417,0.189 1.331,0.466 1.551,0.875 -0.469,0.584 -0.824,1.234 -0.587,2.026 0.098,0.328 0.213,0.749 0.61,0.807 0.431,0.062 1.013,-0.373 1.283,-0.658 0.397,-0.42 0.8,-1.13 1.422,-1.24 0.455,-0.08 0.916,0.028 1.359,0.111 0.443,0.082 1.3,0.116 1.481,0.621 0.176,0.493 -0.382,0.956 -0.351,1.493 0.029,0.499 0.23,0.985 0.647,1.281 0.443,0.314 1.072,0.093 1.554,-0.131 0.112,0.371 0.15,0.737 -0.051,1.007 -0.289,-0.102 -0.83,-0.439 -1.15,-0.431 -0.287,0.008 -0.437,0.214 -0.657,0.42 -0.368,0.345 -1.028,0.874 -0.831,1.45 0.22,0.642 1.151,0.998 1.124,1.758 -0.031,0.864 -1.35,0.912 -1.893,0.54 -0.324,-0.222 -0.716,-0.811 -0.819,-1.2 -0.106,-0.399 0.303,-0.64 0.351,-1.025 0.058,-0.465 0.058,-1.063 -0.235,-1.438 -0.236,-0.302 -0.45,-0.669 -0.839,-0.667 -0.412,0.002 -0.82,0.027 -1.161,-0.226 -0.302,-0.224 -0.351,-0.493 -0.454,-0.838 -0.079,-0.263 -0.141,-0.75 -0.478,-0.497 -0.278,0.209 -0.306,0.613 -0.718,0.584 -0.446,-0.032 -0.807,-0.439 -1.252,-0.465 -0.394,-0.023 -0.694,0.214 -0.922,0.544 -0.075,0.108 -0.233,0.328 -0.191,0.477 0.045,0.159 0.415,0.445 0.532,0.599 0.223,0.292 0.403,0.716 0.701,0.929 1.188,-0.485 2.079,-1.033 3.37,-0.334 0.553,0.229 0.908,0.615 1.067,1.158 -0.075,0.225 -0.213,0.402 -0.415,0.53 -0.432,0.454 -0.501,1.064 -0.846,1.542 -0.498,0.69 -1.664,-0.243 -2.029,-0.661 -0.074,-0.178 -0.206,-0.27 -0.396,-0.276 -0.456,-0.113 -0.867,-0.319 -1.233,-0.618 -0.513,-0.407 -0.399,-0.438 -0.634,-0.884 -0.135,-0.211 -0.291,-0.404 -0.468,-0.58 -0.062,-0.094 -0.081,-0.194 -0.057,-0.301 -0.215,-0.241 -0.462,-0.447 -0.74,-0.616 -0.187,-0.245 -0.421,-0.374 -0.703,-0.386 -0.075,0.377 -0.322,0.884 -0.248,1.273 0.022,0.119 0.183,0.379 0.252,0.504 0.257,0.47 0.649,0.948 0.614,1.514 0.735,-0.162 1.777,0.309 2.206,0.909 0.312,0.437 0.332,0.739 -0.161,0.884 -0.433,0.127 -0.956,-0.013 -1.352,-0.195 -0.612,-0.281 -1.073,-0.445 -1.765,-0.361 -0.132,0.222 -0.002,0.509 -0.022,0.752 -0.027,0.329 -0.104,0.546 -0.387,0.726 -0.67,0.427 -1.545,0.034 -2.211,-0.239 -0.251,0.404 -0.158,0.745 -0.74,0.849 -0.522,0.093 -1.128,0.175 -1.462,0.674 -0.213,0.318 -0.229,0.944 0.05,1.232 -0.097,0.423 -1.04,0.657 -1.298,0.983 0.151,0.089 0.315,0.105 0.492,0.047 0.445,-0.057 0.874,0.014 1.286,0.213 0.49,0.178 2.432,1.002 1.72,1.873 -0.484,0.592 -1.216,-0.235 -1.773,0.158 -0.108,0.132 -0.189,0.279 -0.245,0.441 -0.156,0.271 -0.35,0.513 -0.58,0.726 -0.306,0.223 -0.576,0.139 -0.937,0.118 -0.664,-0.04 -1.132,-0.202 -1.543,0.415 -0.152,0.228 -0.601,1.074 -0.056,1.193 0.189,-0.171 0.305,-0.395 0.478,-0.576 0.232,-0.242 0.268,-0.229 0.594,-0.081 0.216,0.098 0.78,0.556 1.025,0.258 0.029,-0.195 0.068,-0.388 0.118,-0.579 0.019,-0.269 0.16,-0.469 0.425,-0.599 0.252,0.013 0.504,0.026 0.755,0.039 0.631,0.198 1.17,0.539 1.616,1.023 0.22,0.326 0.49,0.741 0.148,1.055 -0.484,0.445 -1.403,-0.294 -1.809,0.376 0.002,0.128 -0.026,0.249 -0.084,0.363 -0.081,0.249 -0.195,0.482 -0.343,0.701 -0.213,0.399 -0.472,0.837 -0.512,1.303 -0.075,0.871 0.895,1.476 1.039,2.289 0.071,0.4 -0.009,0.651 -0.273,0.963 -0.32,0.276 -0.623,0.57 -0.909,0.881 -0.045,0.115 -0.09,0.229 -0.134,0.344 0.088,0.295 0.823,0.216 0.984,0.223 0.186,0.009 0.985,-0.064 1.159,0.178 -0.122,0.261 -0.35,0.47 -0.444,0.74 0.255,0.275 1.013,0.36 1.351,0.438 0.254,-0.533 -0.016,-1.513 0.729,-1.737 0.754,-0.227 1.777,1.021 2.156,1.533 0.21,0.284 0.169,0.394 -0.148,0.464 -0.687,0.151 -1.199,0.122 -1.835,0.546 -0.29,0.193 -1.525,1.263 -0.814,1.7 0.314,0.193 0.653,-0.06 0.856,-0.263 0.344,-0.346 0.492,-0.385 0.955,-0.508 0.835,-0.22 1.814,-0.815 2.663,-0.474 0.198,0.398 -1.015,1.026 -1.243,1.236 -0.259,0.239 -1.123,1.573 -0.43,1.874 0.307,-0.188 0.819,-1.001 1.172,-0.499 0.393,0.559 -0.596,1.566 -0.899,1.927 0.139,0.28 0.718,0.195 0.959,0.181 0.434,-0.025 0.881,-0.102 1.264,-0.317 0.38,-0.213 0.481,-0.558 0.718,-0.919 0.139,-0.211 0.229,-0.371 0.25,-0.613 0.017,-0.193 -0.035,-0.309 0.045,-0.496 0.219,-0.505 0.785,-0.721 1.271,-0.53 0.578,0.226 0.869,0.712 0.72,1.324 -0.082,0.336 -0.512,0.695 -0.519,1.051 -0.004,0.19 0.16,0.334 0.203,0.504 0.068,0.263 -0.093,0.454 -0.241,0.652 -0.436,0.587 -1.034,1.343 -1.098,2.113 -0.044,0.527 0.633,0.99 1.123,0.86 -0.196,-0.669 -0.596,-1.347 0.339,-1.632 0.654,-0.199 1.705,-0.078 1.587,-1.047 -0.05,-0.414 -0.588,-1.367 0.106,-1.428 0.307,-0.027 1.68,0.195 1.778,-0.291 -0.297,-0.374 -0.553,-0.787 -0.912,-1.106 -0.203,-0.18 -0.428,-0.274 -0.661,-0.414 -0.469,-0.282 -0.646,-0.508 -0.743,-1.042 -0.113,-0.622 0.284,-0.834 0.861,-0.978 0.525,-0.131 0.87,0.064 1.363,0.165 0.094,0.105 0.183,0.112 0.266,0.021 0.142,-0.117 0.304,-0.188 0.488,-0.214 0.404,-0.073 0.807,-0.143 1.212,-0.21 0.282,-0.112 0.536,-0.084 0.762,0.084 0.256,0.309 -0.048,0.892 -0.051,1.232 0.526,0.175 1.099,0.461 1.378,0.974 0.263,0.485 0.024,0.875 0.073,1.357 0.558,0.109 1.416,0.188 1.765,-0.379 -0.058,-0.185 -0.439,-0.378 -0.545,-0.504 -0.21,-0.25 -0.363,-0.543 -0.504,-0.836 -0.249,-0.52 -0.197,-0.665 0.298,-0.907 0.282,-0.138 0.526,-0.221 0.834,-0.272 0.344,-0.056 0.69,-0.071 0.915,-0.381 0.153,-0.211 0.273,-0.655 0.158,-0.894 -0.594,0.391 -1.33,-0.504 -1.661,-0.895 -0.328,-0.388 -1.526,-1.577 -0.676,-1.973 0.457,0.335 0.65,0.875 1.097,1.224 0.362,0.282 0.368,0.044 0.754,-0.036 0.455,-0.094 1.759,-0.116 1.99,0.432 0.138,0.329 -0.183,0.529 -0.156,0.806 0.4,-0.078 0.849,-0.038 1.258,-0.049 0.24,-0.006 0.89,-0.104 1.055,0.218 0.317,0.616 -0.579,1.218 -0.275,1.845 0.259,0.534 0.475,0.916 0.993,0.48 0.319,-0.269 1.468,-2.237 1.859,-0.966 0.171,0.556 -0.424,1.408 -0.978,1.498 -0.482,0.079 -1.95,0.52 -1.766,1.204 0.068,0.253 0.346,0.337 0.579,0.362 0.58,0.064 1.267,-0.09 1.853,-0.154 0.527,-0.057 0.629,-0.059 0.724,-0.534 0.079,-0.396 0.215,-0.674 0.509,-0.943 0.267,0.048 0.402,0.247 0.722,0.224 0.207,-0.015 0.369,-0.145 0.552,-0.142 0.382,0.006 0.708,0.467 1.036,0.58 0.303,0.105 0.811,-0.479 1.017,-0.661 -0.015,-0.112 -0.817,-0.59 -0.938,-0.711 -0.385,-0.388 -0.516,-0.941 -0.257,-1.459 0.087,-0.174 0.358,-0.554 0.578,-0.348 -0.003,0.401 -0.28,0.595 0.088,0.908 0.298,0.253 0.725,0.446 1.117,0.473 -0.107,-0.283 -0.425,-0.799 -0.074,-1.021 0.607,0.183 2.258,0.555 1.861,1.511 -0.093,0.224 -0.206,0.401 -0.287,0.634 -0.079,0.228 -0.214,0.377 -0.374,0.561 -0.316,0.364 -1.453,1.442 -0.643,1.908 0.433,0.249 0.568,-0.447 0.763,-0.718 0.254,-0.352 0.441,-0.479 0.819,-0.377 0.371,0.101 1.245,0.329 1.575,0.158 0.577,-0.301 -0.108,-1.31 0.377,-1.593 0.507,-0.297 1.068,0.738 1.364,0.996 0.12,-0.188 0.123,-0.451 0.334,-0.582 0.186,-0.115 0.427,-0.072 0.631,-0.185 0.374,-0.208 0.34,-0.384 0.536,-0.675 0.155,-0.23 0.484,-0.291 0.629,-0.541 -0.204,-0.244 -1.761,-1.334 -1.313,-1.664 0.074,-0.055 0.412,-0.022 0.474,-0.025 0.543,-0.023 1.17,-0.131 1.714,-0.025 0.656,0.128 0.706,0.872 0.663,1.407 -0.042,0.521 -0.19,0.902 -0.455,1.337 -0.154,0.253 -0.44,0.632 -0.406,0.967 0.288,0.222 1.047,0.108 1.275,-0.176 0.187,-0.234 0.011,-0.313 -0.023,-0.567 -0.069,-0.509 0.61,-0.623 0.741,-1.063 0.116,-0.388 -0.577,-1.084 -0.734,-1.413 -0.095,-0.201 -0.429,-0.842 -0.205,-1.103 0.299,-0.35 1.283,-0.146 1.573,-0.136 0.417,0.014 1.017,-0.094 1.317,0.293 0.265,0.342 -0.025,0.592 -0.256,0.885 -0.276,0.351 -0.63,0.81 -0.519,1.302 0.082,0.363 0.167,0.311 0.498,0.246 0.16,-0.031 0.39,-0.063 0.545,-0.124 0.332,-0.13 0.507,-0.509 0.851,-0.626 0.265,-0.09 0.644,-0.06 0.899,0.002 0.508,0.124 1.494,0.617 1.613,1.198 -0.141,0.101 -0.317,-0.022 -0.482,-0.07 -0.26,-0.076 -1.039,-0.348 -1.332,-0.23 -0.402,0.162 -0.43,0.989 -0.371,1.323 0.078,0.439 0.194,0.646 -0.141,0.989 -0.246,0.252 -0.826,0.484 -0.592,0.887 0.162,0.28 0.311,0.198 0.549,0.086 0.518,-0.244 1.178,-0.408 1.71,-0.13 0.37,0.193 0.73,0.491 1.041,0.766 0.107,0.095 0.207,0.238 0.345,0.281 0.427,0.134 0.713,-0.512 1.062,-0.501 0.149,0.197 0.213,0.422 0.191,0.677 -0.019,0.242 -0.021,0.484 -0.006,0.726 0.1,0.168 0.403,0.133 0.56,0.152 0.583,0.068 0.74,0.108 1.028,-0.391 -0.153,-0.21 -0.456,-0.307 -0.598,-0.515 -0.131,-0.191 -0.061,-0.228 0.124,-0.401 0.215,-0.201 0.531,-0.274 0.474,-0.57 -0.033,-0.168 -0.195,-0.265 -0.299,-0.382 0.097,-0.27 0.415,-0.527 0.594,-0.746 0.295,-0.36 0.527,-0.572 1.038,-0.474 0.283,0.054 0.746,0.198 0.769,0.547 0.014,0.215 -0.2,0.394 -0.268,0.579 -0.09,0.244 -0.158,0.583 -0.203,0.844 -0.069,0.394 0.151,0.393 0.244,0.745 0.083,0.313 -0.241,0.524 -0.07,0.773 0.194,0.281 1.024,0.711 1.315,0.433 -0.041,-0.257 -0.201,-0.442 -0.093,-0.69 0.066,-0.152 0.283,-0.328 0.395,-0.458 0.133,-0.155 0.212,-0.251 0.26,-0.372 0.067,0.056 0.132,0.116 0.201,0.167 0.122,0.09 0.405,0.267 0.587,0.244 0.143,-0.564 0.517,-0.936 1.021,-1.136 0.068,0.096 0.105,0.208 0.079,0.375 -0.04,0.256 -0.272,0.51 -0.407,0.723 0.001,0.003 0.004,0.005 0.005,0.007 l -0.104,0.041 c 0,0 0.545,0.741 1.429,1.892 -0.089,0.08 -0.218,0.15 -0.374,0.215 -0.362,0.15 -0.846,0.292 -1.124,-0.071 0.084,-0.013 0.136,-0.009 0.168,0 -0.014,-0.019 -0.028,-0.039 -0.038,-0.089 -0.576,-0.113 -0.18,0.647 -0.233,0.898 -0.069,0.326 -0.815,0.708 -0.512,1.049 0.547,-0.159 0.991,0.005 1.268,0.531 -0.114,-0.118 -0.235,-0.222 -0.364,-0.294 -0.415,-0.232 -0.913,-0.278 -1.304,0.04 -0.223,0.182 -0.33,0.243 -0.636,0.166 -0.137,-0.035 -0.318,-0.142 -0.451,-0.061 -0.269,0.164 -0.017,0.56 -0.014,0.784 0.005,0.385 -0.122,0.808 -0.554,0.764 -0.311,-0.032 -0.822,-0.311 -0.954,0.122 -0.119,0.388 -0.043,0.647 -0.526,0.692 -0.373,0.034 -0.77,-0.073 -1.122,-0.179 -0.164,-0.049 -0.34,-0.154 -0.513,-0.141 -0.092,0.527 0.35,1.14 0.716,1.467 0.389,0.348 0.519,0.291 0.992,0.23 0.166,-0.021 0.542,-0.144 0.691,-0.085 0.358,0.142 0.279,0.791 0.51,1.042 0.204,-0.015 0.351,-0.202 0.539,-0.263 0.252,-0.081 0.314,-10e-4 0.538,0.199 0.29,0.26 0.553,0.583 0.729,0.931 0.156,0.31 0.269,0.615 0.491,0.887 0.073,-0.096 -0.008,-0.222 -0.006,-0.343 0.356,-0.237 0.807,0.28 0.969,0.538 0.28,0.447 0.264,1.323 0.019,1.783 -0.235,0.442 -0.537,0.229 -0.953,0.268 -0.255,0.024 -0.259,0.058 -0.358,0.304 -0.039,0.097 0.003,0.11 -0.082,0.166 -0.197,0.128 -0.623,-0.008 -0.812,-0.069 -0.529,-0.171 -1.009,-0.486 -1.455,-0.813 -0.242,-0.178 -0.411,-0.259 -0.729,-0.251 -0.19,0.005 -0.456,0.115 -0.644,0.068 -0.19,-0.047 -0.533,-0.406 -0.51,-0.615 0.042,-0.388 0.734,-0.25 0.999,-0.255 0.377,-0.008 0.336,-0.224 0.183,-0.507 -0.225,-0.416 -0.756,-0.699 -1.224,-0.66 -0.209,0.018 -0.332,0.046 -0.442,0.24 -0.04,0.07 -0.033,0.186 -0.08,0.249 -0.113,0.152 -0.157,0.115 -0.339,0.038 -0.802,-0.34 -1.258,0.187 -1.802,0.734 -0.394,-0.044 -0.4,-0.93 -0.32,-1.174 0.085,-0.262 0.255,-0.483 0.185,-0.773 -0.072,-0.298 -0.321,-0.484 -0.545,-0.687 -0.467,-0.422 -1.213,-0.866 -1.863,-0.662 -0.826,0.26 -0.271,1.247 0.045,1.715 -0.27,0.365 -0.98,0.341 -1.081,0.876 -0.135,0.711 0.947,0.435 1.284,0.285 0.121,-0.054 0.356,-0.266 0.474,-0.273 0.137,-0.008 0.481,0.411 0.501,0.431 0.236,0.245 0.4,0.466 0.551,0.77 0.134,0.271 0.204,0.536 0.439,0.743 0.384,0.338 0.968,0.332 1.439,0.491 0.357,0.12 0.577,0.138 0.931,0.087 0.48,-0.068 0.822,0.366 1.075,0.738 0.199,0.292 0.197,0.331 -0.096,0.446 -0.276,0.108 -0.557,0.17 -0.851,0.206 -0.267,0.032 -0.354,-0.008 -0.501,0.212 -0.143,0.212 -0.284,0.43 -0.36,0.677 -0.086,0.278 -0.015,0.248 0.059,0.485 0.041,0.134 0.042,0.194 0.011,0.339 -0.031,0.141 -0.194,0.379 -0.174,0.516 0.054,0.356 0.669,0.286 0.92,0.269 0.282,-0.02 0.523,-0.099 0.789,-0.177 0.197,-0.057 0.554,-0.161 0.702,0.064 0.295,0.449 -0.628,0.878 -0.879,0.958 -0.436,0.139 -0.98,0.375 -1.429,0.261 -0.349,-0.088 -0.653,-0.041 -0.989,0.11 -0.226,0.102 -0.374,0.308 -0.591,0.403 -0.46,-0.266 -0.459,-0.961 -0.773,-1.353 -0.195,-0.244 -0.539,-0.454 -0.842,-0.527 -0.18,-0.044 -0.36,-0.037 -0.533,-0.112 -0.333,-0.144 -0.641,-0.549 -0.563,-0.889 0.039,-0.17 0.154,-0.553 -0.194,-0.446 -0.119,0.037 -0.291,0.369 -0.349,0.471 -0.183,0.324 -0.206,0.566 0.004,0.885 0.273,0.415 0.884,0.674 1.265,0.956 0.245,0.181 0.482,0.404 0.635,0.672 0.167,0.291 0.147,0.527 0.436,0.75 0.212,0.163 0.46,0.281 0.715,0.355 0.311,0.09 0.606,0.131 0.913,0.257 0.252,0.103 0.494,0.253 0.763,0.307 -0.129,0.52 -1.261,0.515 -1.622,0.494 -0.207,0.233 0.269,0.748 0.385,0.838 0.417,0.325 0.939,0.482 1.437,0.627 0.295,0.085 0.734,0.106 0.82,0.462 0.082,0.342 -0.235,1.144 -0.417,1.398 -0.216,0.301 -0.93,0.955 -1.384,0.84 -0.454,-0.114 -0.864,-0.523 -1.245,-0.77 -0.276,-0.179 -0.556,-0.39 -0.856,-0.526 -0.178,-0.08 -0.334,-0.091 -0.508,-0.206 -0.371,-0.246 -0.499,-0.669 -0.885,-0.888 -0.337,-0.192 -0.67,0.004 -0.961,-0.141 -0.155,-0.077 -0.364,-0.706 -0.42,-0.837 -0.194,-0.45 -0.128,-0.644 -0.02,-1.105 0.085,-0.361 0.08,-0.542 -0.226,-0.804 -0.298,-0.256 -0.639,-0.427 -1.032,-0.458 -0.05,-0.132 0.01,-0.274 0.032,-0.407 0.062,-0.383 0.12,-0.77 0.058,-1.153 -0.042,-0.261 -0.151,-0.584 -0.422,-0.685 -0.384,-0.143 -0.525,0.213 -0.69,0.553 -0.159,0.329 -0.397,0.732 -0.467,1.092 -0.098,0.501 0.128,0.985 0.415,1.383 0.401,0.556 1.04,1.027 1.669,1.269 0.111,0.043 0.539,0.138 0.503,0.324 -0.453,0.307 -0.944,0.503 -1.211,1.007 -0.306,0.577 -0.096,1.179 0.069,1.773 -0.626,0.129 -1.308,-0.076 -1.854,-0.375 -0.523,-0.286 -0.64,-0.579 -0.954,-1.043 -0.235,-0.347 -0.446,-0.431 -0.851,-0.444 -0.261,-0.009 -0.583,0.03 -0.718,-0.252 -0.17,-0.355 0.251,-0.876 0.039,-1.182 -0.229,-0.33 -0.768,0.021 -0.927,0.212 -0.142,0.253 -0.284,0.506 -0.426,0.759 -0.149,0.222 -0.263,0.461 -0.343,0.716 -0.044,0.223 -0.021,0.43 0.044,0.628 -0.224,-0.09 -0.423,-0.163 -0.514,-0.195 -0.461,-0.165 -1.401,-0.551 -1.738,0.054 -0.008,0.245 0.007,0.488 0.047,0.73 0.005,0.408 0.039,0.814 0.1,1.217 0.12,0.341 0.041,0.611 -0.237,0.81 -0.207,0.116 -0.416,0.228 -0.628,0.334 -0.408,0.21 -0.882,0.518 -0.487,1.045 0.534,0.711 1.692,0.138 2.212,-0.237 0.365,-0.263 0.652,-0.635 1.128,-0.635 0.232,0 0.78,0.144 0.84,-0.221 0.168,0.004 0.586,0.145 0.66,0.317 0.056,0.131 -0.084,0.491 -0.107,0.591 -0.051,0.217 -0.141,0.453 -0.148,0.675 -0.01,0.291 0.169,0.652 0.017,0.912 -0.545,-0.013 -1.057,-0.224 -1.593,-0.228 -0.041,0.135 -0.011,0.277 -0.075,0.405 -0.098,0.199 -0.374,0.345 -0.539,0.474 -0.271,0.212 -0.553,0.518 -0.851,0.701 -0.186,0.114 -0.37,0.121 -0.582,0.15 -0.254,0.035 -0.608,0.009 -0.739,0.3 -0.163,0.365 -0.039,0.86 0.046,1.221 -0.012,0.233 0.111,0.341 0.369,0.324 0.228,-0.057 0.455,-0.114 0.683,-0.171 0.284,-0.076 0.956,-0.421 1.184,-0.14 -0.192,0.772 -1.209,0.788 -1.53,1.494 -0.287,0.631 0.155,0.685 0.481,1.061 0.224,0.259 0.117,0.478 0.243,0.799 0.228,0.58 0.953,0.585 1.478,0.682 0.062,0.158 -0.095,0.275 -0.136,0.419 -0.081,0.284 -0.098,0.665 -0.017,0.952 0.101,0.356 0.378,0.681 0.568,0.99 0.103,0.168 0.202,0.456 0.358,0.572 0.091,0.068 0.214,0.027 0.304,0.076 0.121,0.067 0.142,0.173 0.232,0.309 0.429,0.647 1.017,0.573 1.704,0.444 0.412,0.577 0.377,1.363 0.88,1.878 0.422,0.432 0.748,0.935 1.122,1.408 0.223,0.282 0.29,0.289 0.302,0.429 -0.45,0.248 -0.868,0.568 -1.04,0.944 -0.577,1.257 0.238,2.668 -0.441,3.887 -0.174,0.313 -0.44,0.589 -0.493,0.961 -0.084,0.586 0.73,0.901 1.156,0.926 0.206,-0.007 0.412,-0.013 0.618,-0.02 0.252,-0.143 0.464,-0.107 0.637,0.11 0.038,0.266 0.076,0.533 0.115,0.8 -0.048,0.695 -0.199,1.365 -0.451,2.008 -0.252,0.751 -1.192,2.311 -0.237,2.994 0.799,0.572 2.98,-1.113 2.234,-1.621 0.263,-0.01 0.352,0.3 0.426,0.483 0.095,0.199 0.16,0.407 0.195,0.625 0.018,0.299 0.149,0.54 0.394,0.726 0.413,-0.038 0.709,-0.25 0.887,-0.637 -0.008,-0.237 0.077,-0.384 0.257,-0.44 0.149,0.281 0.239,0.58 0.269,0.9 -0.028,0.361 0.117,0.608 0.435,0.742 0.445,-0.025 0.871,-0.13 1.279,-0.315 0.311,-0.23 0.582,-0.231 0.814,-0.002 -0.176,0.852 -0.234,1.529 0.428,2.179 -0.38,0.014 -0.801,-0.143 -1.17,-0.227 -0.298,-0.088 -0.601,-0.14 -0.911,-0.155 -0.314,-0.118 -0.593,-0.059 -0.835,0.177 0.005,0.348 0.152,0.611 0.441,0.789 0.288,0.349 0.669,0.55 1.142,0.604 0.665,0.061 1.317,-0.14 1.957,-0.275 0.474,-0.1 0.563,0.126 0.632,0.635 0.084,0.607 0.028,1.243 -0.016,1.85 0.39,0.059 0.792,0.008 1.183,-0.035 0.933,-0.104 1.988,-0.265 2.852,-0.618 0.241,-0.009 0.353,-0.127 0.335,-0.355 0.092,-0.218 0.065,-0.43 -0.08,-0.635 -0.08,-0.256 -0.171,-0.509 -0.274,-0.757 -0.183,-0.237 -0.187,-0.477 -0.011,-0.719 0.468,-0.078 0.775,0.123 0.92,0.605 -0.022,0.336 -0.043,0.671 -0.065,1.007 -0.269,0.711 -0.429,1.446 -0.482,2.204 0.043,0.489 0.221,0.91 0.535,1.263 0.401,0.547 0.719,0.889 1.427,0.755 0.392,-0.074 0.964,-0.293 1.179,-0.664 -0.058,0.513 -0.097,1.027 -0.179,1.54 -0.048,0.325 -0.102,0.648 -0.163,0.971 -0.136,0.26 -0.107,0.492 0.089,0.695 0.158,0.445 0.525,0.605 1.099,0.478 0.388,-0.106 0.776,-0.212 1.164,-0.318 0.29,-0.221 0.579,-0.442 0.869,-0.664 0.29,-0.41 0.271,-0.756 -0.059,-1.038 -0.124,-0.202 -0.276,-0.379 -0.455,-0.533 -0.204,-0.085 -0.272,-0.217 -0.204,-0.397 0.008,-0.432 0.706,-0.546 1.005,-0.768 0.397,-0.296 0.682,-0.762 0.746,-1.255 0.08,-0.609 -0.51,-1.174 -0.835,-1.617 0.388,-0.439 1.25,-0.589 1.786,-0.309 0.642,0.336 0.878,0.842 1.12,1.495 1.02,-0.602 1.803,-1.565 2.371,-2.595 0.508,0.311 1.342,0.11 1.824,-0.089 0.151,0.452 0.286,0.908 0.391,1.373 0.044,0.065 0.099,0.107 0.151,0.157 -0.064,0.122 -0.069,0.262 -0.156,0.372 -0.138,0.173 -0.438,0.258 -0.627,0.349 -0.31,0.15 -0.65,0.39 -0.98,0.505 -0.206,0.072 -0.388,0.04 -0.601,0.024 -0.255,-0.019 -0.596,-0.12 -0.785,0.138 -0.237,0.322 -0.22,0.832 -0.213,1.203 -0.061,0.225 0.036,0.357 0.292,0.395 0.234,-0.008 0.469,-0.015 0.704,-0.023 0.294,-0.014 1.023,-0.21 1.187,0.114 -0.351,0.714 -1.348,0.514 -1.812,1.137 -0.414,0.556 0.007,0.702 0.246,1.139 0.164,0.3 0.013,0.491 0.068,0.832 0.1,0.615 0.808,0.773 1.3,0.979 0.027,0.167 -0.151,0.249 -0.222,0.38 -0.139,0.261 -0.236,0.629 -0.217,0.927 0.024,0.369 0.226,0.746 0.346,1.088 0.065,0.186 0.101,0.489 0.229,0.635 0.075,0.086 0.203,0.071 0.281,0.139 0.104,0.091 0.102,0.199 0.162,0.35 0.283,0.724 0.873,0.775 1.571,0.794 0.281,0.651 0.081,1.412 0.463,2.021 0.321,0.512 0.533,1.072 0.799,1.613 0.202,0.41 0.256,0.324 0.175,0.624 -0.154,0.57 -0.422,1.182 -0.047,1.759 0.151,0.169 0.301,0.338 0.452,0.508 0.394,0.217 0.815,0.307 1.264,0.268 0.142,-0.082 0.284,-0.164 0.426,-0.246 0.108,-0.343 0.074,-0.664 -0.103,-0.962 -0.115,-0.351 -0.288,-0.674 -0.517,-0.968 -0.234,-0.17 -0.305,-0.365 -0.212,-0.583 0.392,0.03 0.879,0.022 1.255,0.152 0.254,0.088 0.308,0.11 0.547,-0.049 0.233,-0.155 0.536,-0.498 0.714,-0.7 0.153,-0.174 0.218,-0.311 0.135,-0.543 0.381,-0.022 0.85,0.238 1.203,0.149 0.203,0.068 0.33,-0.022 0.381,-0.27 0.031,-0.227 0.002,-0.443 -0.087,-0.648 0.138,-0.042 0.271,-0.096 0.4,-0.165 0.277,-0.1 0.404,-0.289 0.38,-0.567 -0.419,-0.321 -0.871,-0.51 -1.336,-0.758 -0.381,-0.203 -0.521,-0.359 -0.565,-0.805 -0.034,-0.344 -0.033,-0.691 -0.13,-1.028 -0.114,-0.396 -0.344,-0.547 -0.577,-0.836 0.106,-0.404 0.623,-0.225 0.908,-0.176 0.506,0.089 0.941,0.162 1.335,0.506 0.41,-0.201 0.145,-0.952 0.527,-1.182 0.389,-0.233 0.933,0.516 1.127,0.686 0.608,0.532 0.914,0.192 1.069,-0.5 0.114,-0.359 0.132,-0.727 0.054,-1.103 -0.021,-0.211 -0.108,-0.379 -0.262,-0.506 0.07,-0.255 0.546,-0.359 0.784,-0.433 0.301,-0.132 0.601,-0.132 0.899,0 0.236,0.141 0.468,0.288 0.697,0.441 0.412,0.048 1.168,-0.759 1.357,-0.964 0.455,-0.493 0.618,-0.882 0.682,-1.513 0.28,0.155 0.547,-0.161 0.671,-0.385 1.059,-0.228 2.132,-0.491 3.208,-0.792 0.293,0.102 0.625,0.125 0.867,0.084 0.34,-0.057 0.609,-0.267 0.59,0.212 -0.025,0.633 -0.147,1.251 -0.211,1.88 -0.061,0.595 -0.1,1.173 0.461,1.541 0.164,0.084 0.328,0.167 0.492,0.251 0.31,-0.059 0.459,-0.24 0.446,-0.544 0.106,-0.428 0.041,-0.909 0.184,-1.319 0.102,-0.294 0.239,-0.483 0.322,-0.816 0.03,-0.116 0.059,-0.231 0.089,-0.347 0.172,-0.178 0.364,-0.332 0.575,-0.462 0.344,-0.343 0.56,-0.765 0.984,-1.033 0.162,-0.091 0.312,-0.199 0.448,-0.327 0.007,-0.048 0.014,-0.096 0.02,-0.145 0.244,-0.152 0.773,-0.09 0.993,0.06 0.41,0.28 0.611,0.703 0.625,1.188 -0.275,0.138 -0.463,0.105 -0.774,0.062 -0.232,-0.04 -0.465,-0.081 -0.698,-0.122 -0.173,0.044 -0.345,0.088 -0.517,0.131 -0.202,0.194 -0.127,0.487 -0.129,0.72 -0.001,0.137 -0.039,0.23 -0.052,0.37 -0.051,0.58 0.885,0.845 1.294,1.064 0.285,0.152 0.477,0.314 0.488,0.643 0.008,0.225 -0.103,0.372 -0.165,0.582 0.308,0.309 0.654,0.489 1.062,0.625 0.306,0.102 0.524,0.131 0.557,0.49 0.023,0.258 -0.057,0.541 -0.089,0.797 -0.08,0.635 0.116,1.168 0.441,1.704 0.308,-0.29 0.388,-0.7 0.66,-1.028 0.106,-0.248 0.292,-0.351 0.56,-0.31 0.255,-0.041 0.511,-0.069 0.769,-0.086 0.468,0.027 0.862,-0.156 1.18,-0.549 0.159,-0.208 0.317,-0.416 0.476,-0.624 0.177,-0.249 0.394,-0.509 0.363,-0.834 -0.025,-0.265 -0.064,-0.234 -0.25,-0.383 -0.229,-0.182 -0.447,-0.639 -0.407,-0.973 0.035,-0.288 0.266,-0.354 0.505,-0.377 -0.254,0.313 -0.382,0.658 -0.124,1.016 0.7,0.325 1.437,0.469 2.212,0.432 0.441,0.064 0.789,-0.059 1.043,-0.366 -0.514,-0.629 -0.134,-1.445 0.477,-1.865 0.298,0.272 0.433,0.772 0.66,1.051 0.841,-0.137 1.291,-0.636 1.588,-1.413 0.223,0.179 0.399,0.461 0.638,0.607 0.215,0.072 0.431,0.143 0.646,0.215 0.225,-0.064 0.451,-0.128 0.677,-0.192 0.237,-0.061 0.475,-0.122 0.712,-0.183 0.064,0.401 0.221,0.777 0.576,1.085 0.259,0.225 0.581,0.519 0.947,0.355 0.397,-0.178 0.656,-0.857 0.731,-1.242 0.111,-0.568 0.071,-1.383 0.537,-1.809 0.341,-0.311 0.789,-0.466 1.207,-0.634 0.418,-0.168 1.16,-0.598 1.584,-0.268 0.413,0.322 0.189,1.013 0.503,1.449 0.291,0.406 0.721,0.709 1.232,0.735 0.658,0.034 1.129,-0.745 1.411,-1.214 0.298,-0.496 0.527,-1.371 1.066,-1.669 0.264,-0.146 0.581,0.075 0.824,0.13 0.354,0.08 0.436,-0.045 0.703,-0.223 0.464,-0.308 0.918,-0.518 1.493,-0.399 0.669,0.137 1.134,0.79 1.721,1.065 0.589,0.276 0.867,-0.107 1.218,-0.521 0.298,-0.351 0.461,-0.661 0.443,-1.119 -0.637,-0.155 -1.344,0.522 -1.993,0.164 -0.249,0.016 -0.371,-0.105 -0.366,-0.361 0.021,-0.151 0.052,-0.299 0.091,-0.446 0.053,-0.357 -0.029,-0.422 -0.275,-0.687 -0.411,-0.44 -0.806,-0.78 -1.376,-0.992 -0.604,-0.225 -1.187,-0.533 -0.614,-1.163 0.247,-0.27 0.545,-0.479 0.837,-0.694 0.53,-0.389 0.865,-0.613 0.53,-1.319 -0.199,-0.419 -0.454,-0.828 -0.684,-1.231 -0.289,0.311 -0.702,0.234 -1.077,0.243 -0.858,0.021 -1.676,0.292 -2.518,0.436 -0.923,0.158 -1.994,0.314 -2.788,-0.311 -0.675,-0.532 -0.185,-1.089 0.379,-1.392 0.241,-0.129 0.588,-0.204 0.791,-0.384 0.187,-0.166 0.302,-0.511 0.436,-0.726 0.237,-0.381 0.457,-0.733 0.824,-0.981 0.404,-0.273 0.916,-0.276 1.356,-0.467 0.322,-0.14 0.435,-0.348 0.604,-0.631 0.203,-0.34 0.298,-0.714 0.452,-1.077 0.21,-0.498 0.542,-0.848 0.975,-1.157 0.522,-0.373 1.724,-0.883 2.375,-0.737 0.615,0.138 0.924,0.46 1.216,1.012 0.201,0.381 0.409,0.942 0.804,1.177 0.344,0.204 0.733,0.075 1.097,0.185 0.092,0.194 -0.148,0.733 -0.179,0.93 -0.077,0.495 -0.071,1.264 0.528,1.46 0.645,0.211 0.687,-0.443 0.912,-0.858 0.298,-0.552 0.829,-0.874 0.99,-1.493 0.166,-0.634 0.307,-1.253 1.118,-1.059 0.215,0.051 0.446,0.345 0.653,0.328 0.175,-0.015 0.357,-0.268 0.5,-0.345 0.839,-0.458 1.455,0.407 2.245,0.242 0.259,-0.054 0.494,-0.202 0.656,-0.415 0.193,-0.255 0.139,-0.259 0.092,-0.531 -0.089,-0.511 -0.125,-0.534 0.316,-1.07 0.244,-0.296 0.518,-0.568 0.764,-0.863 -0.296,-0.517 -1.278,0.135 -1.484,-0.552 -0.083,-0.279 0.133,-0.636 -0.041,-0.914 -0.07,-0.112 -0.249,-0.217 -0.445,-0.305 1.132,-0.055 2.238,-0.19 3.508,-0.487 -0.029,0.41 0.132,0.88 0.456,1.05 0.399,0.061 0.793,0.148 1.18,0.263 0.398,0.108 0.742,0.307 1.033,0.596 0.432,0.454 0.481,0.933 0.148,1.463 -0.243,0.385 -0.737,0.414 -0.957,0.778 0.025,0.149 -0.005,0.288 -0.092,0.417 -0.201,0.306 -0.383,0.624 -0.545,0.953 -0.084,0.187 -0.551,1.255 -0.016,1.319 0.483,-0.621 1.006,-1.029 1.79,-1.194 0.658,-0.139 1.465,-0.112 1.841,0.556 0.208,0.37 0.123,0.408 -0.094,0.74 -0.181,0.278 -0.335,0.567 -0.545,0.828 1.213,0.142 2.669,0.799 3.199,1.961 0.283,0.621 0.091,1.031 -0.188,1.579 0.292,0.27 0.563,0.555 0.696,0.94 0.183,0.528 -0.216,1.148 -0.384,1.629 -0.297,0.85 0.061,1.843 0.721,2.447 0.036,-0.71 0.538,-1.324 0.857,-1.941 0.327,-0.633 0.51,-1.314 0.839,-1.939 0.843,0.012 0.451,1.125 0.255,1.518 -0.233,0.467 -0.372,1.025 0.173,1.316 0.657,-0.572 1.738,-0.04 2.487,-0.304 -0.21,-0.647 -0.537,-1.324 -0.034,-1.943 0.281,-0.346 0.948,-0.703 1.421,-0.629 0.284,0.044 0.503,0.278 0.742,0.417 0.492,0.288 1.045,0.383 1.566,0.593 1.457,0.588 -1.095,2.174 0.013,2.633 0.771,0.319 0.388,-1.086 0.494,-1.382 0.418,-0.063 0.831,0.088 1.251,0.057 -0.075,-0.389 0.236,-1.055 0.471,-1.326 0.389,-0.45 0.947,-0.454 1.476,-0.257 0.855,0.318 0.515,0.928 0.515,1.609 0,0.849 1.436,1.045 1.294,1.901 -0.06,0.359 -0.409,0.718 -0.523,1.086 -0.153,0.492 -0.139,1.018 -0.327,1.502 0.534,0.255 1.214,0.292 1.785,0.472 0.639,0.201 1.293,0.354 1.875,0.692 0.431,0.25 1.003,0.512 0.907,1.026 -0.059,0.314 -0.298,0.5 -0.301,0.863 -0.006,0.628 0.246,1.632 1.004,1.709 0.826,0.084 1.283,-0.785 1.934,-1.055 0.469,0.162 0.263,0.802 0.415,1.129 0.184,0.395 0.945,0.704 1.361,0.637 0.579,-0.092 0.356,-0.53 0.597,-0.86 0.176,-0.239 0.538,-0.206 0.769,-0.183 0.639,0.063 0.931,-0.028 1.479,-0.423 0.521,-0.376 1.045,-0.445 1.669,-0.235 0.628,0.212 0.728,0.615 0.579,1.217 -0.132,0.536 -0.224,0.868 0.45,1.003 0.494,0.099 0.811,-0.301 1.288,-0.335 0.242,-0.017 0.441,0.089 0.678,0.151 0.605,0.157 1.322,0.224 1.808,0.664 0.395,0.359 0.488,0.848 0.35,1.35 -0.085,0.309 -0.309,0.612 -0.352,0.926 -0.078,0.571 0.571,0.608 1.031,0.589 0.384,-0.016 0.722,-0.111 1.056,-0.302 0.173,-0.099 0.344,-0.291 0.533,-0.352 0.404,-0.132 0.951,0.388 1.297,0.596 0.552,0.332 1.13,0.667 1.794,0.684 -0.147,-1.127 0.889,-1.272 1.384,-2.102 0.079,-0.133 0.125,-0.357 0.246,-0.465 0.313,-0.279 1.433,0.053 1.808,0.088 0.369,0.035 0.683,-0.002 0.954,-0.145 0.765,5.559 1.963,10.938 -0.329,16.794 -3.369,8.609 -1.095,13.171 -3.903,19.534 -2.807,6.363 -0.138,14.085 -10.431,19.139 -0.895,0.44 -10.555,2.032 -18.98,3.796 -7.619,1.595 -13.313,4.859 -14.058,5.104 1.977,0.02 16.788,-1.216 20.543,-0.036 6.517,2.048 10.264,1.884 13.675,1.897 2.74,0.01 9.538,-1.18 12.626,-1.375 4.008,-0.253 10.126,1.501 13.68,1.368 5.589,-0.21 12.916,-1.517 18.452,-0.682 5.184,0.782 11.895,-3.903 17.021,-2.823 5.954,1.255 11.973,1.515 18.042,1.151 5.295,-0.317 20.633,0.155 25.833,-0.868 -3.428,-0.844 -16.166,-2.47 -19.82,-3.115 -6.363,-1.123 -6.754,0.056 -14.876,-5.068 -7.198,-4.541 -13.526,-5.577 -13.438,-11.654 0.069,-4.751 -2.261,-5.244 -2.838,-14.667 -0.398,-6.498 0.934,-9.054 -0.002,-17.663 -0.936,-8.609 0,-13.85 -0.936,-19.09 -0.936,-5.241 -1.446,-8.235 -0.698,-14.598 0.295,-2.506 -0.527,-5.793 -0.207,-8.861 0,-10e-4 0.459,-3.335 1.31,-7.269 0.16,-0.022 0.329,-0.028 0.508,-0.023 0.42,0.011 0.895,0.031 1.269,0.252 0.291,0.172 0.231,0.433 0.203,0.729 -0.038,0.395 -0.227,0.914 -0.196,1.31 0.016,0.207 0.056,0.56 0.329,0.576 0.286,0.017 0.639,-0.28 0.862,-0.429 0.287,-0.192 0.479,-0.402 0.67,-0.679 0.052,-0.075 0.194,-0.178 0.229,-0.261 0.152,-0.358 -0.575,-0.69 -0.738,-0.777 -0.345,-0.184 -0.851,-0.316 -0.611,-0.808 0.185,-0.379 0.524,-0.656 0.928,-0.761 0.308,-0.08 0.663,-0.078 0.935,-0.257 0.019,-0.349 -0.18,-0.771 -0.331,-1.073 0.148,0.031 0.271,0.113 0.368,0.247 0.268,0.229 0.578,0.365 0.929,0.407 0.46,0.036 1.044,0 1.277,-0.468 0.288,-0.578 0.37,-2.395 1.367,-1.4 0.587,0.586 0.572,1.697 0.657,2.493 0.116,1.075 0.974,1.631 1.979,1.831 0.036,0.248 -0.219,0.461 -0.338,0.666 -0.132,0.228 -0.428,0.704 -0.234,0.975 0.368,0.514 1.164,0.348 1.673,0.204 0.111,0.12 0.019,0.409 0.003,0.552 -0.042,0.375 -0.096,0.728 0.02,1.09 0.032,0.288 0.207,0.465 0.526,0.531 0.207,-0.003 0.414,-0.006 0.621,-0.009 0.601,-0.136 0.921,-0.597 0.975,-1.187 0.035,-0.387 -0.013,-0.735 -0.068,-1.119 -0.041,-0.284 0.059,-0.464 0.343,-0.54 0.655,-0.176 0.944,0.628 1.451,0.858 0.249,-0.514 -0.135,-1.101 -0.125,-1.644 0.011,-0.618 0.458,-0.885 1.011,-1.03 0.274,-0.072 0.318,-0.039 0.434,0.255 0.197,0.498 0.498,1.096 0.484,1.643 -0.01,0.405 -0.126,0.789 -0.124,1.197 10e-4,0.245 -0.141,0.342 -0.303,0.552 -0.312,0.404 -0.852,0.998 -0.299,1.446 0.366,0.296 1.013,0.049 1.024,0.633 0.008,0.47 -0.116,0.846 0.402,1.133 1.048,0.58 1.576,-0.718 1.875,-1.422 0.165,-0.39 0.192,-0.71 0.647,-0.696 0.788,0.024 1.463,0.626 2.213,0.805 0.744,0.178 1.42,-0.007 1.976,-0.527 0.227,-0.184 0.393,-0.411 0.496,-0.68 0.032,-0.193 0.121,-0.357 0.268,-0.489 0.328,-0.378 0.663,-0.626 0.695,-1.165 0.032,-0.52 -0.212,-0.722 -0.586,-1.012 0.14,-0.127 0.402,-0.159 0.585,-0.227 0.223,-0.083 0.14,-0.089 0.36,0.045 0.289,0.177 0.671,0.249 1.005,0.205 0.183,0.007 0.335,-0.047 0.455,-0.163 0.083,-0.035 0.111,-0.097 0.086,-0.187 0.11,-0.175 0.296,-0.379 0.534,-0.367 0.225,0.012 0.282,0.274 0.461,0.346 0.048,0.019 0.097,0.015 0.147,0.011 0,0.03 -0.004,0.055 -0.002,0.088 0.022,0.503 0.486,0.716 0.633,1.17 0.075,0.231 0.019,0.45 0.016,0.694 -0.007,0.625 0.099,1.338 -0.212,1.914 -0.254,0.47 -0.706,0.677 -1.227,0.662 -0.321,-0.009 -0.668,-0.154 -0.983,-0.12 -0.573,0.061 -0.453,0.699 -0.325,1.142 0.107,0.369 0.281,0.674 0.546,0.953 0.137,0.144 0.364,0.264 0.47,0.433 0.224,0.36 -0.149,1.016 -0.268,1.402 -0.191,0.616 -0.378,1.257 -0.235,1.905 1.059,-0.412 1.448,0.559 2.372,0.841 0.148,0.045 0.376,0.036 0.51,0.128 0.346,0.238 0.292,1.404 0.347,1.777 0.091,0.612 0.302,1.051 0.924,1.255 0.295,0.097 0.575,0.115 0.858,0.255 0.336,0.165 0.596,0.363 0.595,0.752 -0.001,0.467 -0.218,1.023 0.105,1.445 0.329,-0.028 0.547,0.05 0.863,0.145 0.327,0.098 0.586,0.065 0.689,0.361 0.208,0.594 0.36,0.959 0.847,1.42 0.332,0.314 1.006,0.949 1.527,0.845 0.148,-0.711 0.094,-1.685 0.674,-2.236 0.461,0.367 0.484,1.259 0.632,1.772 0.386,0.161 1.133,-1.15 1.269,-1.352 0.2,-0.109 0.244,-0.228 0.25,-0.363 0.072,-0.238 0.111,-0.643 0.355,-0.776 0.394,-0.215 0.69,0.184 0.961,0.386 0.567,0.423 1.272,0.593 1.828,1.039 0.234,0.187 0.858,0.652 0.902,1.008 0.034,0.275 -0.354,0.57 -0.567,0.682 -0.288,0.151 -0.675,0.117 -0.831,0.445 -0.118,0.249 -0.035,0.369 0.152,0.518 0.311,0.248 0.735,0.326 1.074,0.524 0.363,0.212 0.33,0.247 0.209,0.651 -0.262,0.878 -0.73,1.54 -0.717,2.467 0.356,0.178 0.471,-0.759 0.882,-0.375 0.335,0.313 0.389,0.789 0.842,1.041 0.41,0.228 1.422,0.623 1.784,0.153 0.252,-0.327 0.282,-0.899 0.396,-1.286 0.072,-0.246 0.161,-0.496 0.198,-0.749 0.069,0.213 0.25,0.38 0.387,0.555 0.168,0.216 0.449,0.791 0.706,0.892 0.232,0.091 1.14,-0.067 1.354,-0.203 0.219,-0.138 0.877,-1.046 0.808,-1.271 -0.107,-0.351 -0.779,-0.411 -1.026,-0.74 -0.405,-0.538 -0.181,-0.884 0.357,-1.162 0.574,-0.297 1.033,-0.018 1.292,-0.749 0.156,-0.441 0.267,-1.233 -0.129,-1.559 -0.242,-0.199 -0.586,-0.227 -0.835,-0.424 -0.297,-0.233 -0.461,-0.641 -0.637,-0.959 0.041,0.062 -0.509,-0.161 -1.262,-0.374 -0.644,-0.182 -1.72,-0.467 -1.491,-1.383 0.113,-0.454 0.552,-0.712 0.986,-0.734 0.288,-0.056 0.548,0.022 0.78,0.235 0.141,0.102 0.283,0.204 0.424,0.306 0.494,0.024 0.793,-0.753 1.157,-1.019 0.685,-0.5 1.029,-0.013 1.458,0.529 0.471,0.594 0.954,1.897 1.802,2.171 0.39,0.126 0.609,-0.051 0.88,-0.325 0.178,-0.181 0.413,-0.346 0.22,-0.616 -0.153,-0.215 -0.434,-0.216 -0.588,-0.454 -0.199,-0.308 -0.012,-0.659 -0.107,-0.966 -0.107,-0.348 -0.617,-0.488 -0.884,-0.612 -0.381,-0.176 -0.708,-0.285 -0.833,-0.729 -0.035,-0.468 0.038,-0.914 0.218,-1.341 0.063,-0.465 0.308,-0.817 0.735,-1.056 0.617,0.072 1.047,0.409 1.289,1.013 0.195,0.378 0.425,0.731 0.693,1.059 0.086,0.244 0.249,0.313 0.489,0.207 0.232,-0.22 0.505,-0.328 0.82,-0.324 0.342,0.494 0.578,1.038 0.707,1.632 0.097,0.62 0.413,1.043 0.948,1.271 0.597,-0.338 1.147,-0.867 1.226,-1.611 0.036,-0.339 -0.03,-0.627 -0.332,-0.808 -0.383,-0.229 -0.428,-0.096 -0.447,-0.586 -0.014,-0.354 0.075,-0.629 -0.095,-0.974 -0.505,-1.027 -1.98,-0.053 -2.525,-1.075 -0.301,-0.564 0.16,-1.121 0.594,-1.49 0.323,-0.274 0.758,-0.695 1.226,-0.478 -0.37,-0.112 -0.403,-0.724 -0.417,-1.019 -0.022,-0.455 0.038,-1.098 0.381,-1.449 0.062,-0.214 0.198,-0.292 0.408,-0.237 0.144,0.122 0.288,0.245 0.432,0.367 0.348,0.288 0.68,0.529 1.079,0.734 0.039,-0.074 0.071,-0.144 0.1,-0.211 0.141,0.066 0.279,0.142 0.432,0.233 0.298,0.176 0.59,0.219 0.932,0.201 0.144,-0.008 0.341,-0.076 0.482,-0.023 0.166,0.063 0.217,0.227 0.294,0.379 0.163,0.322 0.242,0.592 0.479,0.873 -0.043,0.133 -0.087,0.266 -0.173,0.387 -0.339,0.476 -0.949,0.433 -1.156,1.136 -0.033,0.241 -0.066,0.482 -0.099,0.724 0.101,0.356 0.332,0.522 0.693,0.495 0.727,0.212 1.176,0.827 1.059,1.637 -0.111,0.763 -0.614,1.362 -0.593,2.143 0.188,0.116 0.374,0.129 0.559,0.041 0.121,-0.059 0.247,-0.072 0.378,-0.039 0.227,0.612 0.458,2.01 1.382,1.771 0.557,-0.534 0.96,-1.168 1.207,-1.904 0.22,-0.388 0.232,-0.756 0.039,-1.104 -0.582,0.189 -1.08,-0.136 -1.363,-0.615 0.274,0.047 0.565,0.048 0.879,-0.038 0.484,-0.151 0.896,-0.407 1.238,-0.77 0.039,-0.096 0.092,-0.182 0.16,-0.257 0.249,0.21 0.517,0.362 0.829,0.47 0.35,0.121 0.784,0.106 1.007,0.467 0.029,0.209 0.058,0.418 0.088,0.627 -0.06,0.349 0.01,0.658 0.209,0.926 0.239,0.427 0.659,0.6 1.135,0.656 0.24,0.029 0.549,0.078 0.8,0.004 -0.073,0.061 -0.145,0.124 -0.218,0.187 -0.477,0.411 -1.01,1.096 -0.888,1.767 0.156,0.852 1.204,0.424 1.707,0.168 0.329,0.313 0.216,1.014 0.735,1.181 0.689,0.222 0.549,-0.886 0.442,-1.238 -0.039,-0.127 -0.22,-0.387 -0.212,-0.505 0.009,-0.137 0.467,-0.427 0.49,-0.443 0.273,-0.204 0.512,-0.339 0.833,-0.451 0.285,-0.099 0.557,-0.136 0.792,-0.343 0.383,-0.339 0.449,-0.92 0.665,-1.367 0.164,-0.339 0.208,-0.555 0.202,-0.913 -0.001,-0.078 0.027,-0.143 0.049,-0.211 0.184,0.084 0.367,0.169 0.551,0.254 0.516,0.435 0.71,0.979 0.582,1.632 -0.09,0.247 -0.18,0.494 -0.27,0.741 -0.252,0.36 -0.291,0.722 -0.118,1.085 0.037,0.451 0.32,0.704 0.85,0.759 0.494,0.114 1.865,-0.193 2.057,-0.844 0.151,-0.514 -0.354,-1.049 -0.299,-1.569 0.057,-0.537 0.414,-0.639 0.772,-0.932 0.436,-0.356 0.456,-0.695 0.176,-1.155 -0.247,-0.405 -0.251,-0.452 0.072,-0.689 0.203,0.252 0.331,0.669 0.36,0.826 0.084,0.45 0.251,1.018 0.082,1.451 -0.13,0.336 -0.121,0.643 -0.013,0.995 0.073,0.236 0.26,0.409 0.326,0.636 -0.32,0.424 -1.01,0.336 -1.438,0.6 -0.266,0.164 -0.517,0.479 -0.627,0.77 -0.066,0.173 -0.081,0.353 -0.177,0.515 -0.184,0.313 -0.624,0.568 -0.952,0.449 -0.164,-0.06 -0.53,-0.221 -0.467,0.138 0.022,0.122 0.33,0.335 0.425,0.405 0.299,0.221 0.536,0.274 0.879,0.106 0.446,-0.219 0.778,-0.794 1.105,-1.137 0.209,-0.221 0.461,-0.428 0.745,-0.548 0.31,-0.129 0.542,-0.081 0.798,-0.34 0.188,-0.19 0.336,-0.422 0.441,-0.666 0.128,-0.297 0.205,-0.585 0.368,-0.874 0.133,-0.237 0.312,-0.459 0.399,-0.719 0.5,0.193 0.355,1.315 0.289,1.671 0.206,0.234 0.775,-0.174 0.879,-0.278 0.374,-0.373 0.595,-0.872 0.8,-1.349 0.121,-0.282 0.197,-0.715 0.56,-0.756 0.35,-0.039 1.106,0.375 1.336,0.587 0.272,0.251 0.832,1.042 0.663,1.478 -0.169,0.436 -0.626,0.793 -0.918,1.14 -0.212,0.252 -0.456,0.503 -0.628,0.785 -0.102,0.167 -0.132,0.32 -0.267,0.479 -0.29,0.338 -0.725,0.413 -0.991,0.768 -0.233,0.311 -0.079,0.665 -0.259,0.935 -0.096,0.144 -0.746,0.274 -0.883,0.313 -0.47,0.137 -0.655,0.047 -1.099,-0.117 -0.347,-0.129 -0.528,-0.147 -0.826,0.125 -0.29,0.264 -0.503,0.581 -0.582,0.967 -0.137,0.033 -0.271,-0.044 -0.4,-0.082 -0.372,-0.109 -0.749,-0.215 -1.137,-0.201 -0.264,0.01 -0.598,0.077 -0.732,0.334 -0.19,0.363 0.146,0.547 0.463,0.753 0.306,0.199 0.677,0.484 1.026,0.599 0.485,0.16 0.993,-0.005 1.423,-0.241 0.601,-0.329 1.148,-0.905 1.466,-1.499 0.056,-0.104 0.204,-0.518 0.384,-0.459 0.249,0.488 0.382,0.999 0.849,1.327 0.534,0.375 1.158,0.242 1.768,0.151 0.05,0.637 -0.237,1.289 -0.602,1.794 -0.349,0.483 -0.654,0.563 -1.153,0.818 -0.374,0.19 -0.482,0.389 -0.546,0.789 -0.041,0.257 -0.042,0.582 -0.339,0.681 -0.373,0.125 -0.838,-0.357 -1.168,-0.185 -0.356,0.186 -0.075,0.765 0.095,0.946 0.234,0.172 0.467,0.345 0.7,0.517 0.202,0.175 0.424,0.318 0.668,0.429 0.216,0.071 0.424,0.074 0.629,0.035 -0.117,0.211 -0.214,0.4 -0.257,0.486 -0.221,0.437 -0.72,1.322 -0.162,1.731 0.242,0.039 0.485,0.053 0.73,0.044 0.405,0.045 0.812,0.062 1.22,0.051 0.353,-0.077 0.611,0.035 0.775,0.335 0.09,0.22 0.174,0.441 0.254,0.665 0.157,0.431 0.405,0.939 0.977,0.612 0.772,-0.441 0.346,-1.662 0.039,-2.224 -0.216,-0.395 -0.549,-0.726 -0.49,-1.198 0.029,-0.23 0.24,-0.756 -0.116,-0.861 0.025,-0.166 0.216,-0.563 0.397,-0.616 0.137,-0.04 0.477,0.144 0.573,0.18 0.209,0.078 0.432,0.196 0.651,0.231 0.287,0.045 0.668,-0.087 0.907,0.096 -0.08,0.539 -0.353,1.021 -0.423,1.553 0.129,0.057 0.273,0.046 0.393,0.125 0.185,0.122 0.296,0.413 0.403,0.593 0.177,0.295 0.446,0.613 0.59,0.932 0.09,0.199 0.074,0.383 0.077,0.596 0.003,0.256 -0.067,0.604 0.207,0.77 0.342,0.207 0.848,0.145 1.217,0.105 0.23,0.041 0.352,-0.068 0.368,-0.326 -0.028,-0.233 -0.057,-0.466 -0.085,-0.699 -0.04,-0.291 -0.3,-1 0.008,-1.192 0.742,0.287 0.632,1.298 1.293,1.704 0.591,0.363 0.699,-0.069 1.113,-0.346 0.285,-0.19 0.488,-0.057 0.823,-0.142 0.603,-0.154 0.699,-0.873 0.86,-1.382 0.164,-0.042 0.261,0.128 0.399,0.187 0.272,0.116 0.648,0.18 0.942,0.134 0.366,-0.056 0.723,-0.291 1.053,-0.441 0.179,-0.082 0.478,-0.144 0.612,-0.284 0.079,-0.082 0.053,-0.209 0.113,-0.292 0.081,-0.112 0.189,-0.12 0.335,-0.192 0.696,-0.346 0.694,-0.938 0.652,-1.635 0.624,-0.337 1.399,-0.206 1.972,-0.641 0.481,-0.365 1.02,-0.626 1.536,-0.939 0.391,-0.237 0.3,-0.284 0.606,-0.229 0.582,0.103 1.215,0.315 1.756,-0.11 0.155,-0.165 0.31,-0.33 0.466,-0.495 0.182,-0.412 0.233,-0.84 0.155,-1.283 -0.094,-0.134 -0.189,-0.268 -0.283,-0.402 -0.352,-0.078 -0.668,-0.015 -0.949,0.188 -0.34,0.146 -0.646,0.346 -0.918,0.601 -0.149,0.248 -0.336,0.336 -0.562,0.263 -0.005,-0.393 -0.056,-0.878 0.04,-1.263 0.065,-0.261 0.083,-0.316 -0.098,-0.54 -0.175,-0.218 -0.543,-0.489 -0.761,-0.649 -0.187,-0.137 -0.329,-0.189 -0.553,-0.086 -0.055,-0.377 0.161,-0.867 0.042,-1.211 0.05,-0.208 -0.051,-0.326 -0.303,-0.355 -0.229,-0.01 -0.441,0.038 -0.638,0.144 -0.054,-0.134 -0.12,-0.262 -0.199,-0.384 -0.124,-0.267 -0.323,-0.377 -0.598,-0.328 -0.283,0.445 -0.431,0.913 -0.636,1.398 -0.168,0.398 -0.311,0.551 -0.752,0.635 -0.34,0.065 -0.685,0.094 -1.012,0.221 -0.384,0.148 -0.514,0.391 -0.781,0.649 -0.412,-0.07 -0.28,-0.601 -0.255,-0.889 0.044,-0.512 0.078,-0.951 0.386,-1.375 -0.236,-0.391 -0.961,-0.06 -1.224,-0.42 -0.267,-0.366 0.432,-0.975 0.583,-1.183 0.476,-0.653 0.11,-0.928 -0.592,-1.02 -0.368,-0.082 -0.735,-0.067 -1.103,0.044 -0.208,0.04 -0.368,0.142 -0.481,0.306 -0.26,-0.048 -0.406,-0.512 -0.501,-0.743 -0.159,-0.288 -0.185,-0.587 -0.079,-0.895 0.12,-0.247 0.245,-0.492 0.377,-0.733 0.012,-0.415 -0.859,-1.096 -1.081,-1.267 -0.531,-0.41 -0.933,-0.538 -1.568,-0.545 0.148,-0.333 -0.313,-0.597 -0.534,-0.67 -0.527,-0.173 -1.117,-0.147 -1.65,-0.044 0.024,-0.384 0.429,-0.99 0.152,-1.381 -0.385,-0.011 -0.868,0.195 -1.227,0.074 -0.023,-0.213 -0.068,-0.421 -0.134,-0.624 -0.035,-0.041 -0.082,-0.056 -0.12,-0.09 0.098,-0.345 0.265,-0.629 0.578,-0.599 0.019,0.016 0.038,0.031 0.057,0.046 0.276,0.512 0.622,1.161 1.29,1.064 0.075,0.18 0.105,0.401 0.203,0.565 0.17,0.153 0.34,0.306 0.509,0.459 0.461,0.226 0.899,0.22 1.315,-0.019 0.37,-0.019 0.576,-0.211 0.615,-0.577 0.218,-0.278 0.239,-0.573 0.066,-0.884 -0.023,-0.287 -0.118,-0.546 -0.286,-0.776 -0.138,-0.179 -0.22,-0.38 -0.246,-0.604 1.66,-1.177 2.476,2.456 3.177,3.212 0.184,0.29 0.431,0.409 0.741,0.357 0.398,0.059 0.76,-0.059 1.086,-0.354 1.174,-1.001 -0.264,-1.839 -1.065,-2.356 0.326,-0.515 0.99,-1.033 1.646,-0.875 0.854,0.205 0.917,1.409 1.803,1.366 0.171,-0.067 0.328,-0.047 0.479,0.012 0.07,0.294 0.231,0.53 0.559,0.643 0.188,0.065 0.39,0.098 0.483,-0.095 0.035,-0.073 0.025,-0.155 0.003,-0.238 0.031,-0.008 0.062,-0.009 0.094,-0.02 0.263,-0.32 0.305,-0.676 0.127,-1.066 -0.036,-0.053 -0.079,-0.094 -0.119,-0.14 0.188,-0.087 0.414,-0.103 0.591,-0.232 0.074,-0.053 0.123,-0.108 0.166,-0.163 0.625,0.269 1.239,0.537 1.841,0.804 0.021,0.015 0.032,0.039 0.053,0.053 0.088,0.125 0.176,0.249 0.263,0.374 0.161,0.262 0.312,0.681 0.344,0.999 -0.581,0.388 -1.29,0.693 -1.572,1.375 -0.155,0.374 -0.037,0.573 0.314,0.729 0.255,0.113 0.746,0.193 1.003,0.184 0.682,-0.024 1.383,-0.26 2.013,-0.498 0.441,-0.167 0.843,-0.303 1.325,-0.231 0.4,0.059 0.764,0.286 1.168,0.253 0.096,0.07 0.177,0.156 0.293,0.206 0.221,0.214 0.482,0.315 0.783,0.304 0.273,0.022 0.541,0.074 0.803,0.156 0.181,0.243 0.149,0.651 0.047,0.914 -0.165,0.428 -0.522,0.345 -0.887,0.337 -0.138,0.277 -0.116,0.555 0.067,0.834 0.05,0.221 0.17,0.367 0.359,0.439 -0.114,0.215 0.324,0.703 0.373,0.737 0.176,0.085 0.353,0.171 0.529,0.256 0.278,-0.009 0.553,0.014 0.824,0.07 0.067,0.241 0.12,0.491 0.009,0.736 -0.13,0.285 -0.439,0.442 -0.655,0.646 -0.304,0.287 -0.234,0.745 -0.157,1.122 0.219,0.08 0.442,0.076 0.669,-0.01 0.275,-0.07 0.515,-0.016 0.718,0.164 0.025,0.187 -0.02,0.354 -0.135,0.501 -0.128,0.247 -0.261,0.491 -0.399,0.733 -0.068,0.157 -0.137,0.314 -0.205,0.471 -0.035,0.328 0.05,0.619 0.257,0.871 0.144,0.298 0.327,0.57 0.549,0.817 0.293,0.485 0.712,0.837 1.255,1.055 0.341,-0.002 0.682,-0.004 1.023,-0.006 0.445,-0.201 0.837,-0.477 1.174,-0.825 0.291,0.051 0.498,0.21 0.62,0.477 0.232,0.294 0.449,0.6 0.65,0.915 0.1,0.095 0.201,0.19 0.302,0.286 0.187,0.055 0.366,0.039 0.537,-0.048 0.114,0.097 0.139,0.226 0.076,0.388 10e-4,0.442 0.006,0.885 0.014,1.327 0.017,0.278 0.035,0.556 0.052,0.834 0.062,0.301 0.228,0.428 0.496,0.38 0.336,0.076 0.629,-0.036 0.88,-0.336 0.114,-0.328 0.228,-0.655 0.341,-0.983 0.038,-0.579 -0.035,-1.137 -0.22,-1.675 -0.119,-0.176 -0.147,-0.355 -0.082,-0.536 0.096,-0.079 0.192,-0.159 0.288,-0.238 0.231,-0.352 0.289,-0.718 0.173,-1.099 -0.003,-0.444 -0.193,-0.814 -0.569,-1.107 -0.205,-0.225 -0.41,-0.451 -0.615,-0.676 -0.282,-0.201 -0.396,-0.449 -0.341,-0.744 -0.036,-0.265 0.089,-0.459 0.375,-0.583 0.195,-0.029 0.39,-0.057 0.585,-0.085 0.258,0.116 0.514,0.236 0.769,0.359 0.156,-0.139 0.252,-0.311 0.289,-0.515 0.06,-0.209 0.141,-0.411 0.244,-0.603 0.091,0.011 0.183,0.021 0.274,0.032 0.131,0.065 0.263,0.131 0.394,0.196 0.257,0.09 0.624,-0.072 0.825,0.103 0.176,0.153 0.165,0.392 0.133,0.61 -0.036,0.245 -0.25,0.867 -0.026,1.064 0.134,0.057 0.269,0.113 0.403,0.169 0.201,0.033 0.401,0.066 0.602,0.1 0.298,0.093 0.601,0.234 0.616,0.591 -0.081,0.178 -0.163,0.357 -0.244,0.535 -0.243,0.375 -0.568,0.549 -0.976,0.521 -0.247,0.095 -0.468,0.056 -0.661,-0.117 -0.207,-0.099 -0.401,-0.217 -0.585,-0.355 -0.18,0.344 -0.205,0.71 -0.074,1.1 0.063,0.437 0.271,0.773 0.624,1.01 0.224,0.093 0.377,0.257 0.459,0.492 0.183,0.333 0.288,0.687 0.317,1.064 -0.165,0.307 -0.388,0.568 -0.669,0.781 -0.36,0.583 -0.604,1.211 -0.732,1.885 -0.141,0.348 -0.208,0.708 -0.2,1.079 0.078,0.329 0.191,0.645 0.341,0.948 0.152,0.4 0.355,0.773 0.609,1.12 0.21,0.138 0.319,0.322 0.327,0.549 -0.121,0.189 -0.219,0.389 -0.294,0.601 -0.065,0.193 -0.17,0.359 -0.314,0.498 -0.079,0.245 0.228,0.351 0.414,0.422 0.199,0.076 0.257,0.108 0.464,0.054 0.274,0.22 0.422,0.517 0.361,0.143 0.182,0.031 0.328,0.053 0.498,0.147 0.117,0.065 0.208,0.146 0.31,0.233 0.06,0.052 0.151,0.175 0.246,0.153 0.082,-0.167 0.065,-0.398 0.053,-0.578 -0.009,-0.14 -0.075,-0.274 -0.078,-0.408 0.105,-0.031 0.214,0.013 0.318,-0.022 0.185,-0.062 0.221,-0.24 0.264,-0.404 0.159,0.108 0.435,-0.142 0.449,-0.304 0.024,-0.286 -0.42,-0.304 -0.474,-0.521 -0.052,-0.207 0.457,-0.458 0.569,-0.494 0.198,-0.057 0.396,-0.056 0.594,0.005 0.128,0.03 0.254,0.069 0.377,0.116 0.132,-0.017 0.108,-0.151 0.111,-0.26 0.007,-0.225 0.074,-0.406 0.165,-0.611 0.123,-0.275 0.094,-0.441 -0.049,-0.709 -0.089,-0.166 -0.219,-0.444 -0.438,-0.463 -0.182,-0.015 -0.506,0.174 -0.665,0.045 -0.126,-0.102 -0.126,-0.554 -0.075,-0.687 0.084,-0.219 0.317,-0.232 0.493,-0.332 0.156,-0.088 0.286,-0.234 0.32,-0.415 0.034,-0.182 0.002,-0.415 -0.007,-0.595 -0.011,-0.204 -0.01,-0.478 -0.166,-0.639 -0.038,0.003 -0.071,0.017 -0.099,0.042 0.015,-0.155 0.06,-0.227 0.038,-0.407 -0.036,-0.296 -0.136,-0.605 -0.267,-0.87 -0.225,-0.458 -0.495,0.144 -0.743,0.27 -0.277,0.141 -0.527,-0.305 -0.571,-0.526 -0.069,-0.343 0.336,-0.659 0.596,-0.81 0.239,-0.139 0.494,-0.179 0.727,-0.342 0.142,-0.099 0.27,-0.21 0.422,-0.296 0.17,-0.096 0.356,-0.154 0.532,-0.237 0.066,-0.031 0.227,-0.156 0.314,-0.143 0.188,0.027 0.326,0.372 0.4,0.516 0.134,0.261 0.182,0.553 0.31,0.815 0.266,0.549 0.942,0.301 1.373,0.143 0.261,-0.096 0.755,-0.289 0.985,-0.086 0.134,0.117 0.153,0.378 0.197,0.544 0.076,0.287 0.172,0.573 0.27,0.853 0.033,0.094 0.023,0.15 0.115,0.205 0.098,0.058 0.232,0.022 0.339,0.017 0.152,-0.006 0.313,-0.013 0.37,0.128 0.117,0.288 -0.014,0.72 0.273,0.943 0.092,0.071 0.185,0.061 0.291,0.068 0.128,0.008 0.214,0.033 0.325,0.104 0.248,0.157 0.267,0.375 0.36,0.629 0.072,0.196 0.185,0.361 0.12,0.585 -0.036,0.006 -0.072,0.011 -0.108,0.014 -0.059,0.2 0.343,0.428 0.487,0.462 0.387,0.092 0.584,-0.222 0.786,-0.484 0.175,-0.227 0.372,-0.556 0.684,-0.356 0.174,0.111 0.294,0.199 0.498,0.254 0.241,0.066 0.536,0.144 0.777,0.035 0.415,-0.188 0.573,-0.643 0.51,-1.067 -0.052,-0.351 -0.291,-0.966 -0.74,-0.953 -0.236,0.007 -0.399,0.228 -0.614,0.24 -0.24,-0.315 -0.239,-0.639 -0.029,-0.965 0.122,-0.189 0.277,-0.348 0.463,-0.475 0.118,-0.08 0.267,-0.131 0.371,-0.228 0.276,-0.257 -0.155,-0.595 -0.261,-0.871 -0.082,-0.211 -0.01,-0.434 0.027,-0.644 -0.237,-0.159 -0.624,-0.004 -0.865,-0.143 -0.141,-0.081 -0.099,-0.285 -0.047,-0.448 0.069,-0.218 0.276,-0.354 0.361,-0.565 0.049,-0.12 0.106,-0.402 -0.014,-0.509 -0.097,-0.087 -0.296,-0.04 -0.4,-0.002 -0.251,0.093 -0.468,0.229 -0.736,0.283 -0.312,0.064 -0.797,0.163 -1.102,0.018 -0.393,-0.187 -0.318,-0.728 0.013,-0.948 0.364,-0.242 0.898,-0.184 1.302,-0.325 0.435,-0.152 0.457,-0.415 0.671,-0.758 0.218,0.104 0.343,0.376 0.603,0.407 0.307,0.037 0.482,-0.331 0.57,-0.559 0.265,-0.68 0.016,-1.47 -0.61,-1.854 0.282,-0.164 0.72,-0.018 0.991,-0.234 0.262,-0.21 0.051,-0.595 -0.127,-0.779 -0.281,-0.29 -0.632,-0.478 -1.043,-0.455 -0.333,0.018 -0.429,0.17 -0.614,0.434 -0.107,0.153 -0.115,0.172 -0.248,0.054 -0.303,-0.268 -0.26,-0.889 -0.739,-0.93 0.174,0.009 0.42,-0.175 0.553,-0.277 0.272,-0.209 0.427,-0.523 0.363,-0.861 -0.065,-0.344 -0.409,-0.477 -0.696,-0.322 -0.29,0.156 -0.338,0.541 -0.604,0.693 -0.492,0.28 -0.688,-1.071 -0.919,-1.335 -0.181,-0.207 -0.332,-0.215 -0.581,-0.152 -0.325,0.082 -0.352,0.032 -0.649,-0.156 -0.245,-0.156 -0.483,-0.291 -0.784,-0.295 -0.236,-0.003 -0.457,0.063 -0.689,0.086 -0.129,0.013 -0.262,-10e-4 -0.391,0.008 -0.252,0.018 -0.497,0.088 -0.749,0.102 -0.262,0.014 -0.53,-10e-4 -0.702,-0.24 -0.152,-0.211 -0.209,-0.467 -0.228,-0.721 -0.01,-0.129 -0.074,-0.333 0.051,-0.408 0.159,-0.094 0.435,0.204 0.546,0.289 -0.005,-0.111 -0.168,-0.172 -0.233,-0.259 -0.1,-0.135 -0.168,-0.217 -0.041,-0.38 0.276,-0.354 0.861,-0.216 1.221,-0.153 0.195,0.034 0.237,0.027 0.271,0.239 0.029,0.182 0.032,0.37 0.082,0.548 0.054,0.192 0.137,0.418 0.343,0.474 0.251,0.069 0.476,-0.107 0.664,-0.256 0.322,-0.254 0.598,-0.388 0.981,-0.173 0.254,0.143 0.45,0.272 0.736,0.374 0.199,0.071 0.385,0.134 0.569,0.238 0.185,0.104 0.329,0.235 0.543,0.268 0.212,0.033 0.467,-0.036 0.647,-0.155 0.341,-0.225 0.427,-0.512 0.457,-0.898 0.112,0.02 0.199,0.077 0.302,-0.017 0.212,-0.196 -0.062,-0.583 -0.249,-0.646 -0.351,-0.119 -0.665,0.085 -1.006,0.153 -0.349,0.07 -0.728,0.141 -1.065,0 -0.344,-0.144 -0.409,-0.448 -0.47,-0.791 -0.053,-0.304 -0.108,-0.65 -0.003,-0.951 0.082,-0.235 0.279,-0.23 0.496,-0.252 0.29,-0.03 0.692,0.031 0.973,-0.049 0.147,-0.042 0.395,-0.122 0.368,-0.321 -0.029,-0.208 -0.295,-0.42 -0.435,-0.559 -0.18,-0.179 -0.359,-0.287 -0.587,-0.384 -0.062,-0.026 -0.156,-0.114 -0.221,-0.127 -0.28,-0.058 -0.414,0.515 -0.452,0.645 -0.082,0.275 -0.104,0.659 -0.494,0.558 -0.3,-0.078 -0.549,-0.282 -0.684,-0.558 -0.102,-0.21 -0.152,-0.466 -0.321,-0.636 -0.254,0.037 -0.529,0.242 -0.726,0.394 0.001,-0.111 0.042,-0.212 0.124,-0.301 0.126,-0.227 0.179,-0.469 0.158,-0.729 -0.041,-0.337 -0.152,-0.753 -0.523,-0.853 -0.459,-0.123 -1.78,0.082 -1.208,-0.782 0.337,-0.508 1.14,-0.659 1.702,-0.836 0.758,-0.24 1.034,-0.94 1.032,-1.693 0.174,-0.062 0.364,0.091 0.529,0.147 0.183,0.062 0.57,0.206 0.737,0.027 0.317,-0.34 0.081,-0.89 -0.096,-1.236 0.071,-0.098 0.292,-0.073 0.397,-0.083 0.277,-0.024 0.538,-0.037 0.783,-0.173 0.203,-0.065 0.305,-0.217 0.306,-0.456 -0.032,-0.149 -0.064,-0.298 -0.096,-0.446 -0.185,-0.414 -0.564,-0.577 -0.998,-0.53 -0.284,0.031 -0.528,0.116 -0.797,0.212 -0.199,0.071 -0.343,0.025 -0.439,-0.169 -0.222,-0.446 0.316,-0.771 0.407,-1.17 -0.406,-0.105 -0.774,0.257 -1.166,0.329 -0.214,0.039 -0.383,-0.009 -0.523,-0.108 2.216,-0.349 4.527,-0.926 6.973,-1.4 -0.508,0.177 -1.028,0.311 -1.541,0.476 -0.57,0.184 -1.114,0.381 -1.225,1.042 -0.011,0.184 -0.021,0.367 -0.032,0.551 0.179,0.26 0.405,0.323 0.678,0.189 0.435,-0.076 0.848,-0.328 1.281,-0.363 0.311,-0.025 0.538,0.024 0.877,-0.034 0.118,-0.019 0.236,-0.039 0.353,-0.058 0.232,0.086 0.45,0.2 0.654,0.341 0.453,0.177 0.926,0.205 1.342,0.486 0.148,0.112 0.308,0.205 0.479,0.278 0.047,-0.013 0.094,-0.027 0.14,-0.04 0.237,0.162 0.394,0.671 0.345,0.934 -0.091,0.488 -0.398,0.842 -0.835,1.05 -0.237,-0.196 -0.282,-0.382 -0.369,-0.683 -0.056,-0.229 -0.113,-0.458 -0.169,-0.688 -0.11,-0.14 -0.219,-0.281 -0.328,-0.421 -0.259,-0.107 -0.497,0.08 -0.711,0.172 -0.126,0.054 -0.226,0.057 -0.36,0.102 -0.552,0.186 -0.418,1.151 -0.453,1.613 -0.024,0.322 -0.095,0.563 -0.392,0.705 -0.203,0.098 -0.382,0.056 -0.599,0.084 -0.158,0.406 -0.184,0.796 -0.145,1.224 0.03,0.322 0.091,0.532 -0.224,0.707 -0.227,0.125 -0.518,0.166 -0.765,0.239 -0.614,0.182 -1.022,0.577 -1.382,1.09 0.389,0.165 0.796,0.073 1.207,0.191 0.27,-0.003 0.439,0.126 0.509,0.387 0.14,0.217 0.269,0.44 0.388,0.669 0.163,0.44 0.489,0.726 0.978,0.859 0.254,0.061 0.508,0.123 0.763,0.184 0.299,0.062 0.624,0.155 0.91,-0.004 0.232,-0.13 0.189,-0.152 0.25,-0.383 0.075,-0.283 0.405,-0.666 0.727,-0.764 0.333,-0.101 0.49,0.184 0.616,0.434 0.097,0.34 0.145,0.686 0.144,1.037 -0.049,0.281 0.032,0.52 0.245,0.716 0.412,-0.161 0.712,-0.447 0.898,-0.859 0.021,-0.231 0.124,-0.383 0.308,-0.456 0.192,0.116 0.346,0.073 0.462,-0.129 0.021,-0.178 0.042,-0.357 0.064,-0.535 0.057,-0.486 0.293,-0.862 0.707,-1.128 0.262,-0.221 0.553,-0.302 0.874,-0.244 0.131,0.136 0.251,0.281 0.359,0.436 0.106,0.152 0.072,0.275 -0.104,0.369 -0.357,0.413 -0.811,0.772 -1.073,1.247 -0.249,0.452 -0.875,0.452 -1.24,0.806 -0.568,0.551 0.292,0.675 0.46,1.143 0.215,0.598 -0.473,1.048 -0.699,1.489 0.464,0.715 1.103,0.926 1.933,0.885 -0.074,0.276 -0.262,0.551 -0.299,0.828 0.021,0.226 0.043,0.452 0.064,0.678 0.15,0.181 0.299,0.362 0.449,0.542 0.182,0.232 0.364,0.464 0.546,0.696 0.179,0.22 0.358,0.441 0.537,0.662 0.26,0.029 0.519,0.058 0.779,0.087 0.485,-0.129 0.928,-0.339 1.327,-0.632 0.299,-0.113 0.499,-0.322 0.599,-0.624 0.229,-0.25 0.307,-0.543 0.234,-0.879 0.067,-0.3 0.029,-0.583 -0.114,-0.849 -0.112,-0.163 -0.15,-0.337 -0.113,-0.52 -0.032,-0.177 0.052,-0.287 0.25,-0.329 0.155,-0.131 0.332,-0.219 0.531,-0.263 0.362,-0.129 0.672,-0.128 1.053,-0.094 0.519,-0.972 0.455,-2.194 0.879,-3.211 0.092,-0.34 0.291,-0.595 0.595,-0.763 0.252,-0.105 0.428,-0.284 0.529,-0.536 0.105,-0.411 0.031,-0.789 -0.224,-1.132 -0.286,-0.058 -0.395,-0.197 -0.326,-0.416 0.406,-0.335 0.75,-0.727 1.032,-1.174 0.208,-0.305 0.252,-0.617 0.132,-0.936 0.516,-0.297 1.12,-0.406 1.687,-0.577 0.335,-0.084 0.662,-0.195 0.979,-0.333 0.299,-0.006 0.47,-0.143 0.515,-0.412 0.197,-0.31 0.159,-0.631 -0.113,-0.965 -0.158,-0.19 -0.315,-0.381 -0.473,-0.572 -0.258,-0.078 -0.517,-0.156 -0.776,-0.234 -0.4,10e-4 -0.799,0.005 -1.199,0.012 -0.482,0.007 -0.891,-0.044 -1.248,-0.378 -0.307,-0.195 -0.416,-0.489 -0.346,-0.873 0.439,0.059 0.877,0.12 1.315,0.23 0.332,0.099 0.67,0.148 1.017,0.147 0.327,0.027 0.651,0.069 0.974,0.124 0.248,-0.058 0.315,-0.301 0.495,-0.452 0.325,-0.273 0.985,-0.494 1.397,-0.576 0.56,-0.112 1.136,0.098 1.703,0.001 0.479,-0.081 0.607,-0.248 0.923,-0.692 0.35,-0.492 0.783,-1.035 0.397,-1.587 -0.173,-0.248 -0.539,-0.529 -0.834,-0.627 -0.463,-0.154 -0.84,0.06 -1.314,0.078 -0.757,0.027 -1.354,-0.493 -1.621,-1.179 -0.112,-0.287 -0.205,-0.757 -0.018,-1.061 0.242,0.025 0.498,0.146 0.738,0.224 0.32,0.105 0.571,-0.345 0.709,-0.696 0.116,-0.039 0.228,-0.077 0.343,-0.111 0.46,-0.136 1.01,-0.275 1.466,-0.43 -0.04,0.404 -0.268,0.882 0.348,0.768 0.683,-0.126 1.534,-0.797 1.748,-1.468 0.145,-0.453 0.089,-0.951 -0.3,-1.269 -0.223,-0.182 -0.304,-0.274 -0.289,-0.59 0.007,-0.142 0.076,-0.34 -0.03,-0.454 -0.215,-0.23 -0.553,0.096 -0.771,0.143 -0.066,0.014 -0.135,0.019 -0.203,0.024 -0.196,-0.219 -0.409,-0.42 -0.66,-0.57 0.009,-0.312 0.075,-0.718 -0.308,-0.755 -0.404,-0.039 -0.643,0.087 -0.783,-0.377 -0.108,-0.359 -0.083,-0.769 -0.049,-1.135 0.016,-0.171 0.083,-0.364 0.036,-0.531 -0.535,0.016 -1.047,0.571 -1.294,0.995 -0.244,0.418 -0.188,0.558 -0.055,0.934 -0.16,-0.033 -0.317,0 -0.584,0.05 -0.164,0.031 -0.533,0.174 -0.686,0.123 -0.182,-0.061 -0.263,-0.253 -0.328,-0.461 0.377,-0.383 0.583,-0.786 0.583,-1.43 0,-0.405 0.064,-1.4 -0.244,-1.658 -0.801,0.305 -1.602,0.63 -2.422,0.868 -0.169,-0.131 -0.359,-0.254 -0.556,-0.384 -0.035,-0.395 0.831,-0.578 1.086,-0.549 0.274,0.031 0.525,0.153 0.794,0.026 0.278,-0.13 0.411,-0.412 0.564,-0.671 0.061,-0.103 0.119,-0.218 0.174,-0.338 0.23,0.145 0.405,0.215 0.703,0.191 0.189,-0.015 0.449,-0.14 0.639,-0.104 0.193,0.036 0.555,0.375 0.544,0.586 -0.02,0.389 -0.719,0.29 -0.983,0.311 -0.376,0.029 -0.323,0.242 -0.155,0.516 0.248,0.403 0.793,0.656 1.259,0.59 0.208,-0.029 0.329,-0.064 0.428,-0.264 0.036,-0.072 0.023,-0.188 0.066,-0.253 0.104,-0.158 0.151,-0.123 0.336,-0.057 0.82,0.295 1.246,-0.257 1.758,-0.833 0.395,0.022 0.451,0.906 0.385,1.154 -0.07,0.267 -0.227,0.497 -0.141,0.782 0.089,0.294 0.348,0.466 0.582,0.655 0.49,0.396 1.26,0.797 1.897,0.557 0.81,-0.306 0.201,-1.261 -0.141,-1.709 0.25,-0.38 0.959,-0.395 1.031,-0.935 0.095,-0.718 -0.97,-0.381 -1.298,-0.213 -0.118,0.061 -0.341,0.286 -0.458,0.299 -0.136,0.016 -0.503,-0.384 -0.524,-0.402 -0.249,-0.232 -0.425,-0.443 -0.593,-0.738 -0.149,-0.263 -0.234,-0.524 -0.479,-0.717 -0.402,-0.316 -0.985,-0.277 -1.464,-0.41 -0.363,-0.1 -0.583,-0.105 -0.934,-0.035 -0.476,0.094 -0.841,-0.319 -1.115,-0.677 -0.214,-0.28 -0.215,-0.32 0.071,-0.45 0.269,-0.123 0.547,-0.201 0.838,-0.253 0.264,-0.047 0.354,-0.012 0.488,-0.239 0.13,-0.22 0.259,-0.446 0.322,-0.696 0.071,-0.282 0.001,-0.249 -0.085,-0.481 -0.049,-0.131 -0.053,-0.191 -0.03,-0.338 0.023,-0.142 0.173,-0.389 0.145,-0.525 -0.074,-0.353 -0.684,-0.248 -0.934,-0.217 -0.28,0.035 -0.516,0.128 -0.778,0.221 -0.1,0.035 -0.241,0.083 -0.377,0.094 0.121,-0.306 0.223,-0.622 0.363,-0.782 0.482,-0.547 1.087,-0.339 1.617,0.08 0.547,0.433 0.465,0.887 0.384,1.48 -0.12,0.878 0.276,1.369 1.026,1.741 0.424,0.252 0.844,0.278 1.26,0.078 0.068,-0.194 0.141,-0.387 0.219,-0.577 0.057,-0.169 0.136,-0.328 0.236,-0.477 -0.074,-0.359 -0.222,-0.685 -0.443,-0.979 -0.409,-0.698 -1.364,-1.728 -1.141,-2.571 0.403,0.272 0.466,0.898 0.783,1.25 0.209,0.233 0.563,0.423 0.87,0.479 0.182,0.034 0.362,0.017 0.539,0.082 0.341,0.125 0.671,0.512 0.612,0.856 -0.03,0.172 -0.123,0.561 0.219,0.435 0.117,-0.043 0.27,-0.385 0.322,-0.49 0.164,-0.334 0.174,-0.576 -0.053,-0.884 -0.295,-0.4 -0.92,-0.624 -1.317,-0.883 -0.255,-0.167 -0.504,-0.376 -0.672,-0.635 -0.027,-0.041 -0.044,-0.08 -0.064,-0.119 0.185,0.025 0.36,0.036 0.493,0.003 0.388,-0.096 0.531,-0.422 0.769,-0.768 0.398,-0.579 1.138,-1.496 0.699,-2.222 -0.461,-0.76 -1.688,-0.997 -1.994,-1.885 0.13,0.035 0.255,0.061 0.391,0.14 0.384,0.224 0.536,0.64 0.933,0.838 0.348,0.173 0.668,-0.042 0.967,0.087 0.159,0.069 0.403,0.685 0.466,0.812 0.219,0.438 0.164,0.636 0.082,1.102 -0.064,0.365 -0.05,0.545 0.27,0.79 0.312,0.238 0.661,0.391 1.056,0.4 0.057,0.129 0.005,0.274 -0.009,0.408 -0.04,0.385 -0.077,0.775 0.006,1.155 0.057,0.258 0.183,0.574 0.46,0.66 0.392,0.122 0.513,-0.242 0.658,-0.591 0.141,-0.337 0.355,-0.753 0.406,-1.116 0.035,-0.253 -0.011,-0.497 -0.104,-0.726 0.054,-0.001 0.105,0.015 0.162,0.002 0.56,-0.126 1.108,-0.281 1.648,-0.038 0.477,0.214 0.625,0.567 0.867,1.005 0.185,0.335 0.415,0.978 0.799,0.534 0.316,-0.367 0.234,-0.925 0.802,-1.008 0.617,-0.09 1.229,0.356 1.843,0.26 0.544,-0.086 0.88,-0.498 1.093,-1.015 0.07,-0.17 0.219,-0.516 0.117,-0.706 -0.109,-0.204 -0.697,-0.482 -0.902,-0.656 -0.39,-0.33 -0.761,-0.854 -1.231,-1.055 -1.472,1.014 -2.521,2.026 -4.486,1.459 -0.82,-0.147 -1.419,-0.566 -1.798,-1.258 0.034,-0.329 0.17,-0.61 0.406,-0.845 0.292,-0.483 0.362,-1.008 0.461,-1.523 0.15,0.05 0.295,0.109 0.432,0.174 0.538,0.257 0.671,0.543 1.011,0.988 0.254,0.333 0.469,0.405 0.874,0.396 0.261,-0.006 0.58,-0.063 0.731,0.211 0.189,0.344 -0.201,0.889 0.027,1.182 0.247,0.317 0.766,-0.064 0.914,-0.263 0.127,-0.261 0.255,-0.522 0.384,-0.782 0.136,-0.23 0.237,-0.474 0.302,-0.734 0.032,-0.225 -0.003,-0.431 -0.079,-0.625 0.229,0.077 0.432,0.139 0.524,0.166 0.356,0.105 0.992,0.32 1.411,0.148 0.066,0.094 0.144,0.204 0.268,0.351 0.246,0.247 0.516,0.464 0.811,0.65 0.113,0.109 0.169,0.24 0.168,0.392 0.365,0.264 0.762,0.47 1.19,0.618 0.327,0.278 0.685,0.383 1.072,0.316 -0.01,-0.535 0.175,-1.299 -0.042,-1.806 -0.066,-0.155 -0.363,-0.461 -0.493,-0.61 -0.49,-0.563 -1.166,-1.097 -1.287,-1.877 -0.439,0.203 -1.006,0.236 -1.565,0.152 -0.022,-0.139 -0.029,-0.281 -0.058,-0.419 -0.139,-0.333 -0.075,-0.608 0.191,-0.822 0.2,-0.128 0.403,-0.251 0.608,-0.369 0.165,-0.097 0.337,-0.213 0.455,-0.351 0.467,0.032 0.923,-0.007 1.459,-0.195 0.113,-0.342 -0.15,-0.693 -0.194,-1.03 -0.061,-0.456 -0.021,-0.773 0.311,-1.104 0.784,-0.781 2.092,-0.508 3.08,-0.334 0.222,-0.624 -0.007,-1.061 0.754,-1.376 0.683,-0.282 1.483,-0.574 1.789,-1.353 0.195,-0.496 0.031,-1.354 -0.436,-1.662 0.005,-0.605 1.219,-1.205 1.473,-1.725 -0.232,-0.076 -0.459,-0.049 -0.683,0.082 -0.588,0.21 -1.193,0.242 -1.813,0.094 -0.72,-0.097 -3.609,-0.638 -2.9,-2.036 0.483,-0.951 1.724,-0.043 2.366,-0.744 0.107,-0.212 0.174,-0.436 0.202,-0.674 0.132,-0.416 0.323,-0.803 0.572,-1.161 0.35,-0.394 0.742,-0.361 1.24,-0.439 0.916,-0.144 1.6,-0.062 1.977,-1.025 0.141,-0.36 0.499,-1.645 -0.279,-1.645 z M 436.15,174.379 c 0.364,-0.415 0.798,-0.76 1.17,-1.167 0.368,-0.404 0.719,-1.227 1.279,-1.389 0.313,-0.091 0.712,0.128 0.985,0.241 0.54,0.224 1.065,0.546 1.495,0.945 0.632,0.588 0.937,-0.663 1.503,-0.669 0.394,0.534 0.691,1.142 0.763,1.807 -0.489,0.342 -1.419,0.519 -1.659,1.114 -0.239,0.595 0.409,0.785 0.886,0.932 -0.012,0.27 -0.13,0.499 -0.259,0.726 -0.041,-0.018 -0.111,-0.071 -0.142,-0.082 -0.625,-0.213 -1.118,0.565 -1.666,0.779 -0.547,0.214 -1.234,0.469 -1.81,0.225 -0.474,-0.364 -0.887,-0.788 -1.238,-1.273 -0.192,-0.214 -0.383,-0.429 -0.574,-0.643 -0.383,-0.416 -0.643,-0.668 -1.153,-0.852 0.042,-0.266 0.249,-0.5 0.42,-0.694 z m -46.581,160.907 c -0.077,-0.034 -0.154,-0.07 -0.232,-0.102 -0.142,-0.081 -0.204,-0.196 -0.185,-0.346 -0.027,-0.333 0.132,-0.604 -0.143,-0.865 -0.563,-0.535 -1.016,0.219 -1.111,0.752 -0.01,0.132 -0.021,0.263 -0.031,0.394 -1.23,-0.114 -2.428,-0.214 -3.535,-0.299 0.086,-0.215 0.166,-0.435 0.208,-0.652 0.073,-0.375 -0.175,-0.648 -0.16,-1.051 0.008,-0.202 0.043,-0.409 0.114,-0.599 0.08,-0.213 0.243,-0.375 0.161,-0.63 -0.113,-0.352 -0.623,-0.335 -0.835,-0.108 -0.345,0.37 -0.187,1.067 -0.304,1.524 -0.187,0.057 -0.365,-0.016 -0.551,0.009 -0.435,0.058 -0.778,0.302 -0.997,0.685 -0.102,0.179 -0.085,0.552 -0.345,0.586 -0.11,-0.05 -0.22,-0.1 -0.331,-0.149 0.061,-0.232 0.113,-0.466 0.117,-0.708 0.005,-0.259 -0.015,-0.418 -0.17,-0.607 -0.179,-0.22 -0.549,-0.354 -0.831,-0.377 -0.473,-0.04 -1.165,0.232 -1.372,0.684 -0.02,0.043 -0.018,0.094 -0.018,0.144 -0.125,-0.051 -0.249,-0.101 -0.374,-0.152 -0.151,-0.149 -0.302,-0.299 -0.453,-0.448 -0.085,-0.328 0.271,-0.837 0.417,-1.098 0.114,-0.204 0.204,-0.289 0.152,-0.517 -0.048,-0.213 -0.259,-0.383 -0.154,-0.635 0.1,-0.238 0.315,-0.229 0.579,-0.269 0.574,-0.085 1.156,-0.123 1.737,-0.105 0.448,0.013 0.72,0.02 1.045,-0.297 0.177,-0.132 0.306,-0.3 0.389,-0.505 0.194,-0.155 0.216,-0.315 0.067,-0.479 -0.176,-0.354 -0.592,-0.443 -0.847,-0.754 -0.251,-0.307 -0.219,-0.559 -0.17,-0.945 0.106,-0.845 -0.432,-1.537 -0.92,-2.159 0.01,-0.015 0.022,-0.026 0.033,-0.041 0.641,0.43 1.004,0.731 1.004,0.731 l 0.34,-0.657 c 0,0 -0.312,-0.252 -0.852,-0.631 0.313,-0.293 0.654,-0.551 0.97,-0.867 0.386,-0.387 0.346,-0.806 0.311,-1.314 0.16,-0.013 0.303,-0.072 0.428,-0.178 0.056,-0.225 -0.01,-0.397 -0.198,-0.515 -0.137,-0.182 -0.327,-0.285 -0.546,-0.345 10e-4,-0.02 -0.004,-0.039 -10e-4,-0.059 0.015,-0.123 0.11,-0.24 0.123,-0.342 0.041,-0.317 -0.459,-0.896 -0.061,-1.171 0.135,-0.093 0.713,-0.064 0.857,-0.039 0.16,0.027 0.269,0.11 0.361,0.216 0.048,0.129 0.107,0.249 0.187,0.35 0.058,0.203 0.067,0.412 0.144,0.604 0.059,0.149 0.186,0.268 0.262,0.411 0.108,0.202 0.252,0.451 0.218,0.686 -0.016,0.11 -0.066,0.181 -0.06,0.31 0.014,0.335 0.177,0.813 0.482,0.99 0.189,0.11 0.35,0.05 0.56,0.06 0.216,0.01 0.435,0.068 0.62,0.187 0.174,0.111 0.387,0.338 0.291,0.57 -0.078,0.188 -0.347,0.204 -0.492,0.32 -0.135,0.109 -0.17,0.437 -0.074,0.595 0.077,0.128 0.405,0.278 0.522,0.361 0.103,0.072 0.243,0.207 0.371,0.217 0.365,0.029 0.512,-0.551 0.784,-0.712 0.514,-0.303 0.504,0.334 0.557,0.673 0.022,0.144 0.025,0.377 0.155,0.474 0.096,0.072 0.317,0.016 0.437,0.03 0.437,0.05 0.376,0.345 0.169,0.649 -0.136,0.2 -0.375,0.584 -0.052,0.698 0.182,0.064 0.721,0.023 1.037,-0.143 0.029,0.048 0.048,0.102 0.083,0.146 0.078,0.102 0.168,0.126 0.269,0.071 0.17,-0.043 0.337,-0.094 0.502,-0.152 0.229,-0.046 0.454,-0.103 0.677,-0.173 -0.097,-0.236 -0.421,-0.692 -0.203,-0.923 0.129,0.069 0.266,0.12 0.409,0.151 0.005,-0.404 -0.132,-0.79 -0.166,-1.195 -0.012,-0.139 0.004,-0.26 -0.086,-0.376 -0.138,-0.177 -0.362,-0.282 -0.506,-0.467 -0.224,-0.288 -0.335,-0.587 -0.389,-0.939 0.4,0.134 0.785,0.534 1.226,0.52 0.144,-0.065 0.288,-0.13 0.432,-0.195 0.087,0.475 0.184,0.936 0.39,1.382 0.018,0.09 0.045,0.169 0.08,0.243 -0.189,0.199 -0.365,0.398 -0.286,0.754 0.122,0.547 0.682,0.778 1.204,0.891 -0.066,0.144 -0.131,0.287 -0.197,0.431 -0.013,0.141 0.01,0.274 0.022,0.41 -0.093,0.223 -0.239,0.395 -0.464,0.492 -0.354,0.035 -0.677,-0.493 -0.928,-0.694 -0.156,-0.165 -0.343,-0.247 -0.562,-0.247 -0.195,0.162 -0.283,0.378 -0.264,0.646 -0.027,0.65 0.391,1.038 0.954,1.234 0.227,-0.027 0.411,0.04 0.55,0.201 0.049,0.253 0.067,0.508 0.054,0.765 -0.124,0.366 -0.539,0.243 -0.845,0.247 -0.278,0.002 -0.554,0.027 -0.828,0.076 -0.278,0.054 -0.528,0.168 -0.75,0.343 -0.15,0.13 -0.324,0.204 -0.52,0.222 -0.209,0.058 -0.342,0.187 -0.4,0.387 -0.255,0.487 -0.17,1.171 0.36,1.452 0.169,0.043 0.321,0.12 0.457,0.229 0.177,0.13 0.355,0.26 0.533,0.388 0.383,0.277 0.655,0.536 0.745,1.003 0.084,0.44 0.454,0.67 0.876,0.717 0.367,0.041 0.679,-0.112 0.834,0.279 -0.991,-0.133 -2.027,-0.251 -3.067,-0.359 z m -98.721,-20.065 c -0.115,0.413 -0.431,0.489 -0.772,0.504 0.007,-0.1 0.013,-0.2 0.023,-0.296 -0.034,-0.235 0.038,-0.429 0.216,-0.579 0.09,-0.221 0.256,-0.326 0.498,-0.314 0.04,-0.01 0.082,-0.012 0.123,-0.018 0.003,0.219 -0.016,0.445 -0.088,0.703 z m 0.745,0.466 c 0.027,-0.08 0.055,-0.158 0.082,-0.214 0.105,-0.219 0.325,-0.428 0.577,-0.599 -0.056,0.063 -0.097,0.136 -0.163,0.194 -0.186,0.19 -0.347,0.4 -0.496,0.619 z m -71.921,27.785 c -0.174,-0.228 0.135,-0.805 0.196,-1.001 0.03,-0.096 0.064,-0.555 0.127,-0.672 0.107,-0.199 0.422,-0.088 0.616,-0.104 0.114,-0.292 -0.355,-0.79 -0.515,-1.016 -0.152,-0.215 -0.614,-0.564 -0.602,-0.807 0.02,-0.401 1.172,-0.671 1.533,-0.477 0.063,0.034 0.093,0.082 0.13,0.127 -0.075,0.449 -0.103,0.92 -0.146,1.373 0.415,-0.088 0.709,0.213 1.02,0.421 0.713,0.477 1.538,0.727 2.309,1.094 0.846,0.403 1.811,0.892 2.1,1.86 0.246,0.824 -0.476,0.997 -1.111,0.92 -0.271,-0.033 -0.598,-0.172 -0.868,-0.142 -0.248,0.028 -0.541,0.244 -0.774,0.343 -0.413,0.175 -0.796,0.335 -1.239,0.327 -0.421,-0.008 -0.792,-0.22 -1.187,-0.342 0.163,-0.106 0.313,-0.235 0.431,-0.416 0.765,-1.172 -1.315,-1.414 -2.02,-1.488 z m -15.628,-3.268 c 0.582,0.431 0.737,0.968 0.874,1.65 0.375,-0.149 0.721,-0.355 1.054,-0.584 -0.005,0.027 0.001,0.049 -0.008,0.078 -0.092,0.276 -0.475,0.443 -0.493,0.771 -0.017,0.305 0.425,0.911 0.648,1.08 0.226,0.172 0.552,0.199 0.808,0.321 0.423,0.2 0.844,0.433 1.011,0.894 0.223,0.618 0.564,1.381 -0.16,1.711 -0.21,0.095 -0.843,0.276 -0.9,0.582 -0.051,0.275 0.261,0.48 0.156,0.795 -0.236,0.709 -1.005,0.563 -1.546,0.368 -0.449,-0.162 -0.878,-0.375 -1.299,-0.6 -0.317,-0.169 -0.921,-0.396 -1.116,-0.728 -0.288,-0.491 -0.307,-1.28 -0.3,-1.826 0.005,-0.35 0.256,-0.915 0.233,-1.261 -0.699,0.402 -1.355,0.655 -2.087,0.683 -0.007,-0.008 -0.01,-0.02 -0.017,-0.028 -0.188,-0.116 -0.235,-0.257 -0.14,-0.424 0.075,-0.425 0.782,-0.43 1.111,-0.603 0.438,-0.231 0.792,-0.647 0.932,-1.124 0.125,-0.425 -0.098,-0.881 -0.326,-1.286 0.434,-0.203 0.858,-0.405 1.274,-0.607 0.102,0.041 0.208,0.076 0.291,0.138 z m -67.902,25.433 c 0.059,-0.122 0.097,-0.255 0.102,-0.408 0.075,-0.315 0.065,-0.626 -0.03,-0.931 -0.122,-0.172 -0.238,-0.349 -0.346,-0.53 -0.263,-0.593 0.728,-0.86 1.141,-0.935 0.331,-0.131 0.608,-0.071 0.831,0.181 0.029,0.189 0.128,0.296 0.294,0.319 0.401,-0.759 0.42,-1.599 0.486,-2.44 0.006,-0.079 0.007,-0.167 0.009,-0.251 0.172,-0.072 0.33,-0.166 0.473,-0.323 0.27,-0.294 0.573,-0.424 0.984,-0.399 0.113,0.007 0.228,0.025 0.343,0.043 0.092,0.062 0.213,0.102 0.376,0.112 0.044,0.135 0.086,0.271 0.128,0.412 0.114,0.027 0.223,0.014 0.327,-0.041 0.16,-0.072 0.326,-0.081 0.5,-0.028 0.062,0.132 0.125,0.263 0.187,0.394 0.031,0.423 -0.14,0.677 -0.512,0.761 -0.467,0.234 -0.926,0.164 -1.439,0.227 0.019,0.693 0.338,1.289 0.223,1.987 -0.221,0.073 -0.446,0.093 -0.674,0.058 -0.281,-0.061 -0.536,0.01 -0.763,0.215 -0.145,0.202 -0.158,0.454 -0.184,0.695 -0.801,0.307 -1.623,0.6 -2.456,0.882 z m -22.255,-9.646 c -0.151,-0.124 -0.28,-0.272 -0.397,-0.431 0.147,-0.225 0.282,-0.459 0.447,-0.676 0.085,-0.111 0.178,-0.19 0.188,-0.337 0.016,-0.224 -0.08,-0.452 -0.063,-0.685 0.026,-0.363 0.145,-0.66 0.341,-0.958 0.207,0.367 0.225,0.923 0.562,1.208 0.058,0.019 0.116,0.037 0.174,0.056 0.012,0.057 0.033,0.116 0.079,0.182 0.098,0.138 0.235,0.227 0.387,0.29 0.003,0.01 0.008,0.02 0.01,0.03 0.066,0.334 -0.029,0.721 -0.309,0.933 -0.411,0.311 -0.96,0.021 -1.29,0.468 -0.044,-0.03 -0.085,-0.044 -0.129,-0.08 z m -3.641,-13.84 c 0.462,0.197 1.233,0.513 2.222,0.879 -0.015,0.146 -0.004,0.283 0.033,0.412 -0.074,0.02 -0.147,0.045 -0.22,0.075 -0.164,-0.099 -0.325,-0.201 -0.499,-0.295 -0.17,-0.144 -0.363,-0.214 -0.579,-0.209 -0.216,0.164 -0.426,0.333 -0.633,0.508 -0.33,0.168 -0.693,0.246 -0.888,-0.174 -0.207,-0.447 0.168,-0.998 0.564,-1.196 z m -8.577,-10.68 c 0.009,0.027 0.014,0.064 0.017,0.094 -0.007,-0.031 -0.01,-0.063 -0.017,-0.094 z M 74.696,190.315 c 0.071,-0.364 0.234,-0.697 0.684,-0.592 0.484,0.113 0.689,0.764 0.592,1.199 -0.039,0.176 -0.15,0.408 -0.226,0.558 -0.226,0.452 -0.917,0.951 -0.795,1.519 0.031,0.145 0.077,0.193 0.198,0.23 0.233,-0.01 0.466,-0.007 0.699,0.007 0.127,0.003 0.252,0.02 0.374,0.052 0.009,0.147 0.066,0.29 0.139,0.427 -0.295,0.158 -0.588,0.266 -0.831,0.272 -0.63,0.014 -1.007,-0.225 -1.423,-0.691 -0.286,-0.322 -0.623,-0.817 -1.063,-0.95 -0.383,-0.116 -0.73,0.103 -1.11,0.084 -0.136,-0.166 -0.032,-0.747 -0.049,-0.946 -0.002,-0.023 -0.006,-0.048 -0.009,-0.072 0.055,-0.078 0.131,-0.127 0.257,-0.092 0.119,0.059 0.212,0.149 0.281,0.27 0.1,0.148 0.191,0.3 0.274,0.457 0.1,0.03 0.185,-0.005 0.254,-0.103 0.123,-0.074 0.255,-0.126 0.394,-0.157 0.293,-0.096 0.563,-0.207 0.848,-0.332 0.218,-0.045 0.392,-0.155 0.521,-0.328 0.004,-0.271 0.001,-0.542 -0.009,-0.812 z m 52.745,-24.308 c 0.429,-0.024 2.331,0.344 2.489,-0.328 -0.397,-0.533 -0.736,-1.12 -1.223,-1.58 -0.275,-0.26 -0.584,-0.4 -0.903,-0.606 -0.641,-0.413 -0.878,-0.735 -0.99,-1.482 -0.131,-0.871 0.431,-1.149 1.241,-1.325 0.737,-0.16 1.208,0.126 1.891,0.289 0.127,0.15 0.25,0.163 0.37,0.04 0.202,-0.156 0.432,-0.249 0.689,-0.277 0.565,-0.084 1.131,-0.165 1.697,-0.241 0.397,-0.144 0.75,-0.094 1.057,0.149 0.343,0.442 -0.105,1.24 -0.124,1.713 0.725,0.267 1.511,0.689 1.876,1.415 0.346,0.687 -0.003,1.219 0.044,1.893 0.773,0.176 1.963,0.322 2.474,-0.451 -0.072,-0.26 -0.595,-0.545 -0.737,-0.725 -0.282,-0.357 -0.482,-0.772 -0.665,-1.185 -0.325,-0.735 -0.245,-0.935 0.454,-1.25 0.399,-0.18 0.743,-0.285 1.173,-0.342 0.478,-0.063 0.954,-0.072 1.281,-0.483 0.096,0.146 0.189,0.294 0.295,0.434 0.144,0.128 0.287,0.257 0.431,0.385 0.331,0.142 0.676,0.203 1.035,0.185 0.331,0.037 1.104,0.189 1.26,0.587 0.208,0.531 -0.917,0.85 -1.256,1.034 -0.353,0.178 -0.688,0.385 -1.006,0.622 -0.288,0.204 -0.584,0.394 -0.889,0.571 -0.137,0.138 -0.273,0.276 -0.41,0.414 -0.212,0.497 -0.172,0.979 0.121,1.446 0.216,0.397 0.674,0.97 1.206,0.812 0.2,-0.147 0.358,-0.331 0.474,-0.551 0.076,-0.218 0.22,-0.36 0.432,-0.426 0.215,0.154 0.71,0.544 0.658,0.874 -0.048,0.308 -0.331,0.539 -0.559,0.717 -0.202,0.158 -0.987,0.4 -0.991,0.778 -0.004,0.353 0.274,0.571 0.547,0.738 0.281,0.172 0.56,0.422 0.85,0.568 0.375,0.19 0.676,0.147 1.042,-0.061 0.693,-0.394 1.313,-1.261 2.228,-1.029 -0.154,0.342 -0.331,0.685 -0.507,1.016 -0.204,0.383 -0.539,0.476 -0.862,0.726 0.027,0.246 0.142,0.447 0.346,0.602 0.182,0.068 0.245,0.169 0.191,0.303 -0.146,0.162 -0.32,0.022 -0.181,0.355 0.083,0.096 0.121,0.203 0.113,0.322 0,0.12 0.019,0.238 0.055,0.353 0.016,0.039 0.049,0.068 0.07,0.104 -0.073,0.068 -0.136,0.142 -0.161,0.243 -0.075,0.296 0.241,0.976 0.427,1.185 0.189,0.212 0.503,0.302 0.731,0.471 0.376,0.278 0.744,0.588 0.818,1.073 0.007,0.044 0.014,0.09 0.021,0.136 -0.533,0.093 -1.169,0.284 -0.951,0.758 0.147,0.319 0.401,0.541 0.697,0.649 -0.071,0.044 -0.154,0.08 -0.256,0.104 -0.224,0.053 -0.88,0.108 -0.995,0.396 -0.104,0.26 0.163,0.521 -0.001,0.81 -0.369,0.65 -1.095,0.358 -1.588,0.062 -0.41,-0.246 -0.789,-0.538 -1.158,-0.84 -0.278,-0.227 -0.827,-0.567 -0.953,-0.93 -0.187,-0.537 -0.054,-1.316 0.059,-1.849 0.072,-0.342 0.428,-0.848 0.473,-1.192 -1.038,0.352 -1.945,0.457 -2.979,0.048 -0.002,-0.29 0.485,-0.317 0.694,-0.425 0.21,-0.109 0.376,-0.245 0.555,-0.397 -0.067,-0.426 -0.691,-0.791 -1.02,-1.036 -0.195,-0.146 -0.972,-0.757 -1.331,-0.67 0.075,0.594 0.165,1.246 -0.637,1.152 -0.584,-0.217 -1.151,-0.472 -1.712,-0.744 -0.036,-0.06 -0.067,-0.119 -0.105,-0.18 -0.103,-0.17 -0.208,-0.34 -0.311,-0.511 0.189,-0.099 0.371,-0.211 0.547,-0.336 0.384,-0.058 0.584,-0.234 0.6,-0.526 -0.453,0.089 -0.898,0.208 -1.335,0.358 -0.031,0.017 -0.064,0.025 -0.095,0.04 -0.177,-0.293 -0.35,-0.588 -0.533,-0.877 -0.147,-0.232 -0.602,-0.779 -1.001,-0.812 0.015,-0.096 0.045,-0.197 0.077,-0.297 0.019,-0.022 0.039,-0.047 0.058,-0.068 0.259,-0.28 0.482,-0.587 0.668,-0.922 0.074,-0.23 0.147,-0.461 0.221,-0.691 -0.007,-0.961 -1.757,-1.945 -2.49,-1.107 -0.339,0.388 -0.398,0.869 -0.409,1.361 0.118,0.237 0.114,0.427 -0.003,0.575 -0.075,-0.008 -0.152,-0.022 -0.225,-0.027 -0.02,0.085 -0.017,0.181 -0.032,0.269 -0.083,0.055 -0.177,0.089 -0.294,0.08 -0.462,0.097 -0.951,0.028 -1.292,-0.333 -0.351,-0.372 -0.248,-0.688 -0.08,-1.124 -0.429,-0.362 -1.066,-0.177 -1.587,-0.127 -0.116,0.011 -0.238,0.028 -0.363,0.046 -0.09,-0.457 -0.061,-0.869 0.464,-0.898 z m 2.182,-11.876 c -0.075,-0.135 -0.475,-0.727 -0.164,-0.837 0.195,-0.069 0.251,0.12 0.418,-0.064 0.206,-0.228 0.026,-0.577 0.306,-0.758 0.349,-0.226 0.662,0.229 0.889,0.43 0.214,0.188 0.459,0.451 0.721,0.245 0.267,-0.209 0.383,-0.506 0.702,-0.678 0.296,-0.16 0.726,-0.273 1.036,-0.087 0.179,0.108 0.271,0.278 0.37,0.461 0.089,0.163 0.346,0.606 0.246,0.802 -0.054,0.106 -0.086,0.077 -0.192,0.1 -0.302,0.066 -0.648,0.02 -0.957,0.044 -0.634,0.049 -0.848,0.381 -0.899,0.995 -0.018,0.223 0.027,0.578 -0.102,0.779 -0.183,0.285 -0.552,0.237 -0.833,0.178 -0.237,-0.05 -0.614,-0.171 -0.871,-0.359 -0.101,0.023 -0.226,0.03 -0.375,0.005 -0.194,-0.033 -0.537,-0.176 -0.535,-0.431 10e-4,-0.182 0.188,-0.218 0.314,-0.315 0.217,-0.165 0.044,-0.296 -0.074,-0.51 z m 16.756,-34.363 c 1.183,0.286 2.602,0.447 3.385,1.458 0.336,0.205 0.408,0.462 0.218,0.771 -0.015,0.238 -0.111,0.434 -0.287,0.588 -0.445,0.658 -1.165,1.243 -1.703,1.818 -0.43,0.46 -0.101,0.827 0.269,1.249 0.42,0.478 0.835,0.951 0.931,1.596 -0.127,-0.004 -0.259,-0.024 -0.391,-0.051 0.062,-0.079 0.118,-0.158 0.155,-0.228 0.258,-0.492 -0.403,-0.526 -0.754,-0.551 -0.372,-0.027 -0.533,-0.145 -0.777,-0.428 -0.25,-0.29 -0.516,-0.567 -0.771,-0.852 -0.143,-0.967 0.192,-2.054 0.165,-3.049 0.079,-0.011 0.16,-0.028 0.234,-0.034 0.128,-0.012 0.485,0.047 0.596,-0.038 0.361,-0.275 -0.652,-1.171 -0.764,-1.264 -0.32,-0.266 -0.727,-0.441 -1.152,-0.397 -0.075,-0.176 -0.078,-0.452 -0.02,-0.707 0.223,0.028 0.445,0.066 0.666,0.119 z m -7.056,12.601 c 0.059,-0.054 0.118,-0.108 0.177,-0.161 0.139,-0.07 0.289,-0.001 0.424,0.096 -0.223,0.073 -0.426,0.101 -0.601,0.065 z m 6.691,-5.414 c -0.062,-0.056 -0.131,-0.095 -0.166,-0.165 -0.033,-0.067 -0.034,-0.121 -0.04,-0.177 0.086,0.098 0.184,0.186 0.264,0.29 0.198,0.147 0.305,0.331 0.338,0.545 -0.12,-0.173 -0.244,-0.354 -0.396,-0.493 z m -7.866,30.687 c 0.492,0.408 0.511,0.077 1.051,-0.017 0.638,-0.112 2.454,-0.085 2.752,0.688 0.179,0.464 -0.277,0.729 -0.252,1.116 0.561,-0.092 1.183,-0.017 1.753,-0.014 0.265,0.002 0.886,-0.062 1.243,0.137 0.004,0.011 0.003,0.022 0.007,0.033 0.107,0.177 0.158,0.365 0.152,0.564 -0.742,-0.046 -1.437,-0.385 -2.154,-0.56 -0.307,-0.075 -0.537,-0.018 -0.819,0.1 -0.197,0.083 -0.358,0.111 -0.567,0.149 -0.165,0.031 -0.239,0.046 -0.355,0.172 -0.103,0.113 -0.102,0.325 -0.272,0.365 -0.178,0.042 -0.567,-0.26 -0.701,-0.34 -0.345,-0.208 -0.585,-0.454 -0.991,-0.456 -0.094,0.121 -0.131,0.249 -0.12,0.383 -0.552,-0.285 -1.062,-0.936 -1.348,-1.295 -0.44,-0.554 -2.057,-2.263 -0.856,-2.777 0.624,0.486 0.87,1.247 1.477,1.752 z m 81.171,-72.759 c 0.014,-0.011 0.031,-0.024 0.045,-0.035 0.153,0.162 0.253,0.35 0.355,0.553 -0.138,0.014 -0.277,0.025 -0.419,0.024 -0.048,0 -0.095,-0.006 -0.143,-0.009 -0.041,-0.215 -0.065,-0.35 0.162,-0.533 z m 80.372,48.984 c 0.943,0.857 0.344,1.64 -0.256,2.413 -0.154,-0.023 -0.309,-0.049 -0.456,-0.107 -0.684,-0.273 -0.801,-0.861 -1.233,-1.326 -0.67,-1.357 -1.396,-2.668 -2.064,-4.004 0.383,-0.131 0.806,-0.036 1.124,0.206 0.748,0.571 0.26,0.961 0.18,1.673 0.886,0.339 1.997,0.502 2.705,1.145 z m 28.434,-23.658 c 0.308,-0.364 0.638,-0.564 1.012,-0.684 0.004,0.038 0.007,0.075 0.003,0.116 -0.03,0.295 -0.36,0.45 -0.571,0.547 -0.137,0.063 -0.251,0.124 -0.352,0.189 -0.029,-0.059 -0.074,-0.098 -0.092,-0.168 z m 32.788,16.15 c 0.28,-0.367 0.534,-0.751 0.762,-1.153 0.082,-0.24 0.213,-0.443 0.393,-0.61 0.304,-0.198 0.519,-0.125 0.869,-0.003 0.683,0.238 1.08,0.598 1.296,1.286 0.724,-0.19 1.522,-0.572 2.108,-1.035 -0.206,-0.379 -0.491,-0.743 -0.799,-1.075 0.022,-0.004 0.047,-0.008 0.069,-0.012 0.528,-0.089 1.407,-0.511 1.706,0.14 0.145,0.314 0.151,0.678 0.368,0.958 0.278,0.358 0.729,0.454 1.167,0.455 0.005,0 0.01,-0.002 0.016,-0.002 -0.319,0.311 -0.54,0.632 -0.402,0.888 0.651,0.136 1.294,0.35 1.963,0.372 0.378,0.012 0.703,-0.088 1.078,-0.146 0.753,-0.116 1.144,-0.032 1.724,0.453 0.676,0.565 0.439,1.145 -0.051,1.815 -0.445,0.608 -0.988,0.707 -1.607,1.037 -0.194,-0.028 -0.295,0.044 -0.303,0.215 -0.047,0.251 -0.158,0.472 -0.333,0.664 -0.367,0.438 -0.737,0.873 -1.11,1.305 -0.202,0.371 -0.499,0.568 -0.89,0.589 -0.549,-0.103 -0.744,-0.998 -1.043,-1.364 -0.72,0.281 -1.588,0.486 -2.343,0.186 -0.714,-0.285 -0.806,-0.915 -1.288,-1.388 -0.695,0.381 -1.683,1.061 -1.553,1.979 0.226,0.146 0.807,0.013 1.032,0.054 0.448,0.081 0.873,0.258 1.284,0.446 0.73,0.335 0.803,0.537 0.489,1.236 -0.179,0.399 -0.367,0.706 -0.651,1.034 -0.316,0.364 -0.666,0.686 -0.638,1.211 -0.169,-0.046 -0.337,-0.095 -0.509,-0.13 -0.193,-0.001 -0.385,-0.002 -0.578,-0.003 -0.342,0.113 -0.641,0.296 -0.897,0.548 -0.272,0.192 -0.951,0.591 -1.333,0.396 -0.508,-0.259 0.123,-1.244 0.255,-1.607 0.146,-0.367 0.26,-0.745 0.34,-1.132 0.08,-0.343 0.176,-0.682 0.287,-1.017 0.011,-0.194 0.022,-0.388 0.033,-0.582 -0.171,-0.513 -0.521,-0.847 -1.05,-1.002 -0.039,-0.014 -0.09,-0.024 -0.134,-0.037 0.869,-2.491 1.28,-4.104 1.28,-4.104 l -1.128,-0.826 c -0.337,1.775 -1.155,4.013 -2.294,6.444 -0.113,-0.036 -0.213,-0.085 -0.267,-0.17 -0.168,-0.262 -0.109,-0.623 -0.057,-0.907 0.046,-0.252 0.473,-0.954 0.226,-1.24 -0.231,-0.267 -0.584,-0.246 -0.899,-0.19 -0.325,0.058 -0.699,0.056 -1.013,0.138 -0.407,0.107 -0.603,0.338 -0.739,0.737 -0.257,0.755 -0.146,1.815 -0.985,2.247 -0.111,-0.358 -0.206,-0.732 -0.294,-1.097 -0.102,-0.421 0.088,-0.714 0.164,-1.115 -0.184,-0.166 -0.403,-0.24 -0.658,-0.222 -0.181,0.069 -0.296,0.036 -0.345,-0.1 0.002,-0.218 0.225,-0.229 -0.1,-0.385 -0.126,-0.016 -0.225,-0.072 -0.298,-0.167 -0.08,-0.089 -0.171,-0.165 -0.275,-0.228 -0.037,-0.019 -0.082,-0.019 -0.121,-0.032 0.01,-0.099 0.007,-0.196 -0.041,-0.289 -0.139,-0.271 -0.828,-0.571 -1.106,-0.604 -0.282,-0.034 -0.577,0.107 -0.859,0.132 -0.466,0.041 -0.947,0.053 -1.324,-0.26 -0.034,-0.029 -0.071,-0.058 -0.106,-0.088 0.338,-0.423 0.687,-0.988 0.209,-1.198 -0.322,-0.141 -0.659,-0.139 -0.952,-0.024 0.024,-0.08 0.062,-0.162 0.123,-0.248 0.133,-0.188 0.587,-0.665 0.482,-0.957 -0.095,-0.263 -0.467,-0.282 -0.536,-0.607 -0.155,-0.731 0.583,-0.994 1.148,-1.1 0.469,-0.088 0.947,-0.12 1.424,-0.139 0.359,-0.014 0.995,-0.124 1.331,0.064 0.496,0.278 0.913,0.949 1.182,1.423 0.173,0.304 0.242,0.919 0.436,1.206 0.544,-0.952 1.152,-1.632 2.197,-2.012 0.194,0.215 -0.153,0.559 -0.237,0.778 -0.084,0.221 -0.119,0.433 -0.152,0.665 0.332,0.274 1.042,0.133 1.45,0.099 0.243,-0.02 1.229,-0.078 1.44,-0.381 -0.45,-0.395 -0.95,-0.823 -0.287,-1.285 0.652,-0.252 1.316,-0.468 1.992,-0.65 0.264,-0.122 0.538,-0.213 0.82,-0.273 -0.206,0.378 -0.357,0.779 -0.455,1.2 -0.251,0.303 -0.285,0.567 -0.103,0.796 z m 5.832,-8.63 c -0.115,-0.442 -0.12,-0.805 0.14,-1.213 0.281,-0.441 0.895,-0.752 0.981,-1.299 0.406,-0.231 0.776,-0.617 1.022,-0.887 -0.059,0.403 -0.433,0.812 0.177,1.055 0.669,0.267 1.495,0.068 2.197,0.099 0.093,0.312 0.026,0.788 -0.016,1.106 -0.03,0.226 -0.162,0.563 -0.062,0.791 0.157,0.357 0.765,0.624 0.391,1.101 -0.154,0.196 -0.39,0.224 -0.64,0.214 -0.088,-0.246 -0.195,-0.481 -0.339,-0.686 -0.423,-0.604 -1.56,-0.496 -1.969,0.08 0.414,0.278 0.883,0.512 1.145,0.826 -0.217,0.229 -0.27,0.569 -0.18,0.911 0.03,0.114 0.071,0.229 0.102,0.344 -0.311,0.458 -0.833,0.921 -1.03,1.409 -0.102,0.013 -0.203,0.028 -0.308,0.028 -0.502,0.053 -1.006,0.072 -1.512,0.057 -0.599,10e-4 -1.197,-0.008 -1.796,-0.006 -0.209,10e-4 -0.343,0.004 -0.459,0.032 0.036,-0.213 -0.022,-0.151 -0.12,-0.341 -0.174,-0.337 -0.265,-0.599 -0.234,-0.994 0.022,-0.282 0.131,-0.537 0.109,-0.825 -0.559,-0.201 -1.546,-0.436 -1.67,-1.148 -0.117,-0.665 0.461,-1.371 0.984,-1.707 0.942,-0.605 0.775,0.277 1.154,0.724 0.493,0.583 1.269,0.559 1.933,0.329 z m 7.214,7.054 c -0.005,-0.223 -0.11,-0.877 0.041,-1.033 0.132,-0.136 0.65,-0.18 0.759,-0.188 0.282,-0.019 0.544,0.009 0.807,0.06 -0.018,0.572 -0.387,1.079 -0.939,1.263 -0.23,0.076 -0.45,0.101 -0.662,0.094 -0.003,-0.064 -0.005,-0.127 -0.006,-0.196 z m 20.571,30.927 c 0.522,0.113 1.078,0.315 1.493,-0.034 0.138,-0.116 0.275,-0.23 0.414,-0.338 -0.014,0.048 -0.028,0.097 -0.042,0.145 0.049,0.162 0.086,0.327 0.109,0.494 0.018,0.345 -0.095,0.712 -0.328,0.984 -0.25,0.292 -0.653,0.497 -1.013,0.594 -0.345,0.093 -0.792,-0.015 -1.111,0.16 -0.369,0.202 -0.601,0.51 -0.575,0.943 0.027,0.451 0.391,0.89 0.636,1.239 0.129,0.18 0.257,0.359 0.386,0.539 0.077,0.102 0.155,0.204 0.232,0.307 0.096,0.246 -0.201,0.497 -0.364,0.638 -0.076,0.066 -0.216,0.208 -0.328,0.212 -0.146,0.006 -0.474,-0.298 -0.587,-0.376 -0.243,-0.168 -0.453,-0.351 -0.614,-0.6 -0.121,-0.187 -0.191,-0.456 -0.338,-0.626 -0.026,-0.03 -0.06,-0.049 -0.092,-0.071 0.447,-1.692 0.814,-3.368 1.107,-4.875 0.292,0.315 0.63,0.582 1.015,0.665 z m 2.056,18.042 c 0.014,0.147 0.049,0.294 0.137,0.434 0.153,0.244 0.2,0.357 0.086,0.651 -0.052,0.132 -0.181,0.298 -0.117,0.44 0.13,0.287 0.554,0.086 0.776,0.111 0.383,0.043 0.787,0.221 0.69,0.645 -0.021,0.09 -0.065,0.196 -0.106,0.304 -0.374,0.124 -0.609,0.417 -0.972,0.622 -0.659,0.372 -1.428,0.186 -1.982,-0.3 -0.258,-0.226 -0.621,-0.664 -0.501,-1.052 0.105,-0.343 0.416,-0.322 0.627,-0.523 0.227,-0.215 0.455,-0.473 0.691,-0.699 0.209,-0.201 0.442,-0.417 0.671,-0.633 z m -1.108,8.242 c 0.302,-0.126 0.61,-0.239 0.922,-0.339 0.194,-0.166 0.141,-0.412 0.231,-0.629 0.163,-0.392 0.647,-0.892 0.975,-1.155 0.445,-0.357 1.054,-0.437 1.512,-0.783 0.002,-0.002 0.003,-0.004 0.006,-0.005 0.262,-0.111 0.507,-0.272 0.684,-0.425 0.393,-0.343 0.353,-0.479 0.351,-0.955 -10e-4,-0.167 -0.076,-0.556 0.001,-0.697 0.185,-0.338 0.82,-0.179 1.097,-0.377 0.01,-0.205 -0.157,-0.373 -0.194,-0.567 -0.049,-0.26 0.038,-0.312 0.264,-0.509 0.294,-0.256 0.647,-0.477 1.014,-0.607 0.272,-0.097 0.534,-0.178 0.786,-0.305 -0.003,0.02 -0.008,0.042 -0.011,0.062 -0.605,0.431 -1.062,0.986 -0.983,1.717 0.051,0.471 0.289,0.649 0.602,0.668 -0.077,0.472 -0.159,0.968 -0.246,1.481 -0.089,0.166 -0.154,0.342 -0.161,0.52 -0.004,0.108 -0.002,0.193 0.025,0.269 -0.146,0.84 -0.306,1.713 -0.479,2.61 -0.179,-0.105 -0.348,-0.213 -0.574,-0.187 -0.305,0.035 -0.521,0.259 -0.749,0.455 -0.477,0.411 -1.01,1.096 -0.887,1.767 0.031,0.168 0.103,0.275 0.192,0.354 -0.011,0.014 -0.023,0.023 -0.034,0.039 -0.391,0.409 -0.822,0.771 -1.293,1.086 -0.336,0.301 -0.712,0.414 -1.13,0.338 -0.096,-0.178 -0.162,-0.365 -0.197,-0.563 0.003,-0.18 -0.076,-0.309 -0.24,-0.387 -0.231,-0.27 -0.541,-0.321 -0.932,-0.153 -0.266,0.139 -0.532,0.279 -0.798,0.418 -0.131,0.24 -0.262,0.481 -0.393,0.722 0.035,0.381 0,0.753 -0.103,1.115 0.016,0.258 -0.101,0.424 -0.353,0.496 -0.292,0.221 -0.619,0.371 -0.983,0.451 -0.196,0.087 -0.385,0.229 -0.61,0.171 -0.223,-0.14 -0.42,-0.308 -0.592,-0.506 -0.162,-0.171 -0.332,-0.335 -0.509,-0.492 -0.336,-0.311 -0.754,-0.674 -1.25,-0.585 -0.351,0.063 -0.545,0.312 -0.929,0.228 -0.086,-0.722 0.089,-1.537 0.598,-2.099 0.266,-0.264 0.567,-0.472 0.905,-0.625 0.298,-0.119 0.544,-0.311 0.739,-0.575 0.135,-0.273 0.199,-0.625 0.177,-0.966 0.165,0.153 0.301,0.345 0.507,0.535 0.703,-0.21 1.354,-0.503 2.071,-0.674 0.34,-0.065 0.663,-0.177 0.971,-0.337 z m 27.729,77.988 c -0.119,0.037 -0.291,0.369 -0.349,0.472 -0.183,0.324 -0.206,0.566 0.004,0.885 0.273,0.415 0.884,0.674 1.265,0.956 0.245,0.181 0.482,0.404 0.636,0.672 0.167,0.291 0.147,0.527 0.436,0.75 0.212,0.163 0.46,0.281 0.715,0.355 0.311,0.09 0.606,0.131 0.913,0.257 0.252,0.103 0.494,0.253 0.763,0.307 -0.129,0.52 -1.261,0.515 -1.622,0.494 -0.207,0.233 0.269,0.748 0.385,0.838 0.417,0.325 0.939,0.483 1.437,0.627 0.295,0.085 0.734,0.106 0.82,0.462 0.083,0.342 -0.235,1.144 -0.417,1.398 -0.216,0.301 -0.93,0.955 -1.385,0.841 -0.454,-0.114 -0.864,-0.523 -1.245,-0.77 -0.276,-0.179 -0.556,-0.39 -0.856,-0.526 -0.178,-0.08 -0.334,-0.091 -0.508,-0.206 -0.371,-0.246 -0.499,-0.668 -0.885,-0.888 -0.337,-0.192 -0.67,0.004 -0.96,-0.141 -0.154,-0.078 -0.364,-0.707 -0.42,-0.837 -0.194,-0.45 -0.128,-0.644 -0.02,-1.105 0.085,-0.361 0.08,-0.542 -0.226,-0.804 -0.298,-0.255 -0.639,-0.427 -1.032,-0.458 -0.05,-0.132 0.01,-0.274 0.032,-0.407 0.003,-0.016 0.004,-0.032 0.006,-0.048 0.147,0.011 0.235,0.022 0.235,0.022 l 0.037,-1.086 c -0.074,-0.014 -0.146,-0.02 -0.22,-0.033 0,-0.003 0,-0.006 0,-0.009 -0.043,-0.261 -0.151,-0.584 -0.423,-0.685 -0.38,-0.142 -0.522,0.206 -0.684,0.542 -0.022,-0.002 -0.044,-0.002 -0.066,-0.004 -0.033,-0.348 -0.035,-0.689 0.09,-1.06 0.112,-0.332 0.216,-0.658 0.147,-1.016 -0.09,-0.465 -0.639,-0.716 -1.026,-0.862 0.116,-0.35 0.317,-0.687 0.467,-1.023 0.308,0.057 0.42,0.497 0.548,0.74 0.269,0.508 0.493,1.366 0.99,1.663 0.651,0.39 1.234,-0.471 1.649,-0.859 0.126,0.185 0.009,0.395 0.194,0.556 0.494,-0.128 0.554,-0.555 0.613,-1.019 0.057,-0.455 0.053,-0.868 -0.142,-1.29 0.514,-0.06 1.314,0.39 1.724,0.696 0.268,-0.141 0.457,-0.735 0.516,-0.977 0.018,-0.076 0.018,-0.226 0.044,-0.345 0.11,0.027 0.216,0.055 0.324,0.065 0.487,0.477 0.973,0.986 1.601,1.267 0.596,0.267 1.471,0.355 2.123,0.06 0.022,0.031 0.047,0.062 0.068,0.092 0.198,0.292 0.197,0.331 -0.096,0.446 -0.276,0.108 -0.557,0.17 -0.851,0.206 -0.267,0.032 -0.354,-0.008 -0.501,0.212 -0.143,0.212 -0.284,0.43 -0.36,0.677 -0.086,0.278 -0.015,0.248 0.059,0.485 0.041,0.134 0.042,0.194 0.011,0.339 -0.031,0.141 -0.195,0.379 -0.174,0.516 0.054,0.356 0.669,0.286 0.92,0.269 0.281,-0.02 0.523,-0.099 0.789,-0.177 0.196,-0.057 0.554,-0.161 0.702,0.064 0.295,0.449 -0.628,0.878 -0.879,0.958 -0.436,0.139 -0.98,0.375 -1.429,0.261 -0.349,-0.088 -0.653,-0.041 -0.989,0.11 -0.225,0.102 -0.374,0.308 -0.591,0.403 -0.46,-0.265 -0.459,-0.961 -0.773,-1.353 -0.195,-0.244 -0.539,-0.454 -0.842,-0.527 -0.18,-0.044 -0.36,-0.037 -0.533,-0.112 -0.333,-0.144 -0.641,-0.549 -0.563,-0.889 0.038,-0.171 0.152,-0.554 -0.196,-0.447 z m 7.831,29.741 c -0.037,-0.221 -0.167,-0.554 -0.091,-0.781 0.108,-0.321 0.478,-0.365 0.764,-0.376 0.242,-0.009 0.637,0.016 0.932,0.135 0.092,-0.047 0.212,-0.084 0.363,-0.096 0.196,-0.016 0.564,0.039 0.624,0.287 0.043,0.177 -0.129,0.257 -0.228,0.382 -0.169,0.213 0.031,0.298 0.197,0.476 0.105,0.113 0.638,0.589 0.364,0.772 -0.172,0.114 -0.273,-0.055 -0.389,0.165 -0.144,0.271 0.116,0.566 -0.112,0.81 -0.283,0.305 -0.698,-0.061 -0.968,-0.2 -0.253,-0.13 -0.555,-0.326 -0.76,-0.061 -0.207,0.268 -0.247,0.584 -0.515,0.829 -0.249,0.227 -0.638,0.442 -0.984,0.337 -0.2,-0.061 -0.33,-0.204 -0.472,-0.357 -0.126,-0.136 -0.483,-0.503 -0.434,-0.718 0.027,-0.115 0.065,-0.095 0.162,-0.144 0.277,-0.138 0.624,-0.178 0.918,-0.276 0.604,-0.201 0.73,-0.576 0.629,-1.184 z m -1.23,13.034 c 0.466,-0.022 0.937,0.481 1.369,0.641 0.452,-0.479 0.945,-0.467 1.539,-0.286 0.194,0.059 0.355,0.165 0.533,0.261 0.014,0.03 0.018,0.062 0.033,0.092 0.076,0.198 0.205,0.337 0.387,0.418 0,0.264 -0.431,0.491 -0.641,0.626 -0.242,0.197 -0.517,0.27 -0.82,0.236 -0.098,-0.137 -0.38,-0.168 -0.618,-0.172 -0.072,-0.023 -0.145,-0.042 -0.217,-0.066 -0.054,0.008 -0.111,0.035 -0.168,0.071 -0.614,0.006 -1.21,0.033 -1.809,-0.147 -0.596,-0.18 -0.605,-0.474 -0.337,-0.98 0.152,-0.286 0.389,-0.678 0.749,-0.694 z m -2.547,28.389 c -0.005,0.003 -0.012,0.005 -0.017,0.007 0.004,-0.01 0.008,-0.02 0.012,-0.029 0.126,-0.273 0.172,-0.455 0.101,-0.764 -0.027,-0.118 -0.099,-0.257 -0.148,-0.393 0.116,0.15 0.166,0.348 0.211,0.531 0.067,0.269 0.109,0.487 -0.159,0.648 z m -20.498,0.736 c -0.321,-0.182 -0.547,-0.387 -0.941,-0.332 -0.379,0.053 -0.489,0.258 -0.645,0.569 -0.112,-0.083 -0.173,-0.267 -0.249,-0.389 -0.092,-0.148 -0.085,-0.088 -0.02,-0.266 0.038,-0.103 0.051,-0.218 0.056,-0.332 0.21,-0.068 0.412,-0.158 0.599,-0.291 0.184,-0.104 0.304,-0.252 0.358,-0.444 0.261,-0.038 0.549,0.356 0.712,0.544 0.243,0.223 0.363,0.497 0.362,0.823 -0.009,0.071 -0.022,0.142 -0.032,0.214 -0.07,-0.019 -0.137,-0.05 -0.2,-0.096 z m -8.855,1.234 c -0.198,-0.208 -0.181,-0.573 -0.154,-0.898 0.007,10e-4 0.012,0.002 0.02,0.003 0.42,0.056 0.745,0.138 1.089,0.393 0.269,0.2 0.543,0.395 0.434,0.765 -0.139,0.468 -0.667,0.627 -0.887,1.032 -0.034,0.063 -0.065,0.185 -0.08,0.319 -0.021,-0.041 -0.052,-0.076 -0.072,-0.119 -0.151,-0.194 -0.22,-0.414 -0.207,-0.659 0.219,-0.145 0.455,-0.245 0.667,-0.398 -0.065,-0.261 -0.631,-0.25 -0.81,-0.438 z m -2.314,-4.364 c -0.126,-0.154 -0.404,-0.249 -0.586,-0.274 -0.241,-0.034 -0.467,0.046 -0.7,0.096 0.001,-0.002 0.004,-0.003 0.005,-0.004 0.275,-0.247 0.501,-0.535 0.678,-0.863 0.062,-0.283 0.211,-0.426 0.448,-0.428 0.13,0.371 0.334,0.814 0.366,1.21 0.022,0.268 0.023,0.326 0.265,0.48 0.176,0.112 0.463,0.218 0.705,0.299 0.001,0.005 0.003,0.007 0.004,0.011 0.02,0.173 -0.016,0.334 -0.074,0.49 -0.097,-0.076 -0.186,-0.165 -0.319,-0.195 -0.184,-0.041 -0.311,0.096 -0.477,0.091 -0.44,-0.013 -0.123,-0.677 -0.315,-0.913 z m -8.837,16.472 c -0.132,0.002 -0.225,0.065 -0.278,0.186 -0.192,0.177 -0.221,0.407 -0.087,0.689 -0.227,-0.074 -0.734,-0.249 -0.721,-0.565 0.006,-0.14 0.202,-0.505 0.234,-0.581 0.06,-0.143 0.112,-0.29 0.193,-0.423 0.142,-0.233 0.358,-0.383 0.593,-0.503 0.061,0.076 0.138,0.137 0.196,0.216 0.23,0.238 0.323,0.512 0.279,0.821 -0.128,0.076 -0.264,0.129 -0.409,0.16 z m 0.41,-7.448 c -0.133,0.16 -0.251,0.203 -0.376,0.199 -0.026,-0.115 -0.065,-0.225 -0.139,-0.319 -0.022,-0.028 -0.051,-0.04 -0.077,-0.059 0.234,-0.008 0.467,-0.016 0.701,-0.022 -0.039,0.067 -0.07,0.136 -0.109,0.201 z m -1.866,0.251 c 0.011,0.034 0.05,0.058 0.089,0.082 -0.005,0.014 -0.01,0.028 -0.015,0.042 -0.061,0.291 0.112,0.521 0.237,0.762 -0.003,0.115 -0.004,0.23 -0.002,0.345 0.004,0.232 -0.013,0.421 -0.11,0.636 -0.583,-0.151 -0.997,-0.604 -1.561,-0.78 -0.214,0.215 -0.334,0.479 -0.36,0.793 -0.16,0.432 -0.198,0.873 -0.114,1.322 0.396,0.278 0.84,0.389 1.332,0.334 0.447,-0.019 0.786,0.154 1.018,0.52 0.154,0.293 0.209,0.601 0.167,0.926 -0.07,0.105 -0.048,0.19 0.029,0.263 -0.21,0.077 -0.441,0.118 -0.622,0.148 -0.373,0.062 -0.937,0.044 -1.266,-0.196 -0.166,-0.121 -0.164,-0.304 -0.383,-0.379 -0.179,-0.061 -0.504,-0.034 -0.675,-0.057 -0.331,-0.044 -0.771,-0.147 -1.003,-0.421 -0.377,-0.445 0.11,-0.686 0.305,-1.049 0.143,-0.267 0.084,-0.61 0.083,-0.896 -10e-4,-0.192 0.08,-0.6 -0.022,-0.759 -0.516,0.005 -1.56,1.152 -1.944,0.392 -0.125,-0.247 -0.029,-0.532 -0.108,-0.791 -0.119,-0.39 -0.6,-0.777 -0.468,-1.227 0.593,-0.102 1.212,-0.182 1.853,-0.234 0.101,0.03 0.203,0.055 0.305,0.068 0.348,0.045 0.885,-0.002 1.251,-0.146 0.844,-0.027 1.661,-0.064 2.465,-0.098 -0.224,0.08 -0.538,0.225 -0.481,0.4 z M 349,335.799 c 0.076,0.183 0.129,0.426 0.087,0.624 -0.059,0.28 -0.579,1.093 -0.945,0.929 -0.158,-0.071 -0.31,-0.539 -0.355,-0.682 -0.094,-0.292 -0.081,-0.513 -0.027,-0.809 0.044,-0.239 0.076,-0.475 0.076,-0.7 0.203,-0.047 0.348,-0.188 0.425,-0.434 0.267,-0.23 0.346,-0.515 0.236,-0.854 0.034,-0.286 -0.009,-0.559 -0.129,-0.817 -0.1,-0.203 -0.142,-0.416 -0.124,-0.64 0.472,-0.211 0.829,-0.127 1.109,0.128 -0.186,0.079 -0.381,0.113 -0.578,0.06 -0.005,0.169 0.408,0.845 0.411,0.85 0.183,0.366 0.4,0.728 0.551,1.108 -0.097,0.073 -0.178,0.167 -0.262,0.254 -0.125,0.129 -0.532,0.42 -0.58,0.595 -0.045,0.163 0.046,0.246 0.105,0.388 z M 275.408,283.85 c 0.024,-0.228 0.057,-0.454 0.115,-0.673 0.012,-0.092 0.054,-0.167 0.082,-0.249 0.042,-0.092 0.083,-0.187 0.125,-0.28 0.076,-0.113 0.161,-0.221 0.278,-0.309 0.235,-0.139 0.386,-0.34 0.451,-0.603 0.026,-0.228 -0.003,-0.437 -0.078,-0.631 0.012,-0.029 0.023,-0.057 0.035,-0.086 0.55,-0.095 0.657,-1.162 0.585,-1.597 v 0 0 c 0.211,-0.629 0.408,-1.283 0.595,-1.95 0.19,-0.081 0.38,-0.16 0.565,-0.245 0.098,-0.039 0.187,-0.098 0.283,-0.142 0.056,0.092 0.114,0.181 0.17,0.276 0.196,0.328 0.392,0.657 0.752,0.807 0.291,0.121 0.599,0.077 0.907,10e-4 0.484,-0.12 1.254,-0.434 1.107,-1.065 -0.043,-0.186 -0.048,-0.069 -0.187,-0.143 -0.134,-0.072 -0.207,-0.206 -0.261,-0.337 -0.2,-0.492 0.239,-0.771 0.499,-1.124 0.169,-0.231 0.157,-0.319 0.065,-0.58 -0.097,-0.275 -0.276,-0.545 -0.223,-0.859 0.088,-0.514 0.714,-0.955 1.225,-0.825 0.228,0.058 0.54,0.345 0.736,0.475 0.179,0.118 0.52,0.306 0.758,0.234 0.613,-0.186 0.341,-0.971 0.089,-1.342 -0.125,-0.185 -0.358,-0.352 -0.451,-0.557 0.439,-0.291 0.655,-0.726 0.696,-1.233 0.009,-0.01 0.02,-0.02 0.028,-0.03 0.127,-0.145 0.499,-0.537 0.497,-0.772 -0.002,-0.265 -0.303,-0.315 -0.476,-0.409 -0.032,-0.017 -0.057,-0.037 -0.087,-0.054 0.281,-0.197 0.581,-0.361 0.9,-0.487 0.523,-0.052 0.603,0.531 0.78,0.908 0.159,0.343 0.345,0.671 0.559,0.983 0.222,0.314 0.504,0.56 0.846,0.737 0.245,0.113 0.434,0.287 0.567,0.52 0.108,0.129 0.235,0.202 0.373,0.244 -3.711,3.15 -8.72,7.464 -12.905,11.397 z m -161.449,65.96 c 0.055,-0.324 0.234,-0.529 0.267,-0.781 0.113,-0.075 0.182,-0.176 0.191,-0.313 0.203,0.117 0.411,0.227 0.608,0.312 0.403,-0.415 0.963,-1.588 1.621,-0.979 0.239,0.221 0.129,0.52 0.042,0.818 -0.126,-0.02 -0.254,-0.028 -0.385,-0.003 -0.356,0.068 -0.646,0.626 -0.826,0.9 -0.183,0.278 -0.376,0.537 -0.679,0.683 -0.544,0.262 -0.933,-0.082 -0.839,-0.637 z m -9.088,-27.693 c 0.392,0.449 0.933,0.79 1.363,1.182 0.259,0.149 0.426,0.364 0.501,0.646 0.047,0.106 0.095,0.213 0.142,0.319 -0.043,0.09 -0.087,0.181 -0.13,0.271 -0.084,0.024 -0.167,0.046 -0.253,0.076 0.018,0.075 0.049,0.142 0.073,0.213 -0.142,0.08 -0.284,0.16 -0.425,0.24 -0.162,0.03 -0.333,-0.025 -0.489,-0.047 -0.192,-0.027 -0.387,-0.047 -0.581,-0.079 -0.032,-0.307 -0.075,-0.614 -0.117,-0.924 -0.079,-0.594 -0.323,-1.318 -0.084,-1.897 z M 80.915,267.974 c -0.094,0.131 -0.59,0.19 -0.758,0.249 -0.213,0.076 -0.435,0.228 -0.616,0.052 -0.383,-0.374 -0.119,-1.332 -0.558,-1.505 -0.155,-0.061 -0.362,-0.007 -0.533,-0.073 -0.183,-0.07 -0.484,-0.231 -0.652,-0.354 -0.504,-0.371 -0.791,-1.298 -0.848,-1.884 -0.067,-0.683 0.397,-1.108 0.616,-1.725 0.183,-0.515 -0.157,-0.801 -0.266,-1.289 -0.085,-0.378 0.033,-0.665 0.248,-0.973 -0.188,-0.174 -0.436,-0.262 -0.68,-0.363 0.329,-0.148 0.674,-0.217 1.053,-0.238 0.641,-0.036 1.929,0.177 2.4,0.649 0.446,0.446 0.534,0.883 0.485,1.506 -0.027,0.344 -0.105,0.784 -0.031,1.158 -0.034,-0.025 -0.066,-0.06 -0.102,-0.078 -0.801,0.295 -0.961,1.636 -0.375,2.193 0.079,0.075 0.206,0.133 0.341,0.192 -0.131,0.303 -0.168,0.632 0.06,0.909 0.026,0.031 0.051,0.047 0.076,0.071 -0.148,0.074 -0.29,0.139 -0.359,0.201 0.089,0.386 0.818,0.859 0.499,1.302 z m -5.448,4.048 c 0.312,0.333 0.62,0.664 0.704,1.124 -0.616,-0.001 -1.382,-0.396 -1.684,-0.916 -0.519,-0.894 0.033,-2.093 -0.175,-3.075 -0.553,-0.216 -1.161,0.172 -1.73,0.226 -0.019,-0.026 -0.032,-0.053 -0.052,-0.079 -0.39,-0.513 -0.718,-1.086 0.104,-1.31 0.353,-0.096 0.717,-0.113 1.079,-0.138 0.08,-0.006 0.156,-0.011 0.228,-0.016 0.015,0.003 0.029,0.002 0.044,0.005 0.855,0.179 1.876,0.263 2.461,0.971 0.245,0.14 0.303,0.323 0.173,0.548 -0.006,0.171 -0.07,0.314 -0.193,0.428 -0.305,0.482 -0.808,0.918 -1.181,1.342 -0.297,0.339 -0.053,0.596 0.222,0.89 z m 2.548,-85.251 c -0.063,-0.443 0.162,-0.61 0.499,-0.808 0.357,-0.211 0.767,-0.309 1.151,-0.454 0.182,-0.069 0.718,-0.239 0.874,-0.44 -0.215,-0.105 -0.348,-0.244 -0.438,-0.452 0.524,-0.131 1.06,-0.158 1.572,0.074 0.573,0.259 0.541,0.681 0.298,1.057 -0.057,-0.023 -0.113,-0.048 -0.182,-0.044 -0.297,0.018 -0.429,0.333 -0.346,0.58 0,0 0.001,0.001 0.001,0.001 -0.176,0.126 -0.371,0.251 -0.481,0.411 -0.142,0.206 -0.171,0.569 -0.249,0.809 -0.059,0.182 -0.119,0.357 -0.189,0.525 -0.189,0.091 -0.34,0.233 -0.359,0.503 -0.002,0.023 0.013,0.05 0.018,0.075 -0.013,0.015 -0.022,0.032 -0.035,0.047 -0.327,0.363 -0.823,0.488 -1.204,0.779 -0.195,0.149 -0.281,0.307 -0.349,0.495 -0.061,0.016 -0.124,0.029 -0.196,0.024 -0.208,-0.013 -0.313,-0.177 -0.46,-0.36 -0.293,-0.364 -0.839,-1.023 -0.723,-1.536 0.119,-0.527 0.679,-0.306 1.069,-0.426 -0.101,-0.283 -0.229,-0.559 -0.271,-0.86 z m 10.135,0.275 c 0.187,0.326 -0.125,0.938 -0.263,1.235 -0.139,0.301 -0.196,0.5 0.002,0.774 0.021,0.029 0.056,0.051 0.081,0.078 -0.079,0.071 -0.144,0.162 -0.208,0.239 -0.049,-0.035 -0.097,-0.067 -0.132,-0.093 -0.142,-0.104 -0.336,-0.233 -0.526,-0.233 -0.325,0.002 -0.527,0.481 -0.639,0.741 -0.01,0.023 -0.018,0.045 -0.026,0.067 -0.117,-0.12 -0.179,-0.302 -0.23,-0.442 -0.218,-0.587 -0.405,-1.158 -0.762,-1.675 -0.011,-0.028 -0.028,-0.049 -0.04,-0.075 0.011,-0.048 0.024,-0.093 0.036,-0.139 0.075,-0.004 0.15,-0.023 0.225,-0.057 0.182,-0.058 0.45,-0.117 0.578,-0.265 0.133,-0.154 0.065,-0.308 -0.051,-0.428 0.339,-0.066 0.658,0.078 1.054,0.165 0.295,0.066 0.76,-0.137 0.901,0.108 z m 19.037,-1.436 c 0.197,0.54 0.302,1.42 0.754,1.783 0.592,0.475 1.287,-0.298 1.751,-0.626 0.099,0.2 -0.045,0.392 0.117,0.577 0.507,-0.059 0.625,-0.474 0.746,-0.926 0.119,-0.443 0.171,-0.853 0.035,-1.297 0.517,0.011 1.248,0.566 1.613,0.925 0.285,-0.103 0.553,-0.666 0.644,-0.898 0.046,-0.118 0.062,-0.455 0.206,-0.478 0.49,0.604 0.934,1.303 1.609,1.725 0.057,0.036 0.12,0.068 0.183,0.101 -0.061,0.027 -0.124,0.049 -0.184,0.082 -0.042,0.271 0.029,0.502 0.213,0.693 0.129,0.181 0.245,0.37 0.348,0.567 -0.32,0.053 -0.777,-0.466 -1.035,-0.648 -0.235,-0.214 -0.506,-0.363 -0.812,-0.446 -0.305,-0.195 -0.63,-0.225 -0.976,-0.09 -0.257,0.415 -0.283,0.861 -0.079,1.337 -0.017,0.351 -0.034,0.702 -0.051,1.053 -0.21,0.641 -0.642,1.024 -1.296,1.15 -0.087,0.003 -0.174,0.006 -0.261,0.009 -0.023,-0.033 -0.031,-0.08 -0.06,-0.107 -0.081,0.035 -0.164,0.075 -0.247,0.118 -0.073,0.003 -0.147,0.005 -0.22,0.008 -0.428,-0.099 -0.778,0 -1.051,0.296 -0.166,0.083 -0.274,0.199 -0.347,0.334 -0.116,0.007 -0.233,0.005 -0.35,-0.018 0.034,-0.588 0.751,-1.121 1.085,-1.538 -0.09,-0.408 -1.592,-0.263 -1.836,-0.258 -0.204,-0.101 -0.327,-0.068 -0.441,0.004 -0.206,0.069 -0.497,0.217 -0.734,0.177 0.003,-0.516 -10e-4,-0.989 0.246,-1.486 0.156,-0.314 0.304,-0.622 0.284,-0.986 -0.026,-0.473 -0.536,-0.797 -0.899,-0.994 0.162,-0.331 0.408,-0.638 0.603,-0.949 0.297,0.096 0.348,0.548 0.442,0.806 z m 47.919,-24.645 c 0.038,0.013 0.081,0.027 0.124,0.041 0.02,0.016 0.039,0.032 0.045,0.056 0.035,0.153 -0.121,0.3 -0.21,0.406 -0.053,0.063 -0.11,0.122 -0.165,0.183 -0.063,-0.275 -0.047,-0.537 0.206,-0.686 z M 215.81,99.658 c 0.392,-0.097 0.647,0.06 0.827,0.409 0.075,0.146 0.117,0.318 0.149,0.493 -0.005,0.003 -0.009,0.007 -0.014,0.01 -0.104,0.073 -0.214,0.133 -0.332,0.18 -0.181,-0.215 -0.491,-0.32 -0.748,-0.413 -0.164,-0.059 -0.884,-0.282 -1.088,-0.18 -0.218,0.109 -0.193,0.612 -0.196,0.783 -0.004,0.238 -0.024,0.472 0.101,0.674 0.202,0.326 0.949,0.521 0.785,0.998 -0.093,0.272 -0.2,0.418 -0.229,0.721 -0.024,0.25 -0.02,0.503 0.012,0.752 -0.072,-0.041 -0.148,-0.073 -0.231,-0.091 -0.118,-0.002 -0.235,-0.005 -0.353,-0.011 -0.204,-0.142 -0.392,-0.302 -0.564,-0.481 -0.106,0.391 0.041,0.828 0.091,1.226 0.062,0.504 0.145,0.998 0.275,1.489 -0.233,0.148 -0.523,0.055 -0.768,0.218 -0.213,0.142 -0.198,0.396 -0.358,0.555 -0.241,0.238 -0.459,0.039 -0.679,-0.182 0.038,-0.068 0.074,-0.134 0.098,-0.197 0.263,-0.673 -0.701,-1.092 -0.695,-1.75 0.004,-0.369 0.407,-0.622 0.624,-0.894 0.111,-0.138 0.189,-0.282 0.242,-0.429 0.122,-0.005 0.245,-0.039 0.366,-0.125 0.309,-0.219 0.392,-1.049 0.389,-1.398 -0.002,-0.32 -0.062,-0.629 -0.152,-0.935 -0.439,0.046 -0.813,0.202 -1.264,0.104 -0.325,-0.071 -0.786,-0.359 -0.716,-0.761 0.229,-0.019 0.743,0.026 0.914,-0.156 0.103,-0.109 0.093,-0.257 0.072,-0.399 0.083,-0.139 0.074,-0.304 -0.024,-0.519 -0.003,-0.006 -0.008,-0.014 -0.011,-0.02 0,-0.017 -0.001,-0.033 -0.001,-0.05 0.005,-0.146 0.061,-0.256 0.169,-0.33 0.078,-0.159 0.125,-0.087 -0.081,-0.271 -0.213,-0.187 -0.421,-0.379 -0.623,-0.577 -0.057,-0.08 -0.114,-0.16 -0.171,-0.239 0.324,-0.145 0.687,-0.286 1.023,-0.169 0.243,0.085 0.531,0.248 0.729,0.413 0.385,0.319 0.3,0.73 0.514,1.138 0.395,0.753 1.242,0.582 1.918,0.414 z m 4.116,-10.474 c 0.484,0.177 0.919,0.448 1.342,0.737 0.359,0.246 0.773,0.485 1.104,0.767 0.153,0.13 0.38,0.299 0.28,0.532 -0.097,0.226 -0.417,0.407 -0.645,0.449 -0.279,0.051 -0.491,-0.04 -0.71,-0.201 -0.199,-0.241 -0.401,-0.479 -0.606,-0.714 -0.139,-0.193 -0.306,-0.358 -0.502,-0.492 -0.269,-0.219 -0.545,-0.416 -0.902,-0.411 -0.131,0.002 -0.259,0.021 -0.373,0.067 -0.007,-0.144 0.015,-0.286 0.089,-0.42 0.084,-0.153 0.195,-0.314 0.315,-0.468 0.208,0.038 0.415,0.084 0.608,0.154 z m 5.024,7.084 c -0.023,0.125 -0.035,0.253 -0.014,0.384 0.048,0.295 0.425,0.551 0.709,0.739 0.004,0.222 0.004,0.446 -0.039,0.662 -0.012,0.06 -0.065,0.221 -0.138,0.362 -0.326,0.092 -0.622,0.147 -0.873,0.329 0.175,-0.263 0.345,-0.543 0.47,-0.81 -0.404,-0.414 -1.561,-1.007 -0.933,-1.647 0.227,-0.232 0.522,-0.114 0.818,-0.019 z m 19.119,10.496 c -0.089,0.1 -0.166,0.207 -0.243,0.316 -0.73,-0.106 -1.425,-0.53 -1.895,-1.073 -0.098,-0.113 -0.158,-0.22 -0.198,-0.326 0.065,-0.075 0.128,-0.156 0.205,-0.24 0.282,-0.311 0.662,-0.27 1.023,-0.105 0.438,0.201 1.201,0.884 1.108,1.428 z m 27.589,6.359 c -0.065,-0.043 -0.131,-0.086 -0.174,-0.14 -0.171,-0.213 -0.064,-0.321 0.012,-0.545 0.03,-0.089 0.046,-0.164 0.05,-0.229 0.033,0.284 0.071,0.59 0.112,0.914 z m 27.023,-11.753 c 0.132,-0.225 0.183,-0.252 0.397,-0.376 0.281,-0.162 0.228,-0.223 0.26,-0.569 0.055,-0.298 0.061,-0.598 0.018,-0.898 -0.053,-0.176 -0.105,-0.353 -0.156,-0.529 -0.026,-0.193 -0.092,-0.426 0.192,-0.395 0.269,0.03 0.649,0.561 0.76,0.729 0.1,0.152 0.175,0.28 0.216,0.399 0.158,-0.014 0.314,-0.006 0.462,0.076 -0.054,0.276 0.173,0.5 0.116,0.773 0.463,-0.102 0.631,-0.325 1.072,0.014 0.069,0.053 0.125,0.107 0.171,0.163 0.036,0.059 0.071,0.119 0.108,0.179 0.143,0.352 -0.081,0.733 -0.466,1.017 -0.459,0.338 -0.569,0 -0.994,-0.178 -0.235,-0.099 -0.214,-0.001 -0.429,0.14 -0.372,0.244 -1.062,0.795 -1.506,0.63 -0.191,-0.071 -0.481,-0.459 -0.477,-0.668 0.002,-0.174 0.169,-0.36 0.256,-0.507 z m 65.249,35.929 c 0.105,-0.15 0.597,-0.182 0.75,-0.21 0.396,-0.074 0.739,-0.049 1.045,-0.316 -0.01,-0.154 -0.074,-0.271 -0.172,-0.363 0.603,-0.156 1.421,-0.007 1.875,0.073 0.697,0.123 3.04,0.329 2.482,1.51 -0.788,0.049 -1.477,-0.358 -2.266,-0.332 -0.639,0.021 -0.433,0.281 -0.775,0.71 -0.403,0.507 -1.78,1.691 -2.516,1.311 -0.441,-0.229 -0.276,-0.73 -0.551,-1.003 -0.359,0.44 -0.875,0.797 -1.303,1.173 -0.199,0.175 -0.622,0.634 -1.021,0.722 -0.01,-0.006 -0.017,-0.015 -0.027,-0.02 -0.197,-0.061 -0.36,-0.168 -0.488,-0.321 0.586,-0.457 1.331,-0.665 1.983,-1.01 0.28,-0.148 0.414,-0.342 0.547,-0.618 0.093,-0.192 0.194,-0.32 0.325,-0.488 0.103,-0.132 0.149,-0.193 0.151,-0.364 0.002,-0.153 -0.139,-0.311 -0.039,-0.454 z m 9.125,14.035 c -0.037,-0.141 -0.075,-0.283 -0.112,-0.424 0.093,-0.288 0.306,-0.387 0.637,-0.296 0.116,0.16 0.232,0.319 0.347,0.478 0.036,0.313 0.072,0.627 0.108,0.94 0.075,0.225 0.15,0.449 0.225,0.674 0.188,0.136 0.388,0.251 0.6,0.344 0.991,0.479 1.345,-0.897 1.697,-1.551 0.319,0.239 0.525,0.563 0.617,0.973 0.17,0.561 0.511,0.871 1.024,0.933 0.417,0.223 0.802,0.13 1.154,-0.28 0.179,-0.427 0.457,-0.591 0.834,-0.493 0.201,0.451 0.337,0.921 0.406,1.408 0.182,0.405 0.15,0.795 -0.096,1.169 -0.513,0.018 -1.007,-0.064 -1.482,-0.246 -0.348,-0.069 -0.672,-0.199 -0.97,-0.39 -0.544,-0.144 -1.407,0.272 -1.834,0.503 -0.193,0.113 -0.387,0.225 -0.58,0.338 -0.347,0.129 -0.666,0.308 -0.957,0.536 -0.129,0.192 -0.259,0.383 -0.388,0.575 -0.285,0.366 -0.296,0.721 -0.031,1.064 0.509,0.082 0.983,-0.001 1.421,-0.249 0.363,-0.119 0.703,-0.284 1.021,-0.495 0.508,0.312 0.908,0.819 1.456,1.05 0.286,0.158 0.596,0.164 0.929,0.018 0.608,-0.186 1.216,-0.198 1.825,-0.039 0.223,0.334 0.314,0.696 0.273,1.085 -0.085,0.301 -0.002,0.537 0.247,0.707 0.588,-0.52 1.122,-1.091 1.603,-1.714 0.293,-0.627 0.72,-0.839 1.281,-0.638 0.319,0.617 0.296,1.233 -0.069,1.85 -0.355,0.479 -0.796,0.842 -1.324,1.09 -0.375,0.16 -0.689,0.402 -0.942,0.727 0.018,0.225 -0.01,0.442 -0.085,0.652 -0.199,0.046 -0.399,0.091 -0.599,0.137 -0.565,0.093 -1.018,-0.063 -1.36,-0.466 -0.257,-0.169 -0.466,-0.384 -0.627,-0.645 -0.094,-0.266 -0.275,-0.397 -0.545,-0.391 -0.537,-0.123 -0.997,0.129 -1.492,-0.192 -0.131,-0.12 -0.262,-0.24 -0.393,-0.36 -0.341,-0.059 -0.623,0.031 -0.846,0.269 -0.413,0.309 -0.667,0.403 -1.148,0.202 -0.435,-0.17 -0.854,-0.375 -1.257,-0.614 -0.273,0.002 -0.547,0.005 -0.821,0.007 -0.218,0.236 -0.436,0.471 -0.653,0.706 -0.174,0.27 -0.348,0.54 -0.522,0.809 -0.437,0.383 -0.934,0.532 -1.489,0.45 -0.588,0.115 -1.115,-0.038 -1.58,-0.46 -0.157,-0.768 0.137,-1.331 0.884,-1.689 0.337,-0.159 0.673,-0.318 1.01,-0.478 0.451,-0.09 0.693,-0.351 0.726,-0.782 -0.056,-0.166 -0.04,-0.312 0.049,-0.438 0.044,-0.097 0.121,-0.164 0.23,-0.199 0.102,-0.201 0.1,-0.395 -0.004,-0.586 -0.056,-0.177 -0.339,-0.866 -0.588,-0.515 0.016,-0.158 0.051,-0.311 0.108,-0.46 0.07,-0.218 0.007,-0.357 -0.189,-0.418 -0.563,-0.547 -1.44,0.158 -0.472,0.357 -0.714,0.111 -1.751,-0.483 -2.108,-1.05 -0.406,-0.435 -0.45,-0.823 -0.132,-1.164 0.104,-0.298 0.328,-0.414 0.673,-0.348 0.544,0.048 1.011,0.334 1.135,-0.523 -0.013,-0.27 -0.027,-0.539 -0.04,-0.808 -0.287,-0.239 -0.387,-0.52 -0.299,-0.842 0.331,-0.192 0.638,-0.186 0.921,0.019 0.39,0.09 0.565,0.368 0.527,0.835 0.087,0.36 0.18,1.556 0.958,1.187 0.554,-0.263 1.195,-1.252 1.108,-1.849 z m 1.012,-15.545 c -0.134,-0.179 -0.403,-0.415 -0.44,-0.651 -0.052,-0.335 0.256,-0.544 0.505,-0.686 0.21,-0.119 0.572,-0.279 0.89,-0.309 0.06,-0.084 0.149,-0.172 0.277,-0.252 0.167,-0.105 0.518,-0.225 0.686,-0.033 0.12,0.137 0.004,0.288 -0.026,0.444 -0.052,0.267 0.164,0.25 0.394,0.332 0.146,0.052 0.838,0.229 0.678,0.517 -0.1,0.181 -0.267,0.077 -0.27,0.325 -0.003,0.307 0.363,0.449 0.274,0.771 -0.111,0.401 -0.648,0.268 -0.951,0.268 -0.285,0.001 -0.642,-0.034 -0.702,0.295 -0.061,0.333 0.049,0.633 -0.076,0.973 -0.116,0.316 -0.362,0.686 -0.718,0.752 -0.205,0.038 -0.387,-0.029 -0.583,-0.099 -0.174,-0.063 -0.661,-0.224 -0.716,-0.437 -0.03,-0.115 0.014,-0.115 0.077,-0.202 0.183,-0.25 0.472,-0.445 0.688,-0.668 0.443,-0.456 0.383,-0.846 0.013,-1.34 z m 6.42,12.075 c 0.181,-0.634 0.624,-0.85 1.235,-0.962 0.225,-0.042 0.438,-0.01 0.669,-0.012 0.43,-0.003 0.782,-0.106 1.161,-0.306 0.274,-0.144 0.489,-0.264 0.464,-0.594 -0.034,-0.444 -0.174,-0.793 -0.045,-1.248 0.138,-0.483 0.484,-0.832 0.801,-1.209 0.239,-0.284 0.433,-0.361 0.69,-0.42 0.005,-0.224 0.025,-0.416 0.201,-0.621 0.113,-0.131 0.262,-0.257 0.414,-0.338 0.232,-0.124 0.504,-0.122 0.699,-0.315 0.129,-0.128 0.187,-0.315 0.31,-0.45 0.213,-0.233 0.501,-0.267 0.751,-0.425 0.165,-0.103 0.521,-0.395 0.621,-0.55 0.108,-0.168 0.05,-0.37 0.078,-0.59 0.068,-0.533 0.273,-1.303 0.548,-1.764 0.219,-0.367 0.639,-0.293 1.016,-0.204 0.644,0.153 0.628,0.438 0.625,1.015 -0.003,0.583 0.021,1.029 -0.239,1.573 -0.197,0.413 -0.484,1.066 -0.851,1.368 -0.294,0.242 -0.679,0.369 -1.033,0.492 -0.479,0.165 -1.636,0.328 -1.84,0.9 -0.052,0.146 0.007,0.412 -0.02,0.569 -0.048,0.278 -0.055,0.629 -0.16,0.891 -0.082,0.205 -0.191,0.29 -0.356,0.449 -0.293,0.284 -0.524,0.587 -0.768,0.913 -0.222,0.296 -0.414,0.519 -0.764,0.645 -0.295,0.106 -0.973,0.061 -1.104,0.402 -0.235,0.609 0.497,1.835 -0.006,2.329 -0.239,0.235 -0.954,0.171 -1.203,-0.004 -0.281,-0.198 -0.13,-0.548 -0.294,-0.767 -0.184,-0.245 -0.816,0.152 -0.97,0.232 -0.566,0.298 -1.098,0.616 -1.737,0.736 -0.612,0.115 -0.755,-0.142 -0.75,-0.714 0.003,-0.324 0.033,-0.78 0.345,-0.961 0.405,-0.232 1.055,-0.002 1.512,-0.06 z m 7.717,17.465 c -0.122,0.192 -0.253,0.366 -0.379,0.549 -10e-4,-10e-4 -0.002,-10e-4 -0.003,-0.002 -0.94,-0.469 -0.82,-0.18 -1.517,0.382 -0.557,0.449 -1.405,0.959 -2.163,0.873 -0.617,-0.07 -0.846,-0.635 -1.056,-1.102 -0.331,-0.009 -0.66,-0.045 -0.986,-0.107 -0.377,0.032 -0.66,-0.122 -0.851,-0.463 0.401,-0.854 0.989,-1.219 1.866,-1.504 0.431,-0.14 1.326,-0.129 1.676,-0.372 0.494,-0.344 0.64,-1.082 0.77,-1.644 0.099,-0.43 0.272,-1.085 0.754,-1.27 0.429,-0.165 0.75,0.052 0.868,0.423 0.066,0.208 0.002,0.59 0.041,0.824 0.11,0.65 0.281,1.468 0.629,2.048 0.422,-0.352 0.029,-1.372 0.14,-1.82 0.136,-0.548 0.547,-0.726 1.033,-0.72 0.079,0.236 0.142,0.475 0.175,0.69 0.044,0.393 0.044,0.786 0,1.18 -0.018,0.09 -0.019,0.181 -0.029,0.272 -0.295,0.622 -0.617,1.214 -0.968,1.763 z m -5.983,5.663 c -0.005,-0.64 0.086,-1.32 0.102,-1.924 0.017,-0.629 -0.473,-0.686 -1.03,-0.756 -0.631,-0.079 -1.256,-0.158 -1.755,-0.577 0.661,-0.548 1.833,-0.809 2.619,-0.521 1.01,0.369 1.533,1.454 2.19,2.34 -0.675,0.523 -1.382,1.001 -2.126,1.438 z m 14.401,19.69 c -0.249,-0.287 -0.351,-0.623 -0.305,-1.005 0.07,-0.445 0.316,-0.746 0.741,-0.903 0.277,-0.047 0.484,-0.183 0.621,-0.41 -0.039,-0.128 -0.052,-0.258 -0.038,-0.391 0.051,-0.203 0.152,-0.377 0.303,-0.522 0.26,-0.117 0.53,-0.208 0.809,-0.27 0.101,-0.099 0.214,-0.14 0.339,-0.123 0.059,0.526 -0.075,0.855 -0.396,1.307 -0.293,0.21 -0.486,0.479 -0.579,0.807 -0.182,0.289 -0.095,0.55 0.261,0.783 0.339,0.418 1.086,0.859 0.622,1.454 -0.104,0.107 -0.209,0.215 -0.313,0.322 -0.274,0.239 -0.343,0.523 -0.207,0.853 0.179,0.064 0.357,0.128 0.536,0.192 -0.156,0.387 -0.315,0.752 -0.478,1.095 -0.131,-0.053 -0.263,-0.106 -0.421,-0.121 -0.347,-0.033 -0.682,0.007 -1.029,0.04 -0.354,0.033 -0.864,0.043 -1.152,-0.225 -0.086,-0.185 -0.173,-0.369 -0.259,-0.554 0.035,-0.272 0.071,-0.543 0.106,-0.815 0.205,-0.69 0.846,-0.857 1.424,-1.089 -0.173,-0.173 -0.367,-0.313 -0.585,-0.425 z m 21.51,-27.002 c 0.196,0.099 0.4,0.175 0.617,0.214 0.219,-0.03 0.345,0.049 0.377,0.239 0.043,0.076 0.049,0.156 0.039,0.237 -0.21,0.297 -0.501,0.496 -0.879,0.59 -0.319,0.125 -0.621,0.109 -0.906,-0.048 -0.081,-0.171 -0.148,-0.347 -0.201,-0.528 -0.052,-0.178 0.02,-0.283 0.217,-0.317 0.236,-0.139 0.49,-0.258 0.736,-0.387 z m 6.597,17.567 c 0.133,0.074 0.266,0.148 0.399,0.221 0.184,0.082 0.235,0.202 0.153,0.359 0.052,0.606 -1.132,1.101 -0.655,1.637 0.171,0.193 0.364,0.316 0.483,0.555 0.089,0.179 0.11,0.363 0.118,0.55 -0.063,0.033 -0.125,0.073 -0.183,0.135 -0.012,0.012 -0.02,0.024 -0.031,0.036 -0.087,0.046 -0.162,0.107 -0.224,0.186 -0.02,0.007 -0.038,0.014 -0.057,0.023 -0.246,-0.07 -0.388,-0.507 -0.48,-0.73 -0.159,-0.288 -0.185,-0.587 -0.079,-0.896 0.12,-0.247 0.245,-0.492 0.377,-0.733 0.012,-0.415 -0.859,-1.096 -1.081,-1.266 -0.531,-0.41 -0.933,-0.538 -1.568,-0.545 0.148,-0.333 -0.313,-0.597 -0.534,-0.67 -0.074,-0.024 -0.152,-0.036 -0.228,-0.053 -0.007,-0.076 -0.008,-0.152 0.011,-0.234 0.073,-0.324 0.307,-0.723 -0.124,-0.917 -0.343,-0.155 -0.721,-0.044 -1.066,0.166 0.009,-0.139 -0.01,-0.272 -0.091,-0.386 -0.385,-0.011 -0.868,0.195 -1.227,0.074 -0.013,-0.124 -0.05,-0.242 -0.078,-0.363 0.445,-0.115 0.794,-0.317 1.107,-0.67 0.022,-0.001 0.043,0.005 0.065,0.002 0.377,-0.06 0.574,-0.381 0.656,-0.742 0.254,-0.163 0.547,-0.234 0.95,-0.17 0.765,0.121 1.41,0.724 2.156,0.899 0.206,0.049 0.729,-0.15 0.86,0.062 -0.031,0.119 -0.062,0.238 -0.094,0.358 -0.155,0.399 -0.34,0.784 -0.554,1.154 -0.248,0.459 -0.61,0.911 -0.625,1.439 0.533,0.171 1.141,0.266 1.644,0.519 z m 6.336,62.754 c 0.009,0.007 0.021,0.013 0.03,0.021 -0.228,0.043 -0.445,0.133 -0.597,0.23 -0.372,-0.511 -0.965,0.351 -1.115,0.676 -0.003,0.006 -0.005,0.016 -0.007,0.023 -0.091,-0.086 -0.181,-0.172 -0.272,-0.258 0.582,-0.507 1.122,-1.029 1.614,-1.56 0.026,0.319 0.105,0.661 0.347,0.868 z m -0.456,6.318 c -0.119,0.388 -0.043,0.647 -0.526,0.692 -0.373,0.034 -0.77,-0.073 -1.122,-0.179 -0.164,-0.049 -0.34,-0.154 -0.513,-0.141 -0.013,0.075 0.005,0.154 0.012,0.231 -0.224,-0.059 -0.451,-0.095 -0.642,-0.096 -0.522,-0.004 -0.582,0.124 -0.896,0.482 -0.11,0.126 -0.312,0.466 -0.463,0.52 -0.363,0.13 -0.732,-0.41 -1.072,-0.445 -0.143,0.146 -0.13,0.384 -0.231,0.553 -0.112,0.188 -0.206,0.207 -0.402,0.207 0.254,-0.334 0.525,-0.655 0.763,-1.001 0.31,-0.45 0.545,-1.313 1.077,-1.551 0.298,-0.133 0.722,0.029 1.008,0.104 0.565,0.148 1.13,0.395 1.61,0.732 0.707,0.495 0.837,-0.785 1.397,-0.868 0.16,0.165 0.305,0.344 0.439,0.529 -0.194,-0.026 -0.369,0.003 -0.439,0.231 z m -13.388,35.108 c -0.511,-0.65 -0.92,-1.105 -1.495,-0.357 -0.231,0.301 -0.728,1.685 -1.298,2.167 0.054,-0.088 0.103,-0.18 0.121,-0.291 -0.245,-0.221 -0.336,-0.434 -0.483,-0.73 -0.151,-0.305 -0.352,-0.472 -0.207,-0.75 0.148,-0.281 0.262,-0.513 0.34,-0.759 0.056,-0.035 0.11,-0.075 0.168,-0.098 0.323,-0.128 0.963,-0.461 1.455,-0.872 0.408,0.41 0.931,0.34 1.528,0.228 0.412,0.577 0.377,1.363 0.88,1.878 0.422,0.432 0.748,0.935 1.122,1.408 0.284,0.358 0.318,0.262 0.303,0.573 0,0.005 -10e-4,0.009 -10e-4,0.014 -0.256,0.055 -0.514,0.105 -0.757,0.165 -0.325,0.08 -1.18,0.407 -1.501,0.018 -0.614,-0.744 0.426,-1.83 -0.175,-2.594 z m 4.154,25.455 c 0.155,-0.088 0.309,-0.176 0.464,-0.264 0.143,-0.241 -0.007,-0.503 -0.067,-0.728 -0.035,-0.133 -0.023,-0.232 -0.049,-0.371 -0.005,-0.027 -0.021,-0.047 -0.029,-0.072 0.268,0.104 0.549,0.158 0.848,0.147 0.22,0.036 0.44,0.049 0.661,0.05 -0.108,0.181 -0.224,0.355 -0.368,0.51 -0.24,0.422 -0.337,0.887 -0.675,1.257 -0.133,0.13 -0.247,0.275 -0.345,0.434 0.006,0.048 0.013,0.097 0.019,0.145 -0.039,0.042 -0.099,0.075 -0.16,0.107 -0.012,0.004 -0.024,0.004 -0.036,0.008 -0.508,0.084 -0.778,0.05 -1.112,-0.349 -0.171,-0.196 -0.311,-0.416 -0.464,-0.627 0.18,-0.119 0.354,-0.143 0.609,-0.177 0.234,-0.025 0.469,-0.048 0.704,-0.07 z m 7.335,2.672 c 0.159,0.453 -0.586,0.893 -0.927,1.058 -0.285,0.215 -0.567,0.23 -0.849,0.046 -0.079,-0.174 -0.201,-0.251 -0.368,-0.229 -0.094,0.429 -0.086,0.851 -0.035,1.273 -0.024,0.01 -0.05,0.012 -0.074,0.023 -0.087,0.208 -0.212,0.387 -0.376,0.539 -0.198,-0.051 -0.396,-0.102 -0.595,-0.153 -0.236,-0.077 -0.425,-0.192 -0.58,-0.333 -0.203,-0.392 -0.424,-0.766 -0.474,-1.234 0.194,-0.129 0.405,-0.208 0.635,-0.235 0.288,-0.016 0.513,-0.152 0.679,-0.41 0.148,-0.4 -0.127,-0.839 -0.008,-1.214 0.087,-0.274 0.337,-0.464 0.565,-0.656 0.225,0.123 0.439,0.268 0.636,0.446 0.044,0.399 -0.042,0.762 -0.257,1.089 -0.214,0.228 -0.249,0.475 -0.106,0.742 0.734,-0.185 1.445,-0.438 2.134,-0.752 z m -6.872,12.886 c -0.164,-0.13 -0.214,-0.314 -0.136,-0.557 -0.043,-0.234 0.002,-0.448 0.135,-0.64 0.1,-0.276 0.244,-0.55 0.399,-0.822 0.027,-0.004 0.053,-0.02 0.08,-0.019 0.017,0 0.043,0.001 0.063,0.001 -0.05,0.36 -0.368,0.744 -0.477,1.07 0.07,0.139 0.208,0.166 0.349,0.156 -0.207,0.152 -0.346,0.526 -0.413,0.811 z m -40.087,-8.447 c -0.053,-0.105 -0.104,-0.212 -0.16,-0.312 -0.191,-0.337 -0.414,-0.647 -0.635,-0.958 0.053,-0.106 0.089,-0.218 0.085,-0.34 -0.006,-0.148 -0.042,-0.204 -0.156,-0.26 -0.124,-0.017 -0.246,-0.045 -0.369,-0.068 -0.028,-0.047 -0.063,-0.088 -0.09,-0.136 0.364,-0.54 0.872,-0.105 1.188,0.296 -0.017,0.081 -0.029,0.16 -0.032,0.233 -0.022,0.474 0.275,1.155 0.734,1.346 0.088,0.036 0.192,0.02 0.284,0.026 -0.059,0.011 -0.116,0.034 -0.177,0.037 -0.231,0.033 -0.45,0.085 -0.672,0.136 z m -70.806,-19.94 c -0.033,-0.311 -0.142,-0.562 -0.28,-0.838 -0.141,-0.282 -0.227,-0.449 -0.142,-0.752 0.037,-0.171 0.104,-0.33 0.201,-0.478 0.032,-0.065 0.064,-0.129 0.096,-0.194 0.128,-0.08 0.458,0.099 0.582,0.137 0.35,0.105 0.647,0.191 0.718,0.585 0.052,0.286 -0.08,0.639 -0.128,0.916 0.151,0.051 0.32,-0.033 0.462,-0.083 0.357,-0.126 0.673,-0.373 0.995,-0.569 0.123,-0.075 0.265,-0.193 0.413,-0.207 0.22,-0.02 0.52,0.212 0.726,0.248 0.184,0.012 0.368,0.023 0.551,0.035 0.144,0.013 0.288,0.025 0.432,0.038 0.19,0.135 0.217,0.478 0.205,0.684 -0.025,0.435 -0.277,0.778 -0.595,1.084 -0.381,-0.055 -1.164,-0.117 -1.109,0.328 0.161,0.072 0.309,0.15 0.45,0.233 -0.074,0.06 -0.146,0.119 -0.215,0.179 -1.018,-0.071 -2.153,-0.159 -3.369,-0.26 -0.155,-0.354 0.046,-0.72 0.007,-1.086 z m -188.367,47.526 c -0.121,0.195 -0.247,0.386 -0.385,0.556 -0.126,0.156 -0.289,0.388 -0.524,0.295 -0.229,-0.09 -0.418,-0.405 -0.466,-0.633 -0.032,-0.148 -0.017,-0.278 0.023,-0.402 0.45,0.072 0.9,0.134 1.352,0.184 z m -4.709,-62.486 c -0.135,0.206 -0.308,0.322 -0.442,0.459 -0.023,-0.019 -0.038,-0.032 -0.063,-0.053 -0.129,-0.107 -0.475,-0.299 -0.533,-0.448 -0.106,-0.272 0.171,-0.558 0.323,-0.828 0.067,-0.015 0.129,-0.046 0.201,-0.049 0.603,-0.023 0.821,0.447 0.514,0.919 z m -10.277,-15.379 c -0.478,0.081 -0.616,0.746 -0.885,1.081 -0.226,0.281 -0.425,0.517 -0.781,0.55 -0.104,0.01 -0.205,-0.002 -0.3,-0.027 -0.118,-0.166 -0.214,-0.34 -0.239,-0.511 -0.04,-0.284 0.119,-0.562 0.183,-0.831 0.132,-0.555 0.062,-1.112 0.112,-1.671 0.138,-1.565 2.398,0.414 2.515,-0.779 0.081,-0.831 -1.151,-0.055 -1.466,-0.071 -0.182,-0.382 -0.158,-0.82 -0.31,-1.213 -0.35,0.185 -1.078,0.081 -1.406,-0.064 -0.113,-0.05 -0.201,-0.12 -0.283,-0.193 0.19,-0.099 0.383,-0.197 0.559,-0.303 -0.005,-0.308 -0.549,-0.673 -0.951,-0.839 0,-0.001 0,-0.001 0,-0.002 0.055,-0.911 0.738,-0.763 1.389,-0.961 0.463,-0.141 0.589,-0.665 0.77,-1.112 2.18,0.621 4.03,1.391 5.224,2.224 0.052,0.036 0.092,0.073 0.142,0.109 0.013,0.063 0.03,0.125 0.04,0.189 0.098,0.339 0.062,0.659 -0.11,0.961 -0.16,0.221 -0.218,0.465 -0.173,0.733 0.124,0.406 0.385,0.689 0.781,0.85 0.274,-0.099 0.439,-0.037 0.495,0.185 -0.172,0.498 -0.262,1.011 -0.269,1.54 -0.015,0.284 0.083,0.506 0.239,0.696 -0.777,0.797 -1.997,1.506 -3.6,2.067 0.007,-0.052 -0.003,-0.1 0.012,-0.155 0.026,-0.173 0.108,-0.317 0.246,-0.433 -0.019,-0.24 -0.128,-0.443 -0.326,-0.607 -0.251,-0.499 -0.294,-1.03 -0.397,-1.57 -0.174,-0.052 -0.109,0.226 -0.254,0.287 -0.24,0.101 -0.694,-0.174 -0.957,-0.13 z m -41.325,-75.1 c 0.264,0.266 0.741,0.75 1.231,0.93 -0.402,0.075 -0.81,0.304 -1.155,0.524 -0.065,0.006 -0.125,-0.007 -0.192,0.012 -0.314,0.023 -0.599,0.125 -0.856,0.299 -0.179,-0.169 -0.259,-0.48 -0.294,-0.683 -0.053,-0.306 -0.018,-0.569 0.17,-0.819 0.199,-0.264 0.5,-0.423 0.804,-0.576 0.098,0.105 0.194,0.215 0.292,0.313 z m 14.303,-0.712 c 0.113,-0.111 1.397,-1.422 1.577,-0.972 0.226,0.006 0.535,-0.231 0.745,-0.306 0.162,-0.058 0.431,-0.086 0.574,-0.197 0.131,-0.102 0.152,-0.347 0.175,-0.517 0.12,0.215 0.338,0.674 0.255,0.899 -0.16,0.432 -0.815,0.476 -1.071,0.822 -0.137,0.186 -0.102,0.199 -0.02,0.372 0.065,0.138 0.163,0.279 0.253,0.418 -0.205,0.13 -0.401,0.271 -0.667,0.253 -0.166,-0.011 -0.192,-0.099 -0.313,-0.159 -0.099,-0.05 -0.16,-0.047 -0.26,-0.018 -0.11,0.031 -0.21,0.084 -0.325,0.098 -0.175,0.021 -0.176,0.02 -0.332,0.114 -0.294,0.177 -0.636,0.238 -0.822,-0.118 -0.161,-0.312 0.016,-0.477 0.231,-0.689 z m 27.23,8.472 c -0.005,-0.42 0.979,-1.048 1.252,-1.308 0.448,-0.427 0.685,-0.853 0.493,-1.478 -0.091,-0.297 -0.237,-0.536 -0.286,-0.848 -0.058,-0.369 -0.046,-0.696 0.272,-0.92 0.381,-0.268 0.962,-0.412 1.12,-0.919 -0.212,-0.253 -0.274,-0.475 -0.379,-0.789 -0.108,-0.324 -0.285,-0.516 -0.102,-0.771 0.041,-0.058 0.074,-0.108 0.111,-0.162 0.006,0 0.013,0.003 0.019,0.002 0.533,-0.052 0.841,-0.721 1.343,-0.864 0.52,-0.148 0.747,0.145 1.153,0.368 0.493,0.271 0.814,0.163 1.137,-0.268 0.325,-0.435 0.307,-0.42 0.814,-0.101 0.339,0.213 0.665,0.497 1.06,0.598 0.212,0.033 0.424,0.067 0.636,0.1 0.373,0.03 0.747,0.06 1.121,0.09 0.28,0.113 0.442,0.433 0.607,0.66 0.248,0.34 0.534,0.644 0.782,0.985 0.128,0.179 0.257,0.358 0.385,0.537 0.318,0.174 0.404,0.389 0.256,0.643 -0.202,0.043 -0.404,0.087 -0.605,0.13 -0.428,0.054 -0.854,0.047 -1.277,-0.02 -0.26,-0.023 -0.518,-0.061 -0.773,-0.114 -0.247,-0.007 -0.383,0.106 -0.41,0.337 -0.243,0.589 0.131,1.209 0.575,1.595 -0.386,0.217 -0.756,0.408 -1.103,0.685 0.235,0.909 0.926,1.551 1.903,1.474 0.345,-0.027 1.596,-0.52 1.747,0.153 -0.376,0.454 -0.891,1.036 -0.54,1.637 -0.139,0.137 -0.333,0.247 -0.449,0.399 -0.015,0.04 -0.029,0.08 -0.044,0.12 -0.019,-0.052 -0.038,-0.104 -0.077,-0.147 -0.522,0.071 -1.034,0.65 -1.391,1.002 -0.16,0.158 -0.21,0.31 -0.282,0.523 -0.122,0.359 -0.332,0.67 -0.626,0.911 -0.186,0.152 -0.71,0.374 -0.983,0.272 -0.256,-0.096 -0.373,-0.443 -0.532,-0.641 -0.453,-0.562 -1.296,0.066 -1.864,-0.267 -0.319,-0.187 -0.337,-0.662 -0.465,-0.986 -0.161,-0.409 -0.413,-0.717 -0.879,-0.72 -0.199,-0.001 -0.401,0.032 -0.428,0.244 -0.025,0.198 0.202,0.366 0.3,0.519 0.085,0.133 0.176,0.313 0.204,0.489 -0.851,-0.714 -1.795,-1.368 -2.79,-1.963 0.007,-0.044 0.028,-0.081 0.031,-0.126 0.027,-0.404 -0.148,-0.555 -0.531,-0.59 -0.089,-0.008 -0.202,-0.003 -0.32,0.008 -0.052,-0.144 -0.183,-0.32 -0.185,-0.479 z m 73.23,-30.44 c -0.174,-0.272 -0.075,-0.319 0.19,-0.553 0.308,-0.271 0.751,-0.359 0.684,-0.774 -0.038,-0.235 -0.261,-0.377 -0.4,-0.544 0.076,-0.194 0.237,-0.38 0.409,-0.556 0.278,0.292 0.479,0.641 0.588,1.06 -0.114,0.31 -0.314,0.55 -0.6,0.72 -0.275,0.272 -0.447,0.591 -0.603,0.916 -0.103,-0.081 -0.201,-0.165 -0.268,-0.269 z m 3.438,0.303 c 0.102,0.44 -0.359,0.72 -0.13,1.074 0.258,0.4 1.396,1.034 1.813,0.66 -0.046,-0.359 -0.261,-0.624 -0.099,-0.965 0.058,-0.123 0.189,-0.254 0.321,-0.378 0.099,0.199 0.16,0.413 0.144,0.658 -0.08,1.201 -1.919,1.211 -2.66,0.67 -0.442,-0.323 -0.962,-1.16 -1.088,-1.707 -0.13,-0.56 0.45,-0.878 0.534,-1.412 0.101,-0.644 0.127,-1.478 -0.265,-2.012 -0.057,-0.077 -0.112,-0.157 -0.169,-0.237 0.255,-0.171 0.54,-0.247 0.963,-0.153 0.392,0.087 1.031,0.308 1.047,0.795 0.01,0.301 -0.296,0.54 -0.399,0.795 -0.136,0.337 -0.244,0.805 -0.319,1.166 -0.114,0.545 0.191,0.552 0.307,1.046 z m 102.611,-48.025 c -0.137,-0.253 -0.34,-0.483 -0.495,-0.717 -0.252,-0.38 -0.52,-0.743 -0.814,-1.091 0.392,0.001 0.805,0.103 1.094,0.201 0.765,0.26 1.095,0.743 0.516,1.355 -0.087,0.092 -0.196,0.171 -0.301,0.252 z m 79.825,33.654 c -0.101,0.438 -0.748,0.666 -1.038,0.942 -0.118,0.113 -0.181,0.215 -0.179,0.385 0.003,0.271 0.14,0.252 0.243,0.428 0.176,0.3 0.089,0.831 -0.178,1.063 -0.139,0.121 -0.289,0.087 -0.429,0.156 -0.175,0.087 -0.305,0.254 -0.46,0.38 -0.415,0.338 -0.804,0.64 -1.306,0.365 -0.617,-0.339 -1.202,-0.291 -1.877,-0.1 -0.373,0.106 -0.493,0.252 -0.572,0.639 -0.026,0.125 0.012,0.599 -0.179,0.672 -0.46,-0.185 -0.824,-0.492 -1.352,-0.417 -0.453,0.064 -0.766,0.347 -1.098,0.632 -0.218,0.187 -0.382,0.332 -0.565,0.57 -0.238,0.368 -0.531,0.684 -0.882,0.95 -0.256,0.231 -0.545,0.317 -0.867,0.258 -0.532,-0.384 0.414,-2.024 -0.432,-2.112 -0.29,-0.03 -0.608,0.184 -0.888,0.238 -0.373,0.072 -0.858,0.169 -1.232,0.118 -0.117,-0.016 -0.204,-0.057 -0.286,-0.103 -0.091,-0.245 -0.182,-0.489 -0.272,-0.734 -0.055,-0.026 -0.109,-0.051 -0.164,-0.076 -0.007,-0.044 -0.017,-0.084 -0.024,-0.129 -0.06,-0.422 0.178,-0.75 0.505,-1.014 0.472,-0.382 0.674,-0.298 1.029,0.065 0.119,0.122 0.36,0.225 0.536,0.113 0.224,-0.142 0.043,-0.299 0.151,-0.509 0.134,-0.26 0.672,-0.311 0.903,-0.467 0.809,-0.547 -0.01,-1.011 0.163,-1.743 0.334,-0.099 0.658,-0.201 1.007,-0.224 0.239,-0.015 0.963,-0.15 1.131,0.054 0.099,0.12 0.078,0.136 0.016,0.277 -0.15,0.341 -0.338,0.56 -0.284,0.963 0.051,0.381 0.438,1.087 0.898,0.993 0.18,-0.037 0.343,-0.23 0.509,-0.315 0.316,-0.162 0.653,-0.278 0.97,-0.443 0.348,-0.181 0.699,-0.361 1.105,-0.339 0.315,0.017 0.083,-0.004 0.259,0.114 0.446,0.299 1.228,0.686 1.806,0.564 0.776,-0.164 0.747,-1.003 0.952,-1.577 0.301,-0.846 1.416,-0.448 2.056,-0.295 -0.526,-0.589 0.445,-0.866 0.325,-0.342 z m 8.027,40.78 c 0.604,0.018 1.115,-0.221 1.533,-0.718 0.155,-0.131 0.309,-0.261 0.464,-0.392 0.033,0.157 0.068,0.307 0.107,0.441 0.203,0.687 0.452,0.734 1.165,0.531 0.4,-0.132 0.756,-0.341 1.089,-0.59 0.004,0.04 0.009,0.08 0.013,0.12 -0.171,0.345 -0.346,0.687 -0.527,1.027 0.182,0.219 0.41,0.359 0.685,0.418 0.282,0.092 0.551,0.213 0.808,0.362 -0.019,0.124 -0.038,0.247 -0.058,0.371 -0.095,0.175 -0.191,0.351 -0.286,0.526 -0.135,0.344 0.067,0.851 -0.181,1.117 -0.216,0.232 -0.542,0.204 -0.836,0.15 -0.331,-0.061 -1.165,-0.383 -1.444,-0.089 -0.084,0.18 -0.167,0.359 -0.251,0.539 -0.055,0.271 -0.11,0.542 -0.165,0.813 -0.142,0.4 -0.348,0.805 -0.834,0.807 -0.238,-0.12 -0.477,-0.239 -0.715,-0.359 -0.498,-0.349 -0.717,-0.8 -0.659,-1.352 -0.116,-0.34 -0.052,-0.638 0.193,-0.893 0.144,-0.276 0.315,-0.535 0.512,-0.777 -0.458,-0.262 -0.955,-0.314 -1.491,-0.156 -0.597,0.064 -1.065,0.33 -1.404,0.798 -0.138,0.299 -0.368,0.499 -0.691,0.599 -0.429,0.215 -0.883,0.33 -1.357,0.362 0.063,-0.453 0.156,-0.92 0.435,-1.154 0.391,-0.327 0.755,-0.026 1.154,-0.138 0.576,-0.162 1.594,-0.927 1.853,-1.487 0.125,-0.27 0.17,-0.553 0.183,-0.841 0.226,0.038 0.462,0.03 0.705,-0.035 z m 32.453,-26.628 c 0.018,0.031 0.043,0.041 0.063,0.067 -0.206,0.091 -0.426,0.141 -0.647,0.136 0.138,-0.556 0.279,-1.108 0.431,-1.65 0.145,0.469 -0.094,1.025 0.153,1.447 z m 19.955,70.72 c 0.008,0.047 0.015,0.094 0.026,0.138 -0.031,-0.061 -0.061,-0.123 -0.095,-0.179 0.003,0.001 0.005,0.001 0.008,0.002 0.026,0.011 0.038,0.027 0.061,0.039 z m -13.209,41.753 c -0.059,-0.125 -0.134,-0.233 -0.234,-0.305 -0.621,0.377 -1.296,1.081 -2.094,1.033 -0.047,-0.587 0.59,-1.213 0.864,-1.671 -0.145,-0.392 -1.613,-0.043 -1.854,-0.005 -0.216,-0.072 -0.333,-0.023 -0.436,0.064 -0.223,0.11 -0.546,0.358 -0.809,0.27 -0.426,-0.142 -0.336,-0.63 -0.373,-0.966 -0.078,-0.703 -0.434,-1.334 -0.488,-2.045 -0.023,-0.299 -0.109,-1.073 0.121,-1.347 0.178,-0.212 0.659,-0.13 0.885,-0.051 0.307,0.108 0.547,0.414 0.892,0.303 0.263,-0.084 0.294,-0.226 0.275,-0.464 -0.031,-0.396 -0.264,-0.76 -0.35,-1.142 -0.093,-0.41 -0.045,-0.41 0.333,-0.597 0.152,-0.075 0.302,-0.134 0.452,-0.194 0.002,0.27 0.064,0.552 0.118,0.782 -0.012,0.233 0.111,0.341 0.369,0.324 0.228,-0.057 0.455,-0.114 0.683,-0.171 0.284,-0.076 0.955,-0.421 1.184,-0.14 -0.192,0.772 -1.209,0.788 -1.53,1.494 -0.287,0.632 0.155,0.685 0.481,1.062 0.224,0.259 0.117,0.478 0.243,0.799 0.228,0.58 0.953,0.585 1.478,0.682 0.062,0.158 -0.095,0.275 -0.136,0.419 -0.081,0.284 -0.098,0.665 -0.017,0.952 0.076,0.269 0.253,0.521 0.417,0.761 -0.159,0.047 -0.316,0.096 -0.474,0.153 z m 1.305,21.756 c -0.292,0.342 -0.971,0.247 -1.355,0.358 -0.157,0.046 -0.26,0.107 -0.337,0.26 -0.122,0.242 0.008,0.288 0.019,0.492 0.018,0.347 -0.304,0.778 -0.648,0.862 -0.179,0.044 -0.296,-0.056 -0.452,-0.059 -0.196,-0.004 -0.387,0.085 -0.584,0.126 -0.524,0.109 -1.008,0.198 -1.328,-0.278 -0.085,-0.126 -0.18,-0.229 -0.278,-0.325 -0.077,0.086 -0.163,0.163 -0.265,0.219 -1.779,0.974 -2.864,2.715 -4.034,4.356 1.374,0.209 2.694,0.665 3.785,1.53 -0.155,0.093 -0.291,0.197 -0.403,0.315 -0.082,-0.315 -0.35,-0.654 -0.527,-0.791 -0.462,-0.359 -0.897,-0.228 -1.372,0.011 -0.506,0.254 -0.747,0.631 -1.334,0.569 -0.082,-0.359 -0.131,-0.683 -0.297,-1.016 -0.156,-0.314 -0.504,-0.658 -0.511,-1.01 -0.006,-0.318 0.235,-0.617 0.256,-0.951 0.024,-0.38 -0.253,-0.643 -0.441,-0.936 -0.208,-0.324 -0.133,-0.521 0.007,-0.845 0.155,-0.359 0.241,-0.578 0.039,-0.922 -0.198,-0.339 -0.426,-0.343 -0.786,-0.336 -0.293,-0.085 -0.52,-0.024 -0.679,0.184 -0.178,0.106 -0.228,0.27 -0.149,0.49 -0.017,0.442 -0.009,0.885 0.025,1.326 -0.025,0.238 -0.049,0.477 -0.074,0.715 -0.186,0.42 -0.625,0.25 -0.98,0.301 -0.255,0.037 -0.535,0.167 -0.791,0.171 -0.47,0.006 -0.671,-0.78 -0.788,-1.081 -0.11,-0.283 -0.208,-0.564 -0.419,-0.792 -0.311,-0.337 -0.662,-0.195 -1.061,-0.211 -0.121,-0.005 -0.234,-0.017 -0.343,-0.036 -0.034,-0.263 -0.062,-0.522 -0.017,-0.762 0.392,-0.304 0.815,0.218 1.173,0.269 0.431,0.062 1.106,-0.407 1.277,-0.791 0.239,-0.536 -0.249,-0.588 -0.393,-0.97 -0.104,-0.278 0.121,-0.563 0.267,-0.745 0.402,-0.501 0.486,-0.795 0.454,-1.47 -0.03,-0.641 0.198,-1.118 0.715,-1.526 0.521,-0.411 0.913,-0.273 1.335,0.179 0.376,0.403 0.604,0.662 1.087,0.171 0.353,-0.36 0.191,-0.843 0.423,-1.261 0.118,-0.212 0.316,-0.321 0.497,-0.485 0.462,-0.421 0.91,-0.985 1.544,-1.151 0.033,-0.009 0.064,-0.005 0.096,-0.011 -0.383,0.555 -0.732,1.168 -0.86,1.797 0.286,0.112 0.641,0.269 0.68,0.45 0.033,0.152 0.007,0.157 -0.114,0.253 -0.195,0.156 -0.375,0.262 -0.517,0.426 0.212,0.664 0.738,1.173 1.358,1.579 0.155,0.011 0.309,0.023 0.465,0.023 0.392,0 0.786,10e-4 1.137,0.208 0.271,0.16 0.075,0.035 0.177,0.22 0.258,0.47 0.774,1.174 1.344,1.332 0.764,0.212 1.125,-0.546 1.571,-0.962 0.656,-0.613 1.464,0.254 1.961,0.684 -0.197,-0.765 0.793,-0.563 0.445,-0.153 z m -38.939,17.64 c -0.034,0.038 -0.075,0.088 -0.122,0.141 -0.992,-0.422 -2.078,-0.799 -3.223,-1.072 -0.213,-0.246 -0.482,-0.49 -0.677,-0.612 -0.378,-0.236 -0.721,-0.09 -1.136,-0.013 -0.295,0.055 -0.418,0.096 -0.517,0.244 -0.324,-0.028 -0.649,-0.052 -0.977,-0.058 -2.587,-0.042 -5.359,-0.801 -7.858,-1.843 0.01,-0.03 0.012,-0.06 0.033,-0.091 0.144,-0.214 0.354,-0.164 0.62,-0.151 0.58,0.029 1.158,0.105 1.724,0.235 0.437,0.101 0.702,0.159 1.082,-0.088 0.199,-0.095 0.359,-0.235 0.48,-0.42 0.22,-0.114 0.273,-0.267 0.159,-0.457 -0.031,-0.113 -0.09,-0.206 -0.159,-0.292 0.205,-0.214 0.409,-0.428 0.636,-0.62 0.008,-0.007 0.019,-0.011 0.027,-0.019 0.061,0.158 0.117,0.318 0.175,0.444 0.08,0.176 0.283,0.676 0.498,0.772 0.242,0.107 0.412,-0.147 0.568,-0.265 0.203,-0.154 0.388,-0.268 0.632,-0.339 0.149,-0.043 0.376,-0.088 0.541,-0.022 -0.006,0.272 -0.062,0.541 0.058,0.79 0.139,0.06 0.239,0.162 0.299,0.305 0.029,0.067 0.069,0.128 0.099,0.194 0.076,0.379 0.17,0.749 0.336,1.109 0.075,0.379 0.305,0.616 0.691,0.709 0.106,-0.032 0.212,-0.064 0.318,-0.095 0.393,-0.118 0.771,-0.282 1.137,-0.468 0.201,-0.102 0.544,-0.215 0.65,-0.427 0.129,-0.26 -0.035,-0.476 -0.193,-0.703 -0.156,-0.226 -0.298,-0.475 -0.409,-0.727 -0.056,-0.129 -0.282,-0.799 -0.138,-1.046 0.048,-0.083 0.123,-0.137 0.202,-0.187 0.111,-0.027 0.227,-0.045 0.354,-0.036 0.423,0.028 0.409,0.12 0.569,0.483 0.134,0.303 0.292,0.59 0.396,0.909 0.781,-0.938 2.128,-1.799 3.39,-1.608 0.113,0.017 0.198,0.053 0.288,0.085 -0.011,0.008 -0.02,0.012 -0.031,0.021 -0.276,0.218 -0.547,0.458 -0.718,0.767 -0.213,0.385 -0.312,1.02 0.137,1.28 -0.257,0.244 -0.268,0.928 -0.256,1.237 0.023,0.606 0.384,0.653 0.718,1.018 0.038,0.041 0.062,0.082 0.078,0.122 -0.049,-0.002 -0.097,-0.002 -0.144,0.004 0.02,0.119 0.044,0.238 0.065,0.358 -0.11,0.159 -0.289,0.306 -0.402,0.432 z m -6.09,0.128 c 0.1,0.387 0.662,0.435 0.953,0.577 0.778,0.379 -0.897,1.812 -0.987,2.235 0.265,0.233 0.801,-0.009 1.121,0.074 -0.129,0.317 -0.428,0.619 -0.68,0.839 -0.396,0.344 -0.614,0.261 -0.977,-0.043 -0.118,-0.099 -0.24,-0.203 -0.384,-0.262 -0.534,-0.217 -0.99,0.482 -1.27,0.813 -0.118,0.14 0.037,1.03 0.047,1.196 0.015,0.25 0.129,0.374 0.048,0.569 -0.09,0.217 -0.655,0.484 -0.868,0.473 -0.117,-0.032 -0.223,-0.087 -0.317,-0.164 -0.093,-0.05 -0.16,-0.123 -0.202,-0.218 -0.55,-0.223 -0.577,0.608 -0.701,0.902 -0.21,0.498 -0.521,0.088 -0.77,-0.203 0.072,-0.083 0.147,-0.165 0.193,-0.257 0.052,-0.221 0.104,-0.442 0.156,-0.663 -0.084,-0.219 -0.168,-0.438 -0.252,-0.657 -0.098,-0.278 -0.197,-0.557 -0.295,-0.835 -10e-4,-0.003 -0.002,-0.005 -0.003,-0.008 0.069,-0.01 0.142,-0.016 0.201,-0.033 0.439,-0.133 0.679,-0.304 0.776,-0.767 0.059,-0.281 -0.052,-0.567 -0.014,-0.841 0.042,-0.305 0.271,-0.44 0.453,-0.71 0.191,-0.283 0.406,-0.594 0.535,-0.91 0.144,-0.353 -0.046,-0.669 0.048,-1.062 0.012,-0.051 0.043,-0.096 0.059,-0.147 1.013,0.068 2.012,0.095 2.971,0.068 0.054,-10e-4 0.106,0.003 0.16,0.002 0,0.009 -0.003,0.022 -10e-4,0.032 z m -62.108,-11.892 c -0.027,0.031 -0.056,0.06 -0.082,0.091 -0.062,-0.085 -0.112,-0.202 -0.162,-0.329 0.008,0 0.017,0 0.026,0 -0.002,0.007 -0.007,0.01 -0.009,0.017 0.09,0.064 0.164,0.138 0.227,0.221 z m 6.523,-25.429 c 0.127,-0.094 0.454,-0.099 0.57,-0.131 0.231,-0.065 0.514,-0.145 0.668,-0.34 0.305,-0.384 -0.146,-0.789 -0.101,-1.221 0.048,-0.455 0.842,-0.515 1.167,-0.767 0.113,-0.088 0.178,-0.18 0.216,-0.273 0.134,0.026 0.255,0.075 0.306,0.189 0.057,0.128 0.045,0.542 0.05,0.624 0.01,0.155 0.029,0.31 0.016,0.465 -0.031,0.373 -0.228,0.684 -0.482,0.951 -0.206,0.217 -0.473,0.364 -0.671,0.59 -0.008,0.009 -0.135,0.135 -0.137,0.175 -0.01,0.173 0.316,0.367 0.368,0.519 10e-4,0.004 0,0.008 10e-4,0.012 -0.222,0.129 -0.423,0.275 -0.576,0.498 -0.25,0.365 -0.207,0.968 0.249,1.161 -0.29,0.405 -1.136,-0.374 -1.298,-0.532 -0.207,-0.202 -0.455,-0.42 -0.513,-0.719 -0.049,-0.254 0.076,-0.371 0.085,-0.599 0.009,-0.196 -0.117,-0.455 0.082,-0.602 z m -10.974,-47.281 c -0.024,-0.286 -0.05,-0.551 -0.025,-0.838 0.026,-0.287 0.106,-0.54 0.027,-0.822 -0.079,-0.282 -0.306,-0.558 -0.555,-0.714 -0.47,-0.295 -0.874,-0.241 -1.369,-0.062 -0.038,-0.15 -0.016,-0.29 -0.191,-0.365 -0.361,-0.152 -0.687,0.404 -0.661,0.671 0.049,0.501 0.478,0.776 0.754,1.16 0.283,0.393 0.584,0.822 0.598,1.32 0.015,0.506 -0.325,0.759 -0.716,1.025 -0.347,0.237 -0.744,0.498 -1.177,0.537 -0.337,0.031 -0.441,-0.216 -0.591,-0.472 -0.2,-0.343 -0.351,-0.875 -0.607,-1.178 -0.135,-0.159 -0.373,-0.422 -0.604,-0.275 -0.242,0.153 -0.355,0.601 -0.449,0.852 -0.12,0.323 -0.154,0.607 -0.146,0.943 0.002,0.091 -0.053,0.257 -0.033,0.345 0.086,0.379 0.87,0.223 1.053,0.198 0.387,-0.053 0.875,-0.242 0.969,0.298 0.072,0.416 -0.041,0.839 -0.308,1.16 -0.203,0.245 -0.492,0.451 -0.608,0.755 0.189,0.294 0.597,0.52 0.896,0.677 -0.138,0.062 -0.286,0.067 -0.443,0.015 -0.352,-0.029 -0.682,0.042 -0.991,0.213 -0.394,0.24 -0.847,0.611 -0.762,1.127 0.105,0.638 1.101,2.159 -0.29,1.935 -0.819,-0.131 -1.456,-1.042 -1.991,-1.638 -0.722,-0.804 -1.744,-0.753 -2.677,-0.328 -0.174,-0.18 -0.092,-0.502 -0.115,-0.738 -0.026,-0.262 -0.064,-0.822 -0.38,-0.928 -0.599,-0.202 -1.148,0.399 -1.477,0.813 -0.161,-0.033 -0.255,-0.32 -0.325,-0.445 -0.185,-0.329 -0.348,-0.646 -0.654,-0.872 -0.195,-0.215 -0.44,-0.256 -0.737,-0.123 -0.166,0.123 -0.332,0.247 -0.499,0.37 -0.408,0.462 -0.398,1.023 -0.096,1.533 0.198,0.335 0.441,0.589 0.71,0.868 0.199,0.207 0.224,0.41 0.038,0.639 -0.428,0.526 -1.133,0.042 -1.678,0.153 0.098,0.562 0.753,0.814 1.063,1.26 0.353,0.508 0.146,0.986 -0.218,1.428 -0.18,0.219 -0.235,0.217 -0.501,0.047 -0.452,-0.289 -1.045,-0.598 -1.354,-1.049 -0.147,-0.216 -0.262,-0.447 -0.383,-0.675 1.381,-2.877 2.905,-5.827 4.56,-8.421 0.093,0.256 0.256,0.423 0.502,0.483 0.157,0.116 0.317,0.111 0.479,-0.015 0.02,-0.302 -0.135,-0.481 -0.264,-0.748 -0.183,-0.378 -0.003,-0.715 0.285,-0.988 0.35,-0.331 1.268,-0.783 1.738,-0.494 0.074,0.15 0.159,0.293 0.254,0.43 0.047,0.129 0.14,0.2 0.281,0.215 0.299,0.119 0.623,0.112 0.943,0.133 0.45,0.03 0.47,0.262 0.676,0.647 0.087,0.149 0.173,0.298 0.26,0.447 0.105,0.064 0.209,0.128 0.314,0.193 0.277,-0.083 0.395,-0.28 0.357,-0.589 -0.014,-0.166 -0.027,-0.333 -0.041,-0.499 -0.034,-0.35 -0.116,-0.374 0.137,-0.454 0.181,-0.005 0.359,-0.039 0.532,-0.102 0.199,-0.095 0.398,-0.19 0.597,-0.285 0.304,-0.158 0.532,-0.382 0.686,-0.672 0.142,-0.135 0.189,-0.298 0.142,-0.488 -0.308,-0.014 -0.601,0.053 -0.88,0.2 -0.203,0.109 -0.411,0.141 -0.622,0.097 0.295,-0.21 0.67,-0.365 0.579,-0.803 -0.092,-0.443 -0.602,-0.689 -0.938,-0.919 -0.252,0.12 -0.49,0.266 -0.714,0.438 -0.35,0.337 -0.74,0.444 -1.173,0.321 -0.047,-0.857 0.042,-1.895 0.672,-2.545 0.248,-0.256 0.505,-0.361 0.808,-0.115 0.303,-0.222 0.594,-0.441 0.929,-0.614 0.213,0.289 0.362,0.697 0.705,0.877 0.454,0.238 0.976,0.038 1.409,-0.134 0.242,-0.096 0.635,-0.304 0.863,-0.084 0.033,0.048 0.066,0.096 0.1,0.144 0.096,0 0.191,-0.001 0.287,-0.001 0.417,-0.03 0.816,-0.217 1.238,-0.152 0.044,0.007 0.072,0.036 0.109,0.053 0.084,0.31 0.277,0.62 0.44,0.89 0.236,0.392 0.611,0.544 0.907,0.857 0.084,0.089 0.156,0.236 0.221,0.335 0.175,0.265 0.337,0.729 0.555,0.949 0.041,0.042 0.102,0.057 0.149,0.09 -0.098,0.823 -0.144,1.597 -0.118,2.302 0.031,0.831 0.109,1.628 0.206,2.413 -0.466,-0.248 -0.767,-0.515 -0.718,-1.091 0.035,-0.395 0.085,-0.71 0.051,-1.121 z m -22.499,25.938 c 0.121,0.024 0.244,0.042 0.367,0.062 -0.137,0.015 -0.261,-0.006 -0.367,-0.062 z m -97.314,70.866 c -0.011,0.039 -0.043,0.069 -0.081,0.096 0.028,-0.035 0.05,-0.076 0.077,-0.113 -0.001,0.006 0.006,0.011 0.004,0.017 z m -51.846,24.753 c -0.003,-0.067 -0.004,-0.131 -0.006,-0.196 0.2,0.146 0.391,0.315 0.619,0.415 -0.09,0.182 -0.304,0.26 -0.555,0.282 -0.012,-0.191 -0.053,-0.391 -0.058,-0.501 z m 0.112,-1.659 c -0.242,0.052 -0.431,0.222 -0.663,0.269 -0.393,-0.357 -0.245,-1.036 -0.47,-1.486 -0.139,-0.28 -0.431,-0.557 -0.711,-0.693 -0.167,-0.081 -0.344,-0.112 -0.497,-0.222 -0.295,-0.211 -0.51,-0.672 -0.362,-0.988 0.02,-0.043 0.048,-0.101 0.072,-0.161 0.054,0.067 0.103,0.127 0.133,0.172 0.229,0.349 0.376,0.712 0.844,0.729 0.531,0.02 1.121,-0.37 1.453,-0.763 0.287,-0.339 0.205,-0.604 0.25,-0.99 0.435,0.057 0.911,0.157 1.318,0.32 0.506,0.203 0.696,-0.137 0.862,-0.632 0.03,-0.089 0.051,-0.176 0.071,-0.261 0.14,0.044 0.284,0.068 0.465,0.082 0.484,0.035 0.726,0.531 0.895,0.949 0.039,0.097 0.06,0.163 0.07,0.217 -0.545,-0.009 -1.069,-0.011 -1.62,0.214 -0.002,0.024 0.009,0.039 0.013,0.059 -0.021,0.016 -0.039,0.025 -0.062,0.048 -0.184,0.177 -0.369,0.361 -0.495,0.585 -0.143,0.253 -0.067,0.24 -0.045,0.486 0.012,0.139 0.001,0.198 -0.061,0.334 -0.06,0.131 -0.27,0.329 -0.279,0.468 -0.023,0.359 0.594,0.421 0.843,0.457 0.025,0.004 0.048,10e-4 0.072,0.003 0.015,0.357 0.091,0.738 0.288,0.959 -0.446,0.047 -0.994,0.144 -1.392,-0.054 -0.326,-0.159 -0.632,-0.178 -0.992,-0.101 z m -21.893,-98.169 c -0.18,-0.083 -0.364,-0.154 -0.545,-0.232 -0.02,-0.206 -0.037,-0.41 -0.035,-0.607 0.001,-0.072 0,-0.143 0,-0.215 0.34,-0.106 0.658,-0.244 0.806,-0.597 0.189,-0.451 0.009,-1.201 -0.433,-1.405 -0.067,-0.007 -0.132,-0.026 -0.198,-0.034 0.097,-0.425 0.227,-0.862 0.659,-0.91 0.302,-0.033 0.544,0.116 0.865,0.043 -0.12,0.19 -0.228,0.387 -0.314,0.598 -0.196,0.253 -0.258,0.534 -0.187,0.845 -0.065,0.333 0.021,0.624 0.258,0.873 0.099,0.291 0.278,0.513 0.539,0.665 0.181,0.081 0.303,0.209 0.367,0.385 0.119,0.134 0.105,0.272 -0.042,0.411 -0.064,0.193 -0.169,0.36 -0.316,0.501 -0.074,0.091 -0.157,0.152 -0.236,0.222 -0.394,-0.181 -0.784,-0.356 -1.188,-0.543 z M 81.153,227.807 c 0.343,0.124 0.744,0.028 1.09,0.161 0.45,0.173 0.222,0.609 0.275,0.966 0.068,0.45 0.434,0.919 0.848,1.084 0.157,0.063 0.322,0.06 0.463,0.156 0.209,0.143 0.296,0.455 0.382,0.683 0.13,0.346 0.229,0.706 0.4,1.034 0.156,0.298 0.377,0.555 0.576,0.826 0.231,0.315 0.998,1.524 1.446,0.931 0.423,-0.559 0.308,-1.308 -0.23,-1.74 -0.12,-0.096 -0.391,-0.21 -0.457,-0.346 -0.02,-0.04 -0.026,-0.097 -0.026,-0.161 0.211,0.184 0.556,0.27 0.763,0.352 0.39,0.156 0.722,0.246 0.871,0.683 0.06,0.465 0.011,0.915 -0.146,1.351 -0.038,0.468 -0.263,0.832 -0.677,1.094 -0.62,-0.038 -1.067,-0.353 -1.341,-0.942 -0.215,-0.367 -0.464,-0.707 -0.749,-1.02 -0.099,-0.239 -0.266,-0.299 -0.5,-0.18 -0.187,0.197 -0.416,0.298 -0.671,0.337 -0.047,-0.039 -0.096,-0.076 -0.143,-0.115 -0.048,-0.039 -0.103,-0.082 -0.157,-0.123 -0.272,-0.406 -0.492,-0.841 -0.624,-1.322 -0.13,-0.614 -0.469,-1.02 -1.015,-1.218 -0.18,0.115 -0.348,0.256 -0.504,0.408 -0.167,-0.079 -0.327,-0.173 -0.498,-0.293 -0.32,-0.225 -0.714,-0.373 -1.098,-0.443 -0.21,-0.038 -0.452,-0.028 -0.657,-0.086 -0.373,-0.106 -0.524,-0.498 -0.831,-0.703 -0.26,-0.175 -0.522,-0.252 -0.822,-0.324 -0.306,-0.073 -0.49,-0.114 -0.668,-0.374 -0.107,-0.138 -0.186,-0.292 -0.237,-0.461 -0.029,-0.066 -0.058,-0.132 -0.087,-0.199 0.021,-0.15 0.37,-0.287 0.479,-0.359 0.305,-0.201 0.562,-0.373 0.91,-0.175 0.253,0.144 0.439,0.472 0.62,0.686 0.136,-0.083 0.18,-0.267 0.233,-0.408 0.133,-0.354 0.146,-0.756 0.203,-1.128 0.022,-0.143 0.022,-0.327 0.107,-0.449 0.126,-0.181 0.497,-0.262 0.657,-0.397 0.127,-0.133 0.254,-0.267 0.381,-0.4 0.102,-0.102 0.204,-0.204 0.306,-0.307 0.226,-0.059 0.506,0.141 0.656,0.282 0.679,0.639 0.38,1.803 0.472,2.639 z m 1.978,-33.668 c 0.092,-0.177 0.198,-0.346 0.319,-0.505 0.068,-0.106 0.137,-0.212 0.206,-0.317 0.16,0.087 0.358,0.109 0.525,0.208 0.133,0.079 0.256,0.193 0.365,0.318 -0.262,0.094 -0.503,0.265 -0.707,0.569 -0.054,0.081 -0.132,0.226 -0.217,0.379 -0.14,0.053 -0.323,0.119 -0.403,0.045 -0.145,-0.134 -0.149,-0.53 -0.088,-0.697 z m 28.227,11.971 c -0.137,0.042 -0.285,0.05 -0.448,0.061 -0.445,0.03 -0.886,0.1 -1.33,0.132 -0.348,0.025 -0.591,-0.021 -0.646,-0.397 -0.059,-0.404 0.2,-0.956 0.273,-1.357 -0.12,-0.096 -0.256,-0.163 -0.407,-0.202 -0.123,-0.09 -0.246,-0.18 -0.369,-0.27 -0.108,-0.09 -0.225,-0.218 -0.333,-0.352 0.103,-0.06 0.202,-0.126 0.297,-0.199 0.975,0.765 1.987,1.632 2.963,2.584 z m 6.337,-21.277 c -0.052,0.037 -0.075,0.09 -0.115,0.133 -0.175,-0.137 -0.364,-0.148 -0.631,-0.192 0.042,-0.309 0.478,-0.663 0.738,-0.803 0.41,-0.22 0.829,-0.063 1.257,0.001 0.082,0.012 0.218,0.033 0.362,0.039 0.073,0.053 0.145,0.107 0.218,0.163 0.247,0.171 0.474,0.364 0.682,0.58 0.321,0.19 0.481,0.477 0.48,0.859 -0.537,0.515 -1.121,1.031 -1.787,0.424 -0.417,-0.379 -0.677,-0.992 -1.204,-1.204 z m 1.452,21.591 c 0.626,-0.349 0.555,-1.237 0.462,-1.828 -0.007,0.005 0.068,-0.074 0.139,-0.171 0.317,0.076 0.584,-0.013 0.797,-0.277 0.258,-0.128 0.462,-0.314 0.613,-0.555 0.115,-0.195 0.271,-0.346 0.468,-0.454 1.097,0.704 0.233,1.825 -0.645,2.785 -0.123,-0.185 -0.285,-0.32 -0.622,-0.326 -0.923,-0.016 -1.049,0.806 -1.029,1.533 -0.275,0.121 -0.538,0.271 -0.821,0.382 -0.13,0.051 -0.251,0.07 -0.336,0.19 -0.131,0.183 -0.167,0.428 -0.303,0.618 -0.199,0.278 -0.441,0.459 -0.735,0.607 -0.017,0.002 -0.034,0.005 -0.05,0.007 0.024,-0.415 0.282,-0.887 0.146,-1.297 -0.12,-0.138 -0.239,-0.277 -0.359,-0.415 0.044,-0.127 0.047,-0.273 0.094,-0.401 0.118,-0.32 0.4,-0.6 0.75,-0.636 0.541,-0.055 0.862,0.555 1.431,0.238 z m 73.11,-40.136 c -0.02,0.018 -0.04,0.041 -0.06,0.055 -0.037,0.025 -0.073,0.04 -0.109,0.059 -0.626,-0.349 -1.279,-0.975 -1.649,-1.507 0.013,-0.051 0.028,-0.103 0.045,-0.156 0.721,0.527 1.33,1.046 1.773,1.549 z m 8.454,-64.751 c 0.452,0.171 0.864,0.423 1.262,0.693 -0.179,0.257 -0.611,0.378 -0.923,0.481 -0.043,-0.035 -0.072,-0.083 -0.117,-0.115 -0.209,-0.171 -0.423,-0.324 -0.675,-0.383 0.023,-0.031 0.039,-0.063 0.064,-0.093 0.143,-0.187 0.265,-0.386 0.389,-0.583 z m 7.716,1.542 c 0.465,-0.508 1.021,-0.713 1.702,-0.526 0.398,0.109 0.559,0.341 0.649,0.717 0.014,0.057 0.014,0.117 0.017,0.177 -0.051,-0.018 -0.104,-0.033 -0.16,-0.039 -0.866,-0.084 -0.676,0.858 -1.039,1.374 -0.296,-0.067 -0.417,-0.284 -0.576,-0.523 -0.231,-0.347 -0.489,-0.675 -0.725,-1.018 0.042,-0.054 0.083,-0.108 0.132,-0.162 z m 73.821,33.513 c 0.021,-0.119 -0.014,-0.236 -0.006,-0.355 0.012,-0.184 0.099,-0.25 0.181,-0.401 0.052,-0.094 0.075,-0.196 0.14,-0.284 0.089,-0.119 0.225,-0.208 0.329,-0.313 0.225,-0.227 0.359,-0.5 0.331,-0.823 -0.013,-0.151 -0.165,-0.474 -0.117,-0.639 0.035,-0.121 0.188,-0.146 0.288,-0.174 0.534,-0.15 0.977,0.125 1.302,0.522 0.286,0.349 -0.285,0.931 -0.461,1.19 -0.126,0.186 -0.215,0.37 -0.275,0.585 -0.008,0.03 -0.126,0.339 -0.102,0.409 0.193,-0.081 0.491,-0.05 0.674,-0.039 0.302,0.018 0.644,0.026 0.933,0.13 0.175,0.062 0.681,0.252 0.595,0.473 -0.046,0.121 -0.274,0.161 -0.382,0.192 -0.213,0.061 -0.432,0.094 -0.619,0.224 -0.198,0.138 -0.335,0.366 -0.432,0.587 0.042,0.106 0.275,0.096 0.363,0.104 0.173,0.015 0.362,0.02 0.524,0.087 0.217,0.089 0.303,0.268 0.18,0.489 -0.108,0.194 -0.407,0.248 -0.603,0.3 -0.106,0.028 -0.296,0.043 -0.432,0.093 -0.462,-0.324 -1.03,-0.546 -1.557,-0.465 -0.167,0.026 -0.36,0.085 -0.544,0.17 -0.139,-0.596 -0.291,-1.192 -0.468,-1.788 0.076,-0.07 0.136,-0.148 0.158,-0.274 z m 45.643,-5.975 c 0.036,-0.039 0.081,-0.081 0.121,-0.119 0.157,-0.147 0.408,-0.364 0.645,-0.346 0.074,0.124 0.076,0.287 0.171,0.399 0.075,0.089 0.193,0.15 0.277,0.233 0.103,0.101 0.185,0.222 0.287,0.323 0.069,0.068 0.218,0.134 0.256,0.219 0.109,0.243 -0.396,0.321 -0.45,0.521 -0.036,0.133 0.16,0.357 0.242,0.475 0.101,0.144 0.243,0.329 0.424,0.389 0.309,0.103 0.653,-0.287 0.842,-0.498 0.092,-0.103 0.159,-0.218 0.286,-0.283 0.196,-0.1 0.406,-0.146 0.6,-0.259 0.223,-0.131 0.452,-0.285 0.608,-0.497 0.122,-0.165 0.107,-0.319 0.109,-0.506 0.002,-0.181 -0.015,-0.355 0.056,-0.527 0.076,-0.182 0.209,-0.302 0.341,-0.438 0.143,-0.147 0.263,-0.273 0.341,-0.466 0.089,-0.218 0.076,-0.513 0.048,-0.741 -0.041,-0.332 -0.152,-0.621 0.246,-0.743 0.298,-0.09 0.562,-0.203 0.8,-0.399 0.004,0 0.009,-0.001 0.013,-0.001 -1.279,3.241 -3.166,6.692 -5.691,8.888 -0.152,0.132 -0.302,0.254 -0.453,0.381 -0.003,0 -0.006,0 -0.009,-0.001 -0.526,-0.153 -1.185,-0.356 -1.099,-0.998 0.121,-0.908 1.765,-0.935 1.602,-2.016 -0.116,-0.135 -0.194,-0.29 -0.233,-0.464 -0.134,-0.339 -0.221,-0.69 -0.258,-1.056 -0.116,-0.559 -0.229,-1.18 -0.525,-1.69 0.133,0.065 0.265,0.132 0.389,0.214 0.007,0.003 0.01,0.004 0.014,0.006 z m 10.646,15.906 c -0.069,0.249 -0.234,0.298 -0.343,0.498 -0.094,0.171 -0.097,0.46 -0.34,0.503 -0.156,0.028 -0.45,-0.114 -0.569,-0.137 -0.236,-0.045 -0.524,-0.1 -0.75,0.006 -0.444,0.208 -0.221,0.771 -0.455,1.138 -0.209,0.327 -0.77,0.162 -1.183,0.153 0.293,-0.236 0.539,-0.568 0.716,-0.815 0.339,-0.469 0.639,-1.322 1.201,-1.574 0.276,-0.124 0.573,0.124 0.81,0.199 0.346,0.109 0.438,-0.008 0.719,-0.163 0.07,-0.039 0.14,-0.069 0.21,-0.103 0.011,0.099 0.012,0.198 -0.016,0.295 z m 13.577,-2.874 c -0.289,0.405 -0.581,0.803 -0.875,1.197 -0.15,0.137 -0.277,0.299 -0.357,0.474 -0.118,0.156 -0.237,0.311 -0.356,0.464 -0.469,-0.008 -0.946,-0.113 -1.379,-0.281 -0.091,-0.254 -0.098,-0.493 -0.094,-0.754 0.093,-0.117 0.223,-0.25 0.253,-0.364 0.043,-0.163 -0.062,-0.259 -0.233,-0.315 0.007,-0.173 0.009,-0.358 0.004,-0.554 0.116,-0.061 0.224,-0.139 0.32,-0.24 0.344,-0.274 0.596,-0.564 1.058,-0.58 0.164,0.265 0.221,0.792 0.577,0.888 0.108,0.029 0.232,0 0.358,-0.046 -0.005,0.04 -0.009,0.082 -0.014,0.113 0.056,0.052 0.386,0.031 0.738,-0.002 z m 50.771,168.935 c 0.14,0.267 0.408,0.368 0.529,0.678 0.095,0.243 0.122,0.464 0.08,0.676 -1.335,-0.444 -2.657,-0.829 -3.911,-1.117 0.092,-0.367 0.263,-0.72 0.144,-1.105 -0.107,-0.347 -0.344,-0.705 -0.693,-0.822 -0.356,-0.119 -0.451,-0.188 -0.434,-0.561 0.016,-0.351 -0.149,-0.602 -0.385,-0.825 0.046,-0.011 0.084,-0.037 0.133,-0.04 0.636,-0.046 1.19,0.466 1.518,0.975 0.109,0.17 0.198,0.537 0.393,0.628 0.091,-0.146 0.181,-0.293 0.27,-0.44 0.129,-0.181 0.299,-0.251 0.511,-0.211 0.361,-0.031 0.72,-0.003 1.077,0.085 0.407,0.011 0.697,0.178 0.869,0.5 0.298,0.4 0.372,0.836 0.043,1.24 -0.114,0.143 -0.239,0.158 -0.144,0.339 z m 5.652,0.413 c 0.171,-0.137 0.374,-0.189 0.597,-0.181 -0.061,0.193 -0.104,0.399 -0.126,0.626 -0.047,-0.02 -0.093,-0.054 -0.139,-0.08 -0.115,-0.11 -0.223,-0.229 -0.332,-0.365 z m -22.105,1.434 c -0.273,0.16 -0.571,0.201 -0.878,0.235 0.053,-0.019 0.108,-0.039 0.158,-0.053 0.025,-0.3 0.009,-0.497 0.12,-0.787 0.411,-0.026 0.696,0.14 0.917,0.39 -0.104,0.073 -0.206,0.15 -0.317,0.215 z m -24.949,12.161 c -0.147,0.241 -0.194,0.499 -0.163,0.77 -0.228,0.222 -0.395,0.543 -0.52,0.862 -0.111,0.032 -0.225,0.048 -0.341,0.047 -0.061,-0.168 -0.188,-0.282 -0.507,-0.255 -0.14,0.012 -0.275,0.054 -0.41,0.097 -0.079,-0.03 -0.156,-0.051 -0.239,-0.088 -0.09,0.084 -0.156,0.189 -0.235,0.282 -0.385,0.194 -0.757,0.437 -1.125,0.6 -0.223,-0.237 -0.375,-0.694 -0.48,-0.997 -0.074,-0.216 -0.106,-0.576 -0.298,-0.736 -0.3,-0.249 -0.963,-0.217 -0.841,-0.81 0.097,-0.474 0.748,-0.527 1.108,-0.768 0.228,0.094 0.481,0.158 0.693,0.061 0.094,0.324 0.071,0.662 0.136,0.987 0.083,0.411 0.177,0.617 0.626,0.55 0.34,-0.049 0.679,-0.104 1.017,-0.166 0.261,0.063 0.486,0.015 0.673,-0.143 0.064,-0.278 0.013,-0.537 -0.151,-0.78 -0.223,-0.107 -0.306,-0.252 -0.248,-0.435 0.543,0.055 1.11,0.192 1.656,0.191 0.043,0 0.088,-0.007 0.132,-0.01 -0.281,0.164 -0.445,0.409 -0.483,0.741 z M 222.119,297.273 c 0.198,-0.202 0.376,-0.447 0.377,-0.735 0.001,-0.247 -0.13,-0.35 -0.221,-0.56 -0.105,-0.241 -0.044,-0.521 0.172,-0.684 0.217,-0.164 0.525,-0.132 0.77,-0.072 0.403,0.099 1.058,0.436 1.224,-0.173 0.038,-0.139 0.01,-0.3 0.042,-0.443 0.073,-0.333 0.314,-0.65 0.656,-0.732 0.53,-0.128 0.931,0.432 1.451,0.04 0.572,-0.431 0.38,-1.302 0.208,-1.874 -0.009,0.009 0.136,-0.187 0.186,-0.349 0.045,-0.145 0.175,-0.478 0.095,-0.627 -0.116,-0.213 -0.482,0.062 -0.654,0.054 -0.242,-0.01 -0.308,-0.294 -0.407,-0.466 -0.137,-0.237 -0.333,-0.431 -0.476,-0.662 -0.043,-0.069 -0.068,-0.145 -0.131,-0.199 -0.508,0.141 -0.935,0.785 -1.241,1.183 -0.137,0.178 -0.165,0.335 -0.208,0.556 -0.072,0.372 -0.237,0.709 -0.496,0.988 -0.163,0.176 -0.652,0.468 -0.937,0.403 -0.267,-0.06 -0.43,-0.388 -0.615,-0.563 -0.525,-0.495 -1.275,0.243 -1.883,-0.009 -0.341,-0.141 -0.425,-0.61 -0.595,-0.913 -0.216,-0.383 -0.507,-0.654 -0.969,-0.593 -0.197,0.026 -0.393,0.087 -0.39,0.301 0.003,0.199 0.25,0.335 0.368,0.473 0.173,0.204 0.409,0.534 0.252,0.808 -0.12,0.209 -0.368,0.323 -0.484,0.548 -0.401,0.772 0.543,0.948 0.886,1.477 -0.173,0.249 -0.419,0.281 -0.701,0.339 -0.368,0.076 -0.729,0.176 -1.093,0.262 -0.297,-0.138 -0.605,-0.283 -0.921,-0.431 -0.036,-0.378 0.09,-0.854 0.106,-1.205 -0.132,-0.079 -0.276,-0.127 -0.431,-0.144 -0.134,-0.072 -0.268,-0.145 -0.403,-0.217 -0.261,-0.163 -0.583,-0.47 -0.754,-0.74 0.347,-0.607 0.845,-1.196 0.793,-1.932 -0.028,-0.404 -0.222,-0.529 -0.607,-0.512 -0.279,0.012 -0.754,0.16 -0.98,0.283 -0.599,0.326 -1.122,0.85 -1.579,1.344 -0.302,0.326 -0.59,0.608 -1.009,0.766 -0.612,-0.309 -1.232,-0.627 -1.857,-0.954 0.324,-0.335 0.699,-0.647 0.852,-1.034 -0.626,-0.266 -1.351,-0.463 -1.489,-1.248 -0.077,-0.439 0.09,-1.177 0.456,-1.485 0.219,-0.185 0.54,-0.198 0.802,-0.287 0.54,-0.183 0.975,-0.538 1.475,-0.794 1.399,-0.715 0.924,2.252 1.997,1.716 0.747,-0.373 -0.566,-1.004 -0.719,-1.279 0.227,-0.357 0.611,-0.569 0.863,-0.907 -0.343,-0.198 -0.641,-0.87 -0.693,-1.225 -0.085,-0.589 0.278,-1.013 0.774,-1.283 0.801,-0.437 1.038,0.22 1.552,0.666 0.641,0.557 1.73,-0.399 2.283,0.27 0.232,0.281 0.274,0.779 0.477,1.107 0.271,0.438 0.677,0.773 0.92,1.232 0.543,-0.236 1.017,-0.725 1.527,-1.039 0.571,-0.351 1.115,-0.744 1.752,-0.962 0.471,-0.161 1.045,-0.422 1.369,-0.012 0.198,0.25 0.183,0.553 0.454,0.793 0.47,0.416 1.393,0.884 1.949,0.362 0.605,-0.568 0.249,-1.484 0.472,-2.152 0.43,-0.247 0.778,0.327 1.125,0.427 0.418,0.12 1.151,-0.252 1.374,-0.609 0.31,-0.498 -0.167,-0.616 -0.257,-1.015 -0.066,-0.289 0.197,-0.541 0.366,-0.701 0.467,-0.441 0.59,-0.721 0.65,-1.395 0.057,-0.639 0.349,-1.081 0.917,-1.414 0.572,-0.335 0.941,-0.146 1.298,0.36 v 0 c 0,10e-4 0.529,8.806 0.529,8.806 1.735,10.821 -3.228,12.14 -10.619,9.066 z m -64.087,31.714 c -0.378,-0.217 -1.178,-0.031 -1.48,0.263 -0.42,0.409 0.014,0.638 0.007,1.047 -0.005,0.262 -0.249,0.431 -0.445,0.546 -0.157,-0.243 -0.294,-0.527 -0.42,-0.626 -0.175,0.06 -0.32,0.29 -0.445,0.416 -0.226,0.229 -0.463,0.403 -0.757,0.526 -0.26,-0.159 -0.341,-0.549 -0.544,-0.77 -0.106,-0.115 -0.145,-0.119 -0.298,-0.167 -0.246,-0.076 -0.515,-0.128 -0.752,-0.229 -0.501,-0.214 -0.702,-0.641 -0.775,-1.156 -0.051,-0.361 -0.042,-1.123 0.488,-1.17 0.21,-0.019 0.531,0.273 0.698,0.346 0.397,0.172 1.372,0.335 1.51,-0.318 -0.031,-0.034 -0.062,-0.067 -0.093,-0.101 0.075,-0.208 0.357,-0.488 0.513,-0.628 0.173,-0.163 0.376,-0.268 0.608,-0.318 0.304,0.078 0.535,0.261 0.692,0.548 0.482,-0.028 0.613,-0.429 0.717,-0.482 0.174,-0.087 0.298,0.278 0.351,0.414 0.026,0.067 0.025,0.194 0.064,0.251 0.092,0.132 0.073,0.047 0.173,0.063 0.222,0.035 0.643,0.044 0.747,0.307 0.075,0.19 -0.115,0.584 -0.161,0.781 -0.046,0.199 -0.071,0.467 -0.162,0.68 -0.075,-0.091 -0.151,-0.175 -0.236,-0.223 z m -38.779,-68.898 c 0.205,0.445 0.2,0.888 -0.016,1.331 -0.109,0.324 -0.315,0.546 -0.619,0.664 -0.183,-0.048 -0.361,-0.11 -0.534,-0.185 -0.17,-0.074 -0.204,-0.197 -0.104,-0.37 0.09,-0.538 0.29,-1.081 0.266,-1.624 -0.022,-0.497 0.466,-0.821 0.616,-1.284 0.263,0.001 0.43,0.127 0.499,0.385 0.019,0.029 0.033,0.06 0.052,0.089 -0.016,0.052 -0.022,0.106 -0.057,0.153 -0.225,0.001 -0.333,0.118 -0.327,0.351 0.075,0.163 0.15,0.327 0.224,0.49 z m -3.646,-3.637 c -0.081,-0.274 -0.063,-0.606 -0.176,-0.863 -0.136,-0.182 -0.272,-0.364 -0.408,-0.545 -0.222,-0.076 -0.444,-0.153 -0.665,-0.229 -0.276,-0.103 -0.553,-0.206 -0.829,-0.31 -0.23,-0.082 -0.459,-0.163 -0.689,-0.245 0.08,-0.164 0.115,-0.344 0.077,-0.541 -0.16,-0.814 -1.125,-0.999 -1.572,-1.544 0.019,-0.496 0.691,-0.485 0.959,-0.726 0.324,-0.291 0.398,-1.109 0.214,-1.488 -0.257,-0.527 -0.61,-0.186 -0.996,-0.321 -0.28,-0.098 -0.354,-0.454 -0.399,-0.683 -0.126,-0.63 -0.297,-0.883 -0.836,-1.292 -0.511,-0.389 -0.73,-0.87 -0.71,-1.528 0.02,-0.663 0.377,-0.875 0.995,-0.908 0.551,-0.029 0.895,-0.038 0.829,-0.723 -0.002,-0.024 -0.016,-0.039 -0.02,-0.062 3.201,0.652 6.756,2.618 9.864,4.914 -0.575,0.221 -1.173,0.359 -1.758,0.548 -0.569,0.184 -1.114,0.381 -1.225,1.042 -0.011,0.184 -0.021,0.367 -0.032,0.551 0.179,0.26 0.405,0.323 0.678,0.189 0.435,-0.076 0.848,-0.328 1.281,-0.363 0.311,-0.025 0.538,0.024 0.877,-0.033 0.118,-0.019 0.235,-0.039 0.354,-0.058 0.232,0.086 0.45,0.2 0.654,0.341 0.453,0.177 0.926,0.204 1.342,0.485 0.148,0.112 0.308,0.205 0.479,0.278 0.047,-0.013 0.094,-0.027 0.14,-0.04 0.237,0.162 0.394,0.671 0.345,0.934 -0.091,0.488 -0.397,0.842 -0.835,1.05 -0.237,-0.196 -0.282,-0.382 -0.369,-0.683 -0.057,-0.229 -0.113,-0.458 -0.169,-0.688 -0.11,-0.14 -0.219,-0.281 -0.328,-0.421 -0.259,-0.106 -0.497,0.08 -0.711,0.172 -0.126,0.054 -0.226,0.057 -0.36,0.102 -0.552,0.186 -0.418,1.151 -0.453,1.613 -0.024,0.322 -0.095,0.563 -0.392,0.706 -0.203,0.098 -0.382,0.056 -0.599,0.083 -0.159,0.406 -0.184,0.796 -0.145,1.224 0.03,0.322 0.091,0.533 -0.224,0.707 -0.227,0.125 -0.519,0.166 -0.765,0.239 -0.391,0.116 -0.694,0.326 -0.959,0.59 -0.062,-0.022 -0.12,-0.051 -0.171,-0.092 -0.495,-0.398 -0.143,-1.141 -0.179,-1.635 -0.771,-0.367 -1.426,-0.214 -2.114,0.253 z m 44.071,-72.921 c 0.109,0.093 0.239,0.258 0.377,0.351 -0.251,0.466 -0.51,1.185 0.071,1.331 0.27,-0.23 0.442,-0.537 0.691,-0.781 0.334,-0.327 0.383,-0.307 0.83,-0.087 0.297,0.146 1.062,0.808 1.416,0.403 0.049,-0.271 0.111,-0.538 0.189,-0.801 0.024,-0.242 0.126,-0.436 0.292,-0.593 0.072,0.057 0.112,0.138 0.095,0.254 -0.05,0.12 -0.08,0.246 -0.091,0.376 0.03,0.163 0.113,0.292 0.249,0.389 0.14,0.129 0.326,0.332 0.518,0.37 0.282,0.054 0.372,-0.235 0.38,-0.457 0.009,-0.256 -0.082,-0.597 0.074,-0.826 0.068,-0.1 0.193,-0.147 0.321,-0.17 0.795,0.307 1.477,0.777 2.038,1.424 0.292,0.463 0.65,1.053 0.161,1.476 -0.693,0.599 -1.941,-0.471 -2.535,0.446 -0.003,0.178 -0.047,0.346 -0.133,0.502 -0.124,0.342 -0.293,0.663 -0.507,0.962 -0.284,0.495 -0.611,1.035 -0.729,1.613 -0.057,-0.137 -0.111,-0.275 -0.15,-0.418 -0.001,-0.005 -0.003,-0.007 -0.004,-0.012 -0.053,0.006 -0.114,0.007 -0.17,0.008 -0.216,0.006 -0.547,0.002 -0.712,-0.168 0.026,-0.142 0.134,-0.266 0.137,-0.412 0.003,-0.116 -0.044,-0.24 -0.053,-0.358 -0.01,-0.144 0.009,-0.288 -0.001,-0.432 -0.007,-0.096 -0.074,-0.245 -0.046,-0.334 0.08,-0.255 0.509,0.022 0.682,-0.092 0.115,-0.076 0.117,-0.373 0.133,-0.516 0.02,-0.175 0.036,-0.408 -0.059,-0.572 -0.163,-0.282 -0.679,-0.218 -0.961,-0.186 -0.137,0.016 -0.264,0.058 -0.402,0.022 -0.213,-0.055 -0.401,-0.161 -0.621,-0.204 -0.254,-0.05 -0.527,-0.086 -0.785,-0.031 -0.2,0.043 -0.292,0.168 -0.417,0.306 -0.122,0.134 -0.224,0.276 -0.392,0.357 -0.178,0.086 -0.357,0.087 -0.546,0.102 -0.204,0.015 -0.378,0.03 -0.564,0.122 -0.211,0.104 -0.397,0.333 -0.527,0.523 -0.189,0.276 -0.299,0.566 -0.677,0.392 -0.323,-0.148 -0.625,-0.268 -0.992,-0.247 -0.29,0.016 -0.584,0.076 -0.869,0.101 -0.157,0.014 -0.415,-0.013 -0.524,-0.133 -0.142,-0.155 -0.23,-0.398 -0.304,-0.588 -0.052,-0.132 -0.216,-0.588 -0.071,-0.759 0.071,-0.084 0.107,-0.058 0.215,-0.04 0.278,0.045 0.539,0.184 0.818,0.224 0.199,0.029 0.387,0.006 0.587,0.001 0.124,-0.003 0.309,0.025 0.421,-0.04 -0.086,-0.088 -0.377,-0.272 -0.343,-0.418 0.044,-0.192 0.385,-0.392 0.561,-0.422 0.2,-0.008 0.398,0.001 0.597,0.026 0.178,0.009 0.356,0.019 0.534,0.03 0.216,0.022 0.447,0.116 0.615,-0.067 0.1,-0.109 0.067,-0.225 0.1,-0.365 0.04,-0.168 0.087,-0.139 -0.014,-0.264 -0.263,-0.326 -0.736,-0.338 -0.928,-0.73 -0.073,-0.149 -0.01,-0.216 -0.018,-0.351 -0.006,-0.111 -0.039,-0.162 -0.113,-0.235 -0.082,-0.08 -0.177,-0.14 -0.246,-0.233 -0.105,-0.141 -0.104,-0.143 -0.264,-0.232 -0.3,-0.167 -0.523,-0.434 -0.306,-0.772 0.189,-0.295 0.421,-0.223 0.712,-0.143 0.153,0.042 1.928,0.506 1.628,0.885 0.104,0.197 0.463,0.348 0.632,0.493 z m 41.805,-49.238 c -0.184,-0.199 -0.258,-0.419 -0.224,-0.66 0.017,-0.134 0.006,-0.266 -0.033,-0.397 -0.271,-0.187 -0.565,-0.254 -0.883,-0.201 -0.697,0.003 -1.543,0.429 -2.144,-0.132 -0.003,-0.004 -0.006,-0.007 -0.009,-0.011 0.013,-0.277 -0.071,-0.522 -0.378,-0.678 -0.057,-0.27 -0.115,-0.539 -0.156,-0.812 -0.282,-0.563 -0.936,-0.554 -1.391,-0.213 -0.167,0.126 -0.271,0.243 -0.359,0.338 -0.123,-0.109 -0.245,-0.221 -0.369,-0.33 -0.421,-0.372 -1.071,-0.687 -1.268,-1.23 0.452,-0.067 0.905,-0.121 1.36,-0.161 0.53,-0.16 0.968,-0.463 1.316,-0.91 0.007,-0.007 0.147,-0.113 0.343,-0.273 0.059,0.077 0.123,0.149 0.169,0.24 -0.002,0.15 0.053,0.257 0.164,0.32 0.097,0.091 0.216,0.089 0.357,-0.007 0.265,-0.079 0.516,-0.045 0.752,0.102 0.365,0.238 0.736,0.465 1.115,0.681 0.256,0.073 0.449,0.218 0.58,0.433 -0.097,0.176 -0.268,0.306 -0.282,0.507 -0.022,0.313 0.247,0.514 0.503,0.636 0.279,0.198 0.579,0.189 0.902,-0.029 0.193,-0.152 0.387,-0.304 0.58,-0.456 0.111,-0.156 0.222,-0.311 0.332,-0.467 0.056,-0.094 0.111,-0.187 0.167,-0.281 0.268,-0.182 0.734,0.065 0.968,0.19 0.022,0.012 0.048,0.032 0.072,0.045 0.332,1.635 0.538,3.582 0.643,5.662 -0.017,-0.031 -0.034,-0.062 -0.051,-0.094 -0.198,-0.108 -0.396,-0.216 -0.594,-0.324 -0.572,-0.065 -0.838,0.463 -1.142,0.846 -0.097,0.217 -0.261,0.342 -0.492,0.375 -0.194,0.139 -0.39,0.139 -0.589,0 -0.325,-0.109 -0.612,-0.374 -0.948,-0.404 -0.055,0.201 -0.187,0.323 -0.396,0.367 -0.332,-0.035 -0.502,-0.218 -0.51,-0.551 0.296,-0.298 0.649,-0.479 1.059,-0.543 0.416,-0.098 0.811,-0.254 1.183,-0.467 0.068,-0.416 -0.048,-0.788 -0.347,-1.111 z m -4.928,-22.301 c 0.392,-0.097 0.647,0.06 0.827,0.409 0.075,0.146 0.117,0.318 0.149,0.493 -0.005,0.003 -0.009,0.007 -0.014,0.01 -0.104,0.073 -0.214,0.133 -0.332,0.18 -0.181,-0.215 -0.491,-0.32 -0.748,-0.413 -0.164,-0.059 -0.884,-0.282 -1.087,-0.18 -0.219,0.109 -0.193,0.612 -0.196,0.783 -0.004,0.238 -0.024,0.472 0.101,0.674 0.202,0.326 0.949,0.521 0.785,0.998 -0.093,0.272 -0.2,0.418 -0.229,0.721 -0.024,0.25 -0.02,0.503 0.012,0.752 -0.072,-0.041 -0.148,-0.073 -0.231,-0.091 -0.118,-0.002 -0.236,-0.005 -0.353,-0.011 -0.204,-0.142 -0.392,-0.302 -0.564,-0.481 -0.106,0.391 0.041,0.828 0.09,1.226 0.062,0.504 0.145,0.998 0.275,1.489 -0.233,0.148 -0.523,0.055 -0.768,0.218 -0.213,0.142 -0.198,0.396 -0.358,0.555 -0.423,0.418 -0.777,-0.506 -1.187,-0.545 0.072,-0.147 0.132,-0.294 0.132,-0.441 0,-0.231 -0.036,-0.221 -0.205,-0.311 -0.088,-0.047 -0.19,-0.086 -0.293,-0.124 0.157,-0.166 0.328,-0.353 0.251,-0.6 -0.104,-0.335 -0.438,-0.596 -0.724,-0.801 0.284,0.089 0.643,0.047 0.755,-0.254 0.111,-0.3 -0.179,-0.59 -0.303,-0.845 0.475,0.201 1.014,0.71 1.53,0.344 0.309,-0.219 0.392,-1.049 0.389,-1.398 -0.002,-0.32 -0.062,-0.629 -0.151,-0.935 -0.439,0.046 -0.813,0.202 -1.264,0.104 -0.325,-0.071 -0.786,-0.359 -0.715,-0.761 0.229,-0.019 0.743,0.026 0.914,-0.156 0.046,-0.049 0.066,-0.107 0.076,-0.168 0.101,0.218 0.209,0.433 0.346,0.641 0.703,-0.114 1.275,-0.503 1.518,-1.112 0.438,0.285 1.054,0.158 1.572,0.03 z m 78.718,31.722 c 0.008,-0.182 0.186,-0.286 0.294,-0.403 0.216,-0.235 0.423,-0.504 0.27,-0.822 -0.112,-0.232 -0.319,-0.669 -0.014,-0.857 0.487,-0.3 0.937,-0.045 1.336,0.237 -0.054,0.118 -0.108,0.162 -0.162,0.183 0.081,-0.021 0.174,-0.034 0.216,0.02 0.066,-0.052 0.194,-0.033 0.287,-0.032 0.054,0.001 0.087,-0.003 0.125,-0.005 -0.018,0.189 -0.039,0.38 -0.095,0.567 -0.014,0.048 -0.052,0.082 -0.078,0.123 -0.11,0.013 -0.215,0.044 -0.287,0.126 -0.046,0.053 -0.072,0.132 -0.097,0.21 -0.19,0.1 -0.398,0.178 -0.557,0.267 -0.271,0.152 -0.618,0.385 -0.935,0.659 -0.179,-0.03 -0.311,-0.109 -0.303,-0.273 z m 4.927,-1.919 c 0,0 0,0 0,0 0.004,0.04 0.007,0.078 0.01,0.117 -0.083,0.095 -0.167,0.19 -0.249,0.285 -0.06,0.07 -0.112,0.143 -0.169,0.212 -0.061,-0.046 -0.121,-0.09 -0.179,-0.132 0.098,-0.252 0.283,-0.431 0.477,-0.605 0.034,0.031 0.084,0.103 0.11,0.123 z m 54.659,-11.005 c 0.208,-0.052 0.414,-0.098 0.631,-0.009 0.154,0.063 0.15,0.155 0.246,0.251 0.078,0.079 0.137,0.096 0.24,0.101 0.114,0.006 0.226,-0.012 0.339,0.011 0.172,0.036 0.173,0.038 0.351,-0.001 0.336,-0.074 0.679,-0.022 0.741,0.375 0.054,0.347 -0.167,0.446 -0.438,0.579 -0.142,0.07 -1.779,0.9 -1.806,0.417 -0.212,-0.078 -0.581,0.047 -0.803,0.052 -0.145,0.003 -0.348,-0.027 -0.513,-0.004 -0.003,-0.012 -0.004,-0.022 -0.007,-0.035 0.372,-0.573 0.705,-1.153 1.019,-1.737 z m 3.516,3.586 c 0.079,-0.111 0.137,-0.231 0.198,-0.35 0.101,0.121 0.206,0.241 0.305,0.362 -0.149,0.373 -0.435,0.59 -0.755,0.825 -0.301,0.227 -0.609,0.443 -0.924,0.649 -0.16,0.169 -0.32,0.339 -0.48,0.508 -0.047,0.161 -0.094,0.323 -0.141,0.485 0.049,0.162 0.086,0.327 0.109,0.494 0.018,0.345 -0.095,0.712 -0.328,0.984 -0.155,0.182 -0.372,0.325 -0.598,0.434 0.008,-0.052 0.02,-0.107 0.019,-0.153 -0.211,0.034 -0.376,0.15 -0.508,0.324 -0.269,0.051 -0.58,0.021 -0.849,0.088 -0.292,-0.09 -0.566,-0.228 -0.804,-0.449 -0.629,-0.587 -0.093,-1.101 0.493,-1.356 0.251,-0.109 0.603,-0.154 0.821,-0.316 0.2,-0.149 0.344,-0.484 0.495,-0.687 0.268,-0.36 0.517,-0.692 0.904,-0.909 0.426,-0.239 0.936,-0.199 1.39,-0.353 0.331,-0.114 0.461,-0.313 0.653,-0.58 z m -10.751,24.099 c 0.184,0.15 0.445,0.109 0.66,0.142 0.072,0.196 0.075,0.441 0.062,0.688 -0.401,-0.035 -0.784,-0.162 -1.143,-0.404 -0.121,-0.308 -0.13,-0.62 -0.028,-0.937 0.026,-0.386 -0.057,-0.739 -0.157,-1.086 0.131,-0.009 0.261,-0.011 0.38,0.023 0.31,0.088 0.268,0.189 0.224,0.54 -0.049,0.408 -0.324,0.768 0.002,1.034 z m 26.966,-13.564 c 0.062,0.264 0.111,0.912 -0.309,0.888 -0.161,-0.196 -0.225,-0.395 -0.308,-0.557 0.155,-0.239 0.307,-0.479 0.458,-0.719 0.062,0.123 0.125,0.244 0.159,0.388 z m 52.112,35.004 c -0.175,0.199 -0.374,0.355 -0.528,0.385 -0.373,0.073 -0.543,-0.264 -0.83,-0.33 0.068,-0.41 0.474,-0.671 0.839,-0.857 0.314,-0.161 0.353,-0.154 0.43,0.151 0.056,0.215 0.079,0.432 0.089,0.651 z m -1.586,1.086 c 0.03,-0.062 0.038,-0.11 0.061,-0.166 0.136,0.073 0.283,0.127 0.38,0.263 0.127,0.177 0.072,0.358 -0.058,0.517 -0.151,-0.131 -0.321,-0.23 -0.508,-0.298 0.037,-0.108 0.076,-0.216 0.125,-0.316 z m 1.233,2.479 c 0.287,-0.339 0.205,-0.604 0.25,-0.99 0.435,0.057 0.911,0.157 1.318,0.32 0.506,0.203 0.696,-0.137 0.862,-0.632 0.122,-0.364 0.104,-0.708 0.424,-0.957 0.379,-0.294 0.694,-0.249 1.048,-0.156 -0.005,0.13 -0.024,0.256 -0.069,0.371 -0.13,0.336 -0.121,0.643 -0.013,0.995 0.073,0.236 0.259,0.409 0.326,0.636 -0.32,0.424 -1.01,0.336 -1.438,0.6 -0.266,0.164 -0.517,0.479 -0.627,0.77 -0.065,0.173 -0.081,0.353 -0.177,0.515 -0.184,0.313 -0.624,0.568 -0.952,0.449 -0.046,-0.017 -0.108,-0.039 -0.172,-0.059 0.045,-0.116 0.101,-0.241 0.154,-0.385 0.238,-0.345 0.258,-0.692 0.06,-1.04 -0.152,-0.062 -0.304,-0.124 -0.456,-0.186 -0.416,-0.103 -0.75,0.155 -1.105,0.312 -0.135,0.06 -0.266,0.092 -0.395,0.108 0.373,-0.133 0.731,-0.397 0.962,-0.671 z m 1.035,87.656 c -0.117,0.663 -0.523,0.735 -1.093,0.532 -0.406,-0.145 -0.593,-0.422 -0.881,-0.502 0.322,-0.194 0.65,-0.379 0.974,-0.575 0.391,-0.237 0.3,-0.284 0.606,-0.229 0.085,0.015 0.17,0.032 0.257,0.049 0.073,0.243 0.176,0.502 0.137,0.725 z m -30.543,41.926 c -0.312,-0.14 -0.243,-0.62 -0.173,-0.979 0.18,0.18 0.443,0.47 0.658,0.469 0.222,-0.001 0.338,-0.238 0.462,-0.377 0.058,-0.059 0.117,-0.117 0.175,-0.176 0.02,0.049 0.037,0.099 0.066,0.146 0.079,0.129 0.359,0.351 0.39,0.519 0.023,0.124 -0.103,0.215 -0.18,0.285 -0.411,0.371 -0.931,0.323 -1.398,0.113 z m -31.852,5.866 c -0.598,-0.351 -1.289,-0.675 -1.194,-1.446 0.134,-1.089 2.298,-1.694 3.164,-1.891 0.48,-0.109 0.597,0.005 0.508,0.449 -0.056,0.281 -0.121,0.532 -0.184,0.776 -0.213,0.079 -0.43,0.147 -0.655,0.203 -0.211,0.052 -0.349,0.088 -0.528,0.223 -0.442,0.334 -1.035,1.041 -1.111,1.686 z M 330.66,283.389 c 0.264,-0.311 0.437,-0.668 0.518,-1.07 -0.116,-0.193 -0.188,-0.4 -0.214,-0.621 0.158,-0.13 0.316,-0.26 0.474,-0.39 0.464,-0.335 0.939,-0.399 1.425,-0.19 0.305,0.037 0.588,0.136 0.849,0.297 0.203,0.197 0.424,0.232 0.662,0.107 0.536,-0.13 0.835,-0.561 1.42,-0.494 0.171,0.049 0.342,0.098 0.513,0.147 0.331,-0.099 0.544,-0.305 0.637,-0.618 0.232,-0.46 0.418,-0.659 0.937,-0.693 0.465,-0.042 0.931,-0.045 1.399,-0.011 0.244,-0.124 0.488,-0.248 0.732,-0.372 0.09,-0.308 0.18,-0.616 0.27,-0.924 0.035,-0.319 0.07,-0.638 0.106,-0.957 0.22,-0.537 0.598,-0.893 1.132,-1.067 0.475,-0.365 1.015,-0.463 1.62,-0.293 0.483,0.617 0.471,1.252 -0.037,1.906 -0.23,0.293 -0.46,0.585 -0.691,0.878 -0.363,0.282 -0.463,0.623 -0.301,1.023 0.125,0.124 0.175,0.262 0.151,0.413 0.004,0.107 -0.035,0.2 -0.117,0.281 -0.002,0.225 0.087,0.399 0.265,0.522 0.129,0.133 0.69,0.623 0.756,0.198 0.056,0.148 0.093,0.301 0.109,0.46 0.034,0.227 0.153,0.323 0.356,0.289 0.748,0.238 1.218,-0.784 0.264,-0.53 0.589,-0.418 1.782,-0.349 2.355,-0.001 0.558,0.208 0.77,0.535 0.638,0.983 0.04,0.313 -0.109,0.517 -0.447,0.612 -0.508,0.2 -1.054,0.152 -0.782,0.975 0.132,0.235 0.264,0.47 0.397,0.706 0.363,0.086 0.578,0.293 0.643,0.62 -0.21,0.32 -0.488,0.451 -0.833,0.395 -0.389,0.094 -0.67,-0.077 -0.845,-0.512 -0.238,-0.284 -0.856,-1.312 -1.387,-0.635 -0.378,0.482 -0.512,1.653 -0.167,2.148 0.097,0.11 0.193,0.22 0.29,0.33 0.045,0.299 -0.101,0.482 -0.438,0.549 -0.175,-0.091 -0.35,-0.182 -0.525,-0.273 -0.172,-0.264 -0.344,-0.529 -0.516,-0.793 -0.167,-0.168 -0.334,-0.335 -0.502,-0.503 -0.229,-0.038 -0.46,-0.052 -0.691,-0.04 -1.101,0.013 -0.803,1.404 -0.826,2.145 -0.392,-0.071 -0.721,-0.27 -0.987,-0.595 -0.402,-0.426 -0.846,-0.552 -1.332,-0.378 -0.473,-0.013 -0.776,0.242 -0.908,0.766 0.03,0.462 -0.145,0.733 -0.526,0.813 -0.382,-0.314 -0.712,-0.674 -0.992,-1.079 -0.344,-0.281 -0.489,-0.644 -0.435,-1.089 0.451,-0.245 0.93,-0.392 1.436,-0.44 0.343,-0.094 0.69,-0.122 1.043,-0.084 0.551,-0.114 1.137,-0.871 1.416,-1.269 0.123,-0.187 0.246,-0.374 0.369,-0.561 0.252,-0.27 0.458,-0.573 0.617,-0.907 0.03,-0.229 0.061,-0.458 0.091,-0.688 0.092,-0.455 -0.057,-0.777 -0.447,-0.966 -0.492,0.154 -0.879,0.439 -1.16,0.857 -0.272,0.268 -0.502,0.568 -0.693,0.899 -0.594,-0.053 -1.178,-0.328 -1.772,-0.29 -0.327,-0.014 -0.606,0.119 -0.839,0.399 -0.461,0.437 -1,0.72 -1.616,0.849 -0.349,-0.2 -0.591,-0.483 -0.728,-0.849 -0.058,-0.307 -0.237,-0.481 -0.537,-0.522 -0.294,0.728 -0.517,1.477 -0.67,2.249 0.018,0.691 -0.27,1.072 -0.862,1.143 -0.561,-0.41 -0.815,-0.972 -0.763,-1.687 0.101,-0.588 0.334,-1.111 0.696,-1.568 z m -75.661,-30.408 c 0.37,0.257 0.815,0.405 0.973,0.854 0.077,0.219 0.123,0.783 0.488,0.719 0.052,0.16 0.058,0.601 -0.08,0.728 -0.105,0.096 -0.491,0.084 -0.593,0.095 -0.221,0.024 -0.474,0.017 -0.686,0.084 -0.277,0.088 -0.559,0.376 -0.854,0.319 -0.169,-0.519 -0.14,-1.072 -0.314,-1.578 -0.141,0.007 -0.265,0.081 -0.407,0.064 -0.22,-0.027 -0.449,-0.238 -0.626,-0.351 -0.29,-0.185 -0.673,-0.35 -0.943,-0.571 -0.169,-0.138 -0.237,-0.309 -0.335,-0.499 -0.117,-0.228 -0.21,-0.571 -0.529,-0.597 -0.398,-0.033 -0.824,0.249 -1.136,0.449 -0.224,0.066 -0.285,0.218 -0.184,0.456 0.129,0.196 0.259,0.392 0.388,0.587 0.165,0.243 0.715,0.761 0.525,1.07 -0.792,0.075 -1.144,-0.879 -1.917,-0.947 -0.691,-0.061 -0.595,0.374 -0.842,0.806 -0.17,0.297 -0.412,0.269 -0.673,0.494 -0.471,0.407 -0.236,1.093 -0.153,1.62 -0.128,0.111 -0.291,0.002 -0.44,0.01 -0.295,0.018 -0.66,0.128 -0.903,0.3 -0.302,0.213 -0.517,0.583 -0.745,0.865 -0.124,0.153 -0.363,0.342 -0.421,0.528 -0.034,0.109 0.046,0.21 0.029,0.312 -0.023,0.136 -0.116,0.191 -0.214,0.321 -0.468,0.62 -0.203,1.149 0.147,1.754 -0.407,0.58 -1.16,0.808 -1.479,1.453 -0.063,0.127 -0.143,0.243 -0.215,0.364 -0.203,0.045 -0.409,0.059 -0.616,0.018 0.034,-0.588 0.75,-1.121 1.084,-1.538 -0.084,-0.381 -1.382,-0.282 -1.757,-0.262 -0.432,-1.495 -0.866,-2.945 -1.299,-4.336 0.227,-0.031 0.527,0.071 0.687,0.153 0.289,0.149 0.485,0.484 0.842,0.422 0.272,-0.047 0.322,-0.184 0.336,-0.422 0.023,-0.397 -0.158,-0.789 -0.191,-1.18 -0.036,-0.419 0.012,-0.412 0.412,-0.546 0.868,-0.292 1.679,-0.29 2.429,-0.836 -0.06,-0.393 -0.892,0.052 -0.815,-0.504 0.063,-0.454 0.42,-0.772 0.365,-1.288 -0.05,-0.467 -0.31,-1.521 -0.903,-1.546 -0.413,-0.017 -0.898,0.287 -1.279,0.417 -0.242,0.083 -0.498,0.154 -0.726,0.27 0.134,-0.179 0.167,-0.423 0.231,-0.635 0.079,-0.262 0.388,-0.822 0.322,-1.091 -0.059,-0.243 -0.712,-0.893 -0.946,-0.99 -0.239,-0.1 -1.36,-0.114 -1.505,0.072 -0.226,0.29 0.113,0.873 -0.013,1.266 -0.207,0.641 -0.618,0.657 -1.156,0.378 -0.037,-0.019 -0.067,-0.042 -0.1,-0.063 -0.184,-0.532 -0.367,-1.053 -0.548,-1.562 0.172,0.021 0.343,0.026 0.513,-0.03 0.297,-0.099 0.506,-0.357 0.647,-0.622 0.139,-0.264 0.174,-0.642 0.475,-0.789 0.434,-0.212 0.95,-0.113 1.364,0.088 0.351,0.171 0.674,0.435 1.057,0.528 0.154,0.037 0.736,-0.032 0.792,0.044 -0.099,0.128 -0.203,0.26 -0.319,0.373 0.591,-0.208 1.123,-0.41 1.567,-0.871 0.3,-0.313 0.856,-0.804 0.691,-1.287 -0.132,-0.386 -0.146,-0.78 -0.29,-1.164 0.31,0.047 0.621,0.088 0.925,0.088 0.361,-0.001 0.767,-0.14 1.113,-0.075 0.368,0.07 0.701,0.361 1.072,0.486 0.373,0.126 1.014,0.193 1.398,0.077 0.13,-0.039 0.238,-0.086 0.334,-0.138 0.114,0.061 0.228,0.126 0.336,0.207 -0.147,0.307 -0.445,0.781 -0.798,0.863 -0.292,0.068 -0.49,-0.092 -0.757,-0.201 0.071,0.441 0.547,0.568 0.898,0.69 0.734,0.254 1.476,0.174 2.186,-0.122 0.512,-0.13 0.904,-0.434 1.178,-0.909 0.136,-0.303 0.272,-0.605 0.407,-0.908 0.201,-0.577 0.317,-1.218 0.339,-1.826 0.024,-0.656 -0.05,-1.22 0.251,-1.824 0.156,-0.314 0.304,-0.622 0.284,-0.986 -0.026,-0.473 -0.536,-0.797 -0.899,-0.994 0.162,-0.331 0.408,-0.638 0.603,-0.949 0.297,0.098 0.348,0.55 0.442,0.808 0.197,0.54 0.302,1.42 0.754,1.783 0.134,0.108 0.274,0.145 0.415,0.144 0.021,0.05 0.045,0.098 0.066,0.148 1.313,3.114 2.077,6.465 2.486,9.694 -0.232,0.099 -0.467,0.189 -0.689,0.308 -0.281,0.226 -0.562,0.242 -0.843,0.046 -0.178,-0.157 -0.353,-0.317 -0.524,-0.481 -0.333,-0.316 -0.782,-0.66 -1.147,-0.112 -0.494,0.739 0.432,1.641 0.958,2.007 z m -30.326,8.69 c 0.095,0.179 0.143,0.399 0.108,0.603 -0.045,0.264 -0.405,0.145 -0.583,0.121 -0.246,-0.034 -0.494,-0.053 -0.735,-0.116 -0.005,-10e-4 -0.008,-10e-4 -0.012,-0.002 -0.022,0.049 -0.051,0.102 -0.077,0.151 -0.102,0.19 -0.27,0.476 -0.5,0.534 -0.11,-0.093 -0.164,-0.248 -0.289,-0.324 -0.1,-0.06 -0.231,-0.081 -0.337,-0.132 -0.13,-0.062 -0.246,-0.151 -0.375,-0.214 -0.087,-0.042 -0.249,-0.057 -0.313,-0.126 -0.181,-0.196 0.272,-0.431 0.259,-0.638 -0.009,-0.137 -0.265,-0.287 -0.382,-0.372 -0.142,-0.104 -0.336,-0.234 -0.526,-0.233 -0.325,0.002 -0.527,0.481 -0.639,0.741 -0.054,0.127 -0.081,0.258 -0.18,0.359 -0.154,0.157 -0.339,0.268 -0.486,0.438 -0.169,0.196 -0.337,0.415 -0.417,0.666 -0.063,0.195 0.001,0.336 0.059,0.514 0.056,0.172 0.128,0.332 0.115,0.517 -0.014,0.197 -0.102,0.353 -0.183,0.524 -0.088,0.185 -0.162,0.343 -0.174,0.55 -0.014,0.235 0.092,0.511 0.192,0.718 0.145,0.301 0.343,0.54 0.004,0.782 -0.29,0.207 -0.543,0.409 -0.708,0.738 -0.13,0.259 -0.224,0.545 -0.344,0.804 -0.066,0.143 -0.217,0.354 -0.376,0.389 -0.205,0.046 -0.46,0.002 -0.662,-0.028 -0.14,-0.021 -0.618,-0.104 -0.694,-0.316 -0.037,-0.103 0.003,-0.121 0.072,-0.206 0.177,-0.219 0.428,-0.377 0.601,-0.598 0.124,-0.159 0.198,-0.333 0.293,-0.509 0.059,-0.109 0.176,-0.256 0.175,-0.385 -0.119,0.031 -0.424,0.192 -0.533,0.09 -0.145,-0.134 -0.149,-0.529 -0.087,-0.696 0.092,-0.177 0.199,-0.346 0.319,-0.505 0.096,-0.15 0.193,-0.299 0.292,-0.448 0.127,-0.177 0.323,-0.33 0.247,-0.567 -0.045,-0.141 -0.162,-0.17 -0.267,-0.269 -0.126,-0.118 -0.078,-0.144 -0.236,-0.119 -0.414,0.066 -0.66,0.471 -1.094,0.442 -0.166,-0.011 -0.192,-0.099 -0.313,-0.159 -0.099,-0.05 -0.16,-0.047 -0.26,-0.018 -0.11,0.031 -0.21,0.084 -0.325,0.098 -0.175,0.021 -0.176,0.02 -0.332,0.114 -0.294,0.177 -0.636,0.238 -0.822,-0.118 -0.162,-0.311 0.015,-0.476 0.23,-0.689 0.113,-0.112 1.397,-1.422 1.577,-0.972 0.226,0.006 0.535,-0.231 0.745,-0.306 0.162,-0.058 0.431,-0.086 0.574,-0.197 0.148,-0.116 0.155,-0.419 0.184,-0.584 0.03,-0.177 0.036,-0.384 0.116,-0.549 0.101,-0.21 0.382,-0.241 0.567,-0.378 2.021,0.052 4.1,0.154 6.367,0.559 0,0 0,0 0,0 -0.053,0.092 0.123,0.241 0.165,0.321 z m -52.562,55.89 c -0.117,-0.026 -0.235,-0.05 -0.351,-0.085 -0.414,-0.158 -0.818,-0.338 -1.214,-0.538 -0.353,-0.161 -0.773,-0.419 -1.152,-0.235 -0.069,-0.268 -0.138,-0.537 -0.149,-0.814 -0.012,-0.321 0.1,-0.461 0.329,-0.671 0.371,-0.34 0.805,-0.58 1.115,-0.992 0.297,-0.394 0.313,-0.891 0.622,-1.27 0.291,-0.357 0.7,-0.535 1.119,-0.71 0.271,-0.129 0.552,-0.23 0.843,-0.304 0.324,-0.184 0.653,-0.18 0.984,0.01 0.179,0.722 0.338,1.485 -0.521,1.762 -0.537,0.173 -1.198,0.094 -1.644,0.445 0.027,0.294 0.18,0.51 0.459,0.65 0.314,0.12 0.529,0.332 0.646,0.635 -0.151,0.34 -0.357,0.646 -0.616,0.916 -0.288,0.356 -0.442,0.757 -0.47,1.201 z m -45.364,19.08 c -0.091,-0.263 -0.274,-0.479 -0.481,-0.68 0.321,-0.098 0.607,-0.31 0.799,-0.599 0.109,-0.163 0.223,-0.398 0.292,-0.646 0.08,-0.042 0.16,-0.083 0.251,-0.115 0.406,-0.138 0.763,-0.2 1.057,-0.521 0.269,-0.294 0.573,-0.424 0.984,-0.399 0.329,0.021 0.668,0.143 0.996,0.033 0.202,-0.067 0.361,-0.211 0.488,-0.378 -0.024,0.476 -0.258,0.982 -0.133,1.438 0.129,0.47 0.646,0.544 1.02,0.767 0.28,0.167 0.672,0.404 0.74,0.763 0.09,0.477 -0.308,0.905 -0.137,1.376 0.417,0.07 0.918,0.161 1.338,0.134 0.146,-0.017 0.292,-0.033 0.438,-0.05 0.096,-0.024 0.191,-0.048 0.287,-0.072 0.242,0.017 0.241,0.232 0.228,0.419 -0.023,0.35 -0.106,0.688 -0.129,1.039 0.306,0.189 0.739,0.242 1.099,0.298 0.452,0.07 0.81,-0.119 1.24,-0.145 0.122,-0.008 0.281,0.032 0.399,0.045 0.139,0.016 0.306,0.058 0.475,0.099 -0.609,0.447 -1.258,0.894 -1.951,1.333 -0.057,0.036 -0.121,0.067 -0.179,0.102 -0.133,-0.05 -0.284,-0.064 -0.466,-0.021 -0.37,0.076 -0.728,0.19 -1.072,0.342 -0.284,0.07 -0.517,0.221 -0.701,0.453 -0.016,0.117 0.007,0.221 0.023,0.328 -1.31,0.529 -2.722,0.92 -4.153,1.203 -0.202,-0.425 -0.477,-1.102 -1.064,-0.947 -0.199,0.053 -0.197,0.331 -0.305,0.5 -0.191,0.298 -0.442,0.444 -0.726,0.596 -0.018,-0.138 -0.033,-0.276 -0.036,-0.418 -0.021,-0.955 0.449,-1.948 0.055,-2.867 -0.169,-0.395 -0.374,-0.748 -0.497,-1.161 -0.161,-0.433 -0.209,-0.885 -0.144,-1.356 -0.011,-0.297 -0.023,-0.594 -0.035,-0.893 z m 4.78,-22.382 c -0.278,-0.224 -0.534,-0.484 -0.49,-0.881 0.039,-0.351 0.215,-0.662 0.426,-0.936 0.108,-0.14 0.229,-0.404 0.423,-0.365 0.247,0.05 0.254,0.602 0.289,0.789 0.096,-0.117 -0.013,-0.327 0.002,-0.474 0.022,-0.228 0.029,-0.372 0.305,-0.421 0.601,-0.106 1.066,0.566 1.372,0.958 0.146,0.187 0.192,0.241 0.095,0.417 -0.629,-0.018 -1.068,-0.305 -1.563,-0.711 -0.308,0.556 -0.499,1.167 -0.611,1.795 -0.084,-0.055 -0.17,-0.107 -0.248,-0.171 z m -8.451,-32.441 c -0.155,-0.343 -0.292,-0.516 -0.57,-0.741 -0.279,-0.227 -0.304,-0.585 -0.258,-0.935 0.037,0.004 0.069,0.002 0.108,0.008 0.239,0.042 0.686,0.1 0.657,-0.24 -0.004,-0.048 -0.024,-0.115 -0.056,-0.191 0.163,0.099 0.331,0.191 0.479,0.317 0.205,0.173 0.235,0.264 0.496,0.223 0.252,-0.04 0.509,-0.085 0.741,-0.197 0.262,-0.126 0.192,-0.158 0.315,-0.373 0.07,-0.121 0.113,-0.163 0.241,-0.239 0.124,-0.073 0.41,-0.116 0.496,-0.224 0.224,-0.282 -0.246,-0.685 -0.43,-0.857 -0.206,-0.193 -0.429,-0.315 -0.667,-0.457 -0.176,-0.105 -0.496,-0.296 -0.431,-0.558 0.128,-0.521 1.07,-0.138 1.3,-0.009 0.399,0.225 0.942,0.462 1.165,0.869 0.173,0.316 0.415,0.506 0.754,0.648 0.228,0.096 0.48,0.064 0.697,0.158 0.119,0.518 -0.391,0.99 -0.464,1.488 -0.046,0.309 0.035,0.704 0.187,0.975 0.091,0.161 0.218,0.289 0.281,0.466 0.122,0.342 0.035,0.843 -0.267,1.018 -0.042,0.024 -0.1,0.056 -0.155,0.092 -0.059,-0.109 -0.12,-0.23 -0.197,-0.363 -0.112,-0.404 -0.365,-0.642 -0.759,-0.714 -0.145,0.077 -0.29,0.154 -0.435,0.23 -0.346,0.252 -0.363,0.675 -0.471,1.048 -0.143,0.494 -0.455,0.789 -0.959,0.887 -0.493,-0.695 -0.477,-1.56 -0.898,-2.271 -0.271,0.014 -0.512,0.109 -0.74,0.241 -0.057,-0.099 -0.115,-0.199 -0.16,-0.299 z M 91.171,242.085 c 0.004,0.03 0.007,0.064 0.015,0.077 0.036,0.064 0.154,0.048 0.252,0.036 0.236,0.099 0.471,0.194 0.708,0.286 0.085,0.169 -0.137,0.37 -0.239,0.492 -0.16,0.191 -0.307,0.39 -0.489,0.561 -0.004,0.003 -0.005,0.006 -0.009,0.009 0.03,0.044 0.06,0.098 0.087,0.146 0.044,0.076 0.092,0.172 0.132,0.272 -0.055,0.173 -0.125,0.333 -0.202,0.472 -0.059,0.005 -0.118,0.01 -0.171,0.036 -0.104,0.052 -0.191,0.152 -0.291,0.215 -0.122,0.077 -0.259,0.128 -0.381,0.204 -0.067,0.042 -0.146,0.126 -0.223,0.168 -0.044,-0.001 -0.087,0.007 -0.132,0.001 -0.162,-0.075 -0.164,-0.444 -0.32,-0.529 -0.121,-0.065 -0.384,0.072 -0.518,0.125 -0.01,0.004 -0.022,0.011 -0.033,0.015 -0.243,-0.323 -0.092,-0.785 -0.117,-1.278 -0.042,-0.848 -1.485,-0.973 -1.385,-1.835 0.034,-0.294 0.254,-0.597 0.389,-0.9 0.92,0.495 1.915,0.989 2.927,1.427 z m 37.956,-51.701 c 0.208,0.269 0.413,0.54 0.617,0.812 -0.02,0.209 0.043,0.413 0.261,0.591 0.045,-0.026 0.093,-0.035 0.139,-0.053 0.323,0.437 0.64,0.876 0.951,1.318 -0.104,0.056 -0.199,0.121 -0.275,0.206 -0.213,-0.144 -0.351,-0.71 -0.508,-0.916 -0.12,-0.141 -0.24,-0.281 -0.361,-0.421 -0.221,-0.233 -0.443,-0.466 -0.666,-0.698 -0.256,-0.161 -0.255,-0.111 -0.514,0.114 -0.254,0.221 -0.441,0.436 -0.781,0.491 -0.003,0.001 -0.007,0 -0.01,0 0.266,-0.42 0.65,-0.785 0.953,-1.165 0.074,-0.09 0.129,-0.187 0.194,-0.279 z m 8.776,2.393 c 0.002,-0.396 0.436,-0.989 0.719,-1.21 0.469,-0.366 1.017,-0.262 1.498,0.034 0.777,0.478 0.325,1.01 0.194,1.678 -0.164,0.833 1.206,1.303 0.901,2.115 -0.048,0.128 -0.141,0.247 -0.242,0.365 -0.199,-0.03 -0.926,0.421 -1.073,0.491 -0.226,0.108 -0.299,0.259 -0.511,0.257 -0.235,-0.003 -0.694,-0.427 -0.763,-0.628 -0.014,-0.121 -0.003,-0.239 0.034,-0.355 0.012,-0.105 0.054,-0.194 0.127,-0.269 0.001,-0.594 -0.78,-0.308 -1.099,-0.314 -0.681,-0.01 -0.082,-0.712 0.006,-1.027 0.18,-0.648 -0.575,-0.778 -1.157,-0.675 0.056,-0.308 0.079,-0.643 0.149,-0.759 0.423,0.019 0.799,0.246 1.217,0.297 z m 57.011,-20.914 c 0.216,-0.124 0.454,-0.15 0.713,-0.077 0.573,-0.015 1.037,-0.243 1.402,-0.665 0.437,0.301 0.657,0.699 0.645,1.2 0.08,0.297 0.094,0.596 0.041,0.898 -0.107,0.262 -0.057,0.48 0.149,0.654 0.321,0.448 0.832,0.565 0.989,1.133 0.019,0.177 0.037,0.353 0.056,0.53 0.216,0.27 0.486,0.39 0.811,0.36 0.514,0.043 0.767,0.141 0.993,0.61 0.212,0.416 0.39,0.847 0.533,1.293 0.206,0.18 0.413,0.359 0.619,0.539 0.319,-0.032 0.638,-0.063 0.958,-0.095 0.124,-0.035 0.248,-0.069 0.372,-0.104 0.005,0.012 0.005,0.021 0.011,0.034 1.15,0.133 1.952,1.532 1.688,2.605 -0.197,0.01 -0.405,-0.006 -0.635,-0.072 -0.358,-0.104 -0.715,-0.208 -1.073,-0.313 -0.397,-0.231 -0.751,-0.197 -1.062,0.104 -0.068,0.162 -0.177,0.26 -0.327,0.295 -0.097,0.043 -0.199,0.042 -0.305,-0.003 -0.209,0.083 -0.337,0.229 -0.385,0.441 -0.075,0.17 -0.32,0.873 0.099,0.776 -0.116,0.108 -0.245,0.199 -0.386,0.273 -0.197,0.117 -0.242,0.262 -0.135,0.438 0.059,0.783 1.183,0.837 0.59,0.046 0.474,0.304 0.807,1.059 0.881,1.691 -0.071,0.094 -0.143,0.188 -0.213,0.285 0.055,0.109 0.135,0.086 0.224,0.046 -0.003,0.055 -0.003,0.112 -0.011,0.163 0.016,0.595 -0.209,0.914 -0.674,0.959 -0.275,0.155 -0.52,0.092 -0.734,-0.186 -0.375,-0.397 -0.535,-0.921 -1.197,-0.361 -0.169,0.211 -0.337,0.421 -0.506,0.631 0.056,0.37 -0.056,0.646 -0.335,0.829 -0.375,-0.075 -0.601,-0.284 -0.677,-0.625 -0.232,-0.326 -0.179,-0.65 0.16,-0.975 0.174,-0.327 0.897,-1.284 0.07,-1.524 -0.589,-0.171 -1.725,0.144 -2.055,0.648 -0.019,0.038 -0.039,0.077 -0.058,0.115 -0.23,-0.133 -0.501,-0.223 -0.777,-0.293 0.007,-0.073 0.014,-0.146 0.021,-0.219 0.181,-0.258 0.362,-0.517 0.543,-0.775 0.093,-0.218 0.186,-0.435 0.279,-0.653 -0.044,-0.198 -0.113,-0.386 -0.192,-0.571 0.231,-0.32 0.216,-0.631 -0.065,-0.931 -0.25,-0.283 -0.526,-0.537 -0.829,-0.76 -0.202,-0.211 -0.449,-0.339 -0.742,-0.384 -0.147,0.059 -0.264,0.146 -0.366,0.245 -0.005,-0.268 -0.093,-0.514 -0.289,-0.734 -0.164,-0.444 -0.514,-0.629 -1.05,-0.556 -0.417,0.201 -0.734,0.14 -0.951,-0.184 0.089,-0.283 0.208,-0.552 0.342,-0.813 0.108,-0.026 0.231,-0.022 0.37,0.023 0.346,0.285 0.745,0.457 1.195,0.516 0.249,-0.078 0.498,-0.156 0.746,-0.234 0.012,-0.011 0.022,-0.025 0.034,-0.036 0.083,0.163 0.153,0.333 0.203,0.512 0.312,0.468 1.233,0.729 1.706,0.839 0.22,0.044 0.439,0.088 0.659,0.132 0.345,0.133 0.703,0.211 1.072,0.233 0.224,-0.058 0.448,-0.115 0.672,-0.173 0.457,-0.085 0.7,-0.343 0.729,-0.775 -0.327,-0.399 -0.736,-0.651 -1.229,-0.756 -0.35,-0.152 -0.714,-0.254 -1.093,-0.307 -0.173,-0.57 -0.136,-1.215 -0.393,-1.752 -0.109,-0.308 -0.337,-0.518 -0.683,-0.629 -0.341,-0.156 -0.629,-0.371 -0.891,-0.617 0.373,-0.072 0.8,-0.063 1.094,-0.093 -0.086,-0.4 -0.447,-0.829 -0.618,-1.2 -0.077,-0.167 -0.155,-0.333 -0.234,-0.5 0.077,-0.131 0.1,-0.282 0.056,-0.457 -0.086,0 -0.172,0.01 -0.258,0.012 -0.105,-0.234 -0.208,-0.467 -0.297,-0.706 z m 27.209,-45.554 c 0.024,-0.538 -0.243,-1.363 0.498,-1.501 0.149,-0.011 0.299,-0.022 0.448,-0.033 0.022,0 0.04,-0.006 0.062,-0.007 -0.012,0.29 0.254,0.7 0.323,0.822 0.118,0.206 0.294,0.428 0.311,0.636 -10e-4,0 -10e-4,0 -0.002,-0.001 0.001,0.007 0.004,0.014 0.005,0.021 0.004,0.126 -0.055,0.247 -0.228,0.354 -0.359,0.222 -0.793,0.276 -1.191,0.148 -0.066,-0.021 -0.132,-0.048 -0.199,-0.075 0.014,-0.105 0.012,-0.221 -0.027,-0.364 z m 78.21,34.408 c -0.101,0.438 -0.749,0.666 -1.038,0.942 -0.118,0.113 -0.181,0.215 -0.179,0.385 0.003,0.271 0.14,0.252 0.243,0.428 0.176,0.3 0.089,0.83 -0.178,1.063 -0.138,0.121 -0.289,0.087 -0.429,0.156 -0.175,0.087 -0.304,0.254 -0.46,0.381 -0.405,0.33 -0.787,0.618 -1.273,0.374 0.087,-0.023 0.172,-0.043 0.268,-0.086 0.358,-0.183 0.716,-0.366 1.074,-0.549 0.239,-0.276 0.477,-0.551 0.716,-0.827 0.201,-0.46 0.111,-0.795 -0.27,-1.004 -0.163,-0.172 -0.347,-0.315 -0.554,-0.429 -0.177,-0.034 -0.251,-0.13 -0.263,-0.263 0.339,-0.747 1.4,-0.379 2.019,-0.231 -0.527,-0.588 0.445,-0.864 0.324,-0.34 z m 20.935,-14.901 c 0.165,-0.103 0.521,-0.395 0.621,-0.55 0.108,-0.169 0.05,-0.37 0.078,-0.59 0.009,-0.073 0.027,-0.158 0.041,-0.238 0.567,-0.401 1.236,-0.9 1.992,-1.503 0.162,0.172 0.157,0.421 0.155,0.789 -0.002,0.346 -10e-4,0.644 -0.049,0.943 -0.148,-0.094 -0.315,-0.168 -0.557,-0.168 -0.241,0.037 -0.481,0.074 -0.722,0.111 -0.313,0.198 -0.406,0.466 -0.277,0.805 0.004,0.757 -0.458,1.363 -1.268,1.481 -0.301,0.044 -0.594,0.02 -0.885,-0.008 0.065,-0.269 0.149,-0.513 0.24,-0.747 0.195,-0.143 0.424,-0.195 0.631,-0.325 z m 0.919,40.308 c 0.217,0.167 0.356,0.356 0.448,0.568 -0.036,0.06 -0.077,0.114 -0.109,0.18 -0.302,0.289 -0.452,0.639 -0.452,1.048 -0.044,0.371 -0.128,0.732 -0.253,1.084 -0.339,0.233 -0.892,0.169 -1.245,0.018 -0.573,-0.245 -0.442,-0.727 -0.413,-1.222 -0.303,-0.165 -0.612,-0.176 -0.927,-0.049 0.674,-0.914 1.219,-1.73 1.667,-2.488 0.308,0.438 0.819,0.502 1.284,0.861 z m 40.584,30.006 c -0.235,-0.515 -0.603,-0.769 -0.519,-1.354 0.362,-0.069 0.688,-0.106 1.027,-0.259 0.32,-0.145 0.676,-0.48 1.029,-0.473 0.097,0.002 0.19,0.029 0.284,0.063 -0.018,0.413 0.32,0.673 0.624,0.926 0.299,0.25 0.737,0.533 0.449,0.947 -0.16,0.23 -0.285,0.39 -0.371,0.664 -0.055,0.174 -0.111,0.369 -0.134,0.564 -0.194,0.172 -0.404,0.323 -0.64,0.434 -0.121,0.061 -0.246,0.114 -0.375,0.16 -0.172,0.168 -0.319,0.357 -0.44,0.565 -0.201,0.296 -0.427,0.647 -0.696,0.923 -0.714,-0.046 -1.414,-0.103 -2.1,-0.163 -0.119,-0.148 -0.243,-0.293 -0.385,-0.419 -0.049,0.124 -0.095,0.249 -0.142,0.374 -0.616,-0.055 -1.211,-0.108 -1.792,-0.157 -0.019,-0.173 -0.012,-0.356 0.034,-0.556 0.081,-0.35 0.227,-0.823 0.155,-1.214 0.009,-0.011 0.017,-0.023 0.026,-0.035 0.115,-0.114 0.23,-0.227 0.344,-0.341 0.537,-0.191 0.982,0.584 1.148,0.986 0.19,-0.354 0.447,-0.577 0.767,-0.816 0.148,0.2 0.202,0.43 0.161,0.691 0.104,0.107 0.209,0.215 0.313,0.323 0.352,0.219 0.986,-0.213 1.192,-0.459 0.377,-0.45 0.263,-0.89 0.041,-1.374 z m 53.753,-33.034 c -0.034,0.007 -0.072,0.016 -0.102,0.021 -0.181,-0.207 -0.074,-0.462 -0.342,-0.596 -0.274,-0.138 -0.741,0.089 -1.039,0.103 -0.089,-0.127 -0.15,-0.266 -0.186,-0.419 -0.173,-0.331 -0.342,-0.663 -0.51,-0.996 -0.009,-0.019 -0.025,-0.045 -0.037,-0.066 0.058,-0.047 0.126,-0.081 0.212,-0.091 0.35,-0.039 1.107,0.375 1.336,0.587 0.27,0.248 0.814,1.017 0.668,1.457 z m -10.874,99.391 c 0.209,0.059 0.482,0.197 0.47,0.449 -0.007,0.138 -0.16,0.281 -0.215,0.41 -0.044,0.104 -0.081,0.223 -0.076,0.337 0.009,0.19 0.008,0.218 -0.146,0.366 -0.021,0.02 -0.042,0.038 -0.063,0.057 0.043,-0.395 -0.079,-0.731 -0.535,-0.875 -0.109,-0.034 -0.194,-0.028 -0.27,-0.005 -0.007,-0.016 -0.007,-0.032 -0.015,-0.048 -0.16,-0.326 -0.335,-0.843 -0.081,-1.181 0.11,-0.146 0.672,-0.494 0.834,-0.29 -0.061,0.228 -0.205,0.695 0.097,0.78 z m -0.123,3.807 c 0.079,0.157 0.064,0.347 0.07,0.52 0.009,0.303 -0.066,0.418 -0.379,0.483 -0.211,0.043 -0.432,0.061 -0.645,0.021 -0.108,-0.021 -0.164,-0.053 -0.202,-0.091 0.024,-0.108 0.051,-0.214 0.065,-0.333 0.04,-0.335 0.178,-0.577 0.341,-0.874 0.126,-0.231 0.389,-0.648 0.59,-1.094 0.184,0.264 0.603,0.362 0.705,0.681 0.09,0.28 -0.552,0.342 -0.701,0.352 -0.066,0.005 -0.124,-0.013 -0.185,-0.021 0.11,0.125 0.265,0.204 0.341,0.356 z m -15.557,24.723 c -0.041,-0.222 -0.114,-0.431 -0.282,-0.602 -0.091,-0.092 -0.191,-0.172 -0.302,-0.222 0.099,-0.103 0.214,-0.188 0.361,-0.227 0.168,-0.045 0.362,-0.075 0.556,-0.095 0.117,0.177 0.227,0.357 0.309,0.546 0.108,0.247 0.186,0.503 0.25,0.763 -0.301,-0.055 -0.598,-0.109 -0.892,-0.163 z m -28.301,-1.508 c -0.165,0.124 -0.488,0.413 -0.742,0.413 -0.213,0 -0.182,-0.1 -0.297,-0.237 -0.163,-0.194 -0.291,-0.401 -0.544,-0.473 -0.389,-0.111 -1.011,0.12 -1.331,-0.145 0.006,-0.172 0.029,-0.355 0.019,-0.532 0.185,-0.473 0.279,-0.93 0.015,-1.116 -0.162,0.043 -0.325,0.08 -0.488,0.117 -0.097,-0.128 -0.194,-0.245 -0.277,-0.324 -0.236,-0.221 -0.493,-0.241 -0.778,-0.237 0.056,-0.085 0.112,-0.171 0.168,-0.256 0.112,-0.384 0.222,-0.768 0.33,-1.153 0.13,-0.464 0.296,-0.842 0.717,-1.089 0.3,-0.261 0.645,-0.274 1.034,-0.039 0.209,0.157 0.418,0.314 0.627,0.47 0.286,0.31 0.493,0.753 0.467,1.182 -0.024,0.397 -0.491,0.777 -0.665,1.122 0.049,0.148 0.182,0.194 0.323,0.204 -0.313,0.165 -0.562,0.783 -0.609,1.002 0.449,0.238 0.905,0.258 1.391,0.368 0.25,0.057 0.727,0.305 0.871,-0.071 -0.014,-0.028 -0.033,-0.064 -0.098,-0.168 0.03,0.012 0.062,0.037 0.089,0.046 0.13,0.044 0.249,0.09 0.366,0.137 0.175,0.362 -0.33,0.585 -0.588,0.779 z m -27.337,-10.533 c -0.018,-0.22 0.042,-0.345 0.118,-0.561 0.136,-0.384 0.207,-0.76 0.28,-1.159 0.066,-0.363 0.139,-0.649 0.396,-0.918 0.217,-0.227 0.843,-0.489 0.809,-0.852 -0.061,-0.65 -1.264,-1.42 -1.034,-2.087 0.109,-0.317 0.777,-0.579 1.078,-0.533 0.34,0.052 0.361,0.433 0.605,0.555 0.274,0.137 0.663,-0.5 0.764,-0.641 0.374,-0.52 0.708,-1.041 1.226,-1.434 0.496,-0.376 0.739,-0.21 0.99,0.305 0.142,0.291 0.319,0.713 0.121,1.014 -0.257,0.389 -0.941,0.474 -1.325,0.729 0.121,0.648 -0.179,1.039 -0.675,1.413 -0.183,0.138 -0.388,0.204 -0.594,0.309 -0.383,0.194 -0.652,0.444 -0.902,0.792 -0.181,0.251 -0.32,0.455 -0.151,0.739 0.228,0.383 0.51,0.632 0.597,1.097 0.092,0.494 -0.062,0.96 -0.177,1.439 -0.046,0.193 -0.109,0.325 -0.187,0.434 -0.57,0.024 -1.152,0.043 -1.744,0.057 -0.081,-0.231 -0.176,-0.473 -0.195,-0.698 z m 13.112,-20.536 c -0.124,-0.241 -0.238,-0.163 -0.408,-0.274 -0.291,-0.19 -0.45,-0.704 -0.315,-1.031 0.07,-0.17 0.22,-0.206 0.314,-0.331 0.118,-0.156 0.159,-0.363 0.242,-0.546 0.221,-0.488 0.434,-0.932 1.006,-0.909 0.703,0.028 1.205,-0.276 1.724,-0.748 0.287,-0.261 0.329,-0.445 0.226,-0.827 -0.033,-0.124 -0.279,-0.531 -0.139,-0.681 0.494,-0.039 0.957,0.073 1.396,-0.23 0.377,-0.259 0.53,-0.652 0.701,-1.055 0.112,-0.265 0.194,-0.468 0.251,-0.762 0.049,-0.435 0.17,-0.85 0.365,-1.243 0.126,-0.321 0.346,-0.527 0.661,-0.618 0.647,0.106 0.533,1.996 1.329,1.697 0.273,-0.102 0.462,-0.436 0.688,-0.609 0.301,-0.231 0.693,-0.535 1.05,-0.655 0.539,-0.182 0.845,0.182 1.132,0.6 0.242,0.351 0.175,0.751 0,1.133 -0.252,0.552 -0.47,0.568 -0.95,0.401 -0.161,-0.056 -0.422,-0.041 -0.53,0.138 -0.137,0.227 0.095,0.286 0.092,0.523 -0.004,0.293 -0.463,0.578 -0.6,0.821 -0.48,0.851 0.46,0.9 0.632,1.632 -0.255,0.237 -0.499,0.474 -0.801,0.65 -0.207,0.12 -0.794,0.564 -1.037,0.456 -0.142,-0.063 -0.13,-0.087 -0.137,-0.241 -0.018,-0.372 0.052,-0.652 -0.175,-0.988 -0.215,-0.318 -0.877,-0.778 -1.247,-0.488 -0.145,0.113 -0.204,0.359 -0.315,0.509 -0.211,0.286 -0.46,0.541 -0.67,0.829 -0.231,0.317 -0.464,0.635 -0.838,0.796 -0.289,0.125 -0.072,0.04 -0.282,0.013 -0.533,-0.068 -1.405,-0.066 -1.868,0.302 -0.621,0.493 -0.222,1.231 -0.148,1.836 0.109,0.891 -1.068,1.033 -1.708,1.182 0.733,0.29 -0.013,0.972 -0.139,0.449 -0.105,-0.437 0.373,-0.93 0.509,-1.306 0.056,-0.154 0.067,-0.273 -0.011,-0.425 z m -43.159,-64.935 c -0.046,-0.017 -0.092,-0.022 -0.138,-0.046 -0.661,-0.347 -0.774,-1.077 -0.431,-1.683 0.228,-0.373 0.545,-0.647 0.95,-0.823 0.348,-0.163 0.691,-0.336 1.029,-0.517 0.046,-0.192 -0.017,-0.358 -0.188,-0.499 -0.134,-0.218 -0.267,-0.437 -0.399,-0.656 -0.1,0.086 -0.175,0.193 -0.226,0.321 -0.274,0.32 -0.601,0.572 -0.981,0.755 -0.295,0.16 -0.609,0.242 -0.941,0.246 -0.164,-0.09 -0.195,-0.226 -0.094,-0.407 0.068,-0.32 0.285,-0.712 0.289,-1.073 0.166,-0.05 0.331,-0.104 0.483,-0.172 0.634,-0.283 -0.171,-0.68 -0.33,-1.023 -0.177,-0.384 0.44,-0.701 0.743,-0.75 0.47,-0.077 0.879,0.489 1.071,0.851 0.177,0.332 0.219,0.68 0.428,1.005 0.128,0.198 0.272,0.377 0.381,0.588 0.122,0.236 0.191,0.492 0.295,0.735 0.039,0.091 0.201,0.316 0.179,0.435 -0.047,0.254 -0.521,0.424 -0.721,0.517 -0.362,0.169 -0.761,0.22 -1.124,0.38 -0.742,0.325 -0.468,1.221 -0.275,1.816 z m -56.307,28.334 c -0.058,0.067 -0.102,0.171 -0.154,0.269 -0.058,0.067 -0.115,0.133 -0.171,0.199 -0.038,0.022 -0.077,0.043 -0.129,0.04 -0.186,-0.133 -0.372,-0.266 -0.559,-0.399 -0.37,-0.217 -0.74,-0.434 -1.11,-0.651 -0.342,-0.225 -0.684,-0.449 -1.025,-0.674 -0.119,-0.176 -0.238,-0.352 -0.357,-0.528 -0.019,-0.338 0.429,-0.769 0.623,-0.996 0.152,-0.178 0.256,-0.244 0.25,-0.478 -0.005,-0.219 -0.18,-0.426 -0.027,-0.653 0.144,-0.215 0.354,-0.164 0.62,-0.151 0.373,0.018 0.744,0.065 1.112,0.124 -0.135,0.322 -0.278,0.64 -0.453,0.942 -0.248,0.459 -0.61,0.911 -0.625,1.439 0.535,0.17 1.143,0.266 1.646,0.519 0.133,0.074 0.266,0.148 0.399,0.221 0.184,0.082 0.235,0.202 0.153,0.36 0.009,0.106 -0.028,0.208 -0.079,0.309 -0.038,0.036 -0.079,0.067 -0.114,0.108 z m -65.296,7.628 c -0.014,0.898 -1.199,0.878 -1.854,0.938 0.687,0.388 -0.145,0.961 -0.199,0.426 -0.044,-0.447 0.496,-0.87 0.683,-1.224 0.076,-0.145 0.103,-0.261 0.047,-0.423 -0.09,-0.256 -0.213,-0.194 -0.367,-0.328 -0.262,-0.228 -0.35,-0.758 -0.171,-1.064 0.092,-0.159 0.246,-0.174 0.356,-0.285 0.138,-0.139 0.207,-0.338 0.314,-0.508 0.285,-0.453 0.557,-0.864 1.121,-0.763 0.693,0.124 1.232,-0.109 1.81,-0.506 0.32,-0.219 0.386,-0.396 0.337,-0.788 -0.016,-0.127 -0.203,-0.564 -0.045,-0.694 0.495,0.029 0.938,0.202 1.414,-0.037 0.409,-0.205 0.614,-0.574 0.838,-0.949 0.147,-0.247 0.256,-0.437 0.353,-0.721 0.107,-0.425 0.285,-0.818 0.532,-1.182 0.169,-0.301 0.415,-0.475 0.739,-0.522 0.627,0.193 0.255,2.05 1.085,1.863 0.285,-0.064 0.517,-0.368 0.765,-0.509 0.33,-0.188 0.759,-0.435 1.13,-0.506 0.559,-0.107 0.812,0.295 1.04,0.749 0.191,0.381 0.071,0.768 -0.154,1.123 -0.325,0.513 -0.543,0.498 -0.996,0.268 -0.152,-0.077 -0.413,-0.098 -0.544,0.064 -0.166,0.206 0.055,0.297 0.02,0.531 -0.044,0.29 -0.537,0.509 -0.706,0.731 -0.592,0.777 0.333,0.955 0.403,1.703 -0.285,0.2 -0.559,0.401 -0.883,0.534 -0.222,0.091 -0.864,0.45 -1.089,0.31 -0.132,-0.082 -0.117,-0.104 -0.103,-0.258 0.033,-0.371 0.141,-0.639 -0.039,-1.003 -0.17,-0.344 -0.763,-0.89 -1.169,-0.654 -0.159,0.092 -0.251,0.328 -0.381,0.461 -0.248,0.255 -0.53,0.473 -0.777,0.73 -0.272,0.282 -0.547,0.565 -0.939,0.675 -0.303,0.085 -0.077,0.03 -0.282,-0.025 -0.445,-0.12 -1.133,-0.207 -1.644,-0.043 -0.923,-0.526 -1.489,-0.914 -1.489,-0.914 l -0.578,0.923 c 0,0 0.504,0.437 1.371,1.054 0.007,0.278 0.055,0.566 0.051,0.823 z m -2.453,3.824 c -0.003,0.316 -0.178,0.497 -0.527,0.545 -0.531,0.128 -1.065,0.007 -0.908,0.859 0.099,0.251 0.198,0.502 0.296,0.753 0.348,0.135 0.533,0.369 0.552,0.702 -0.252,0.288 -0.545,0.381 -0.879,0.277 -0.398,0.04 -0.653,-0.168 -0.767,-0.623 -0.197,-0.314 -0.669,-1.417 -1.288,-0.819 -0.441,0.426 -0.733,1.568 -0.459,2.105 0.081,0.122 0.161,0.244 0.242,0.366 0.004,0.303 -0.166,0.464 -0.509,0.484 -0.161,-0.114 -0.322,-0.228 -0.482,-0.342 -0.134,-0.286 -0.268,-0.571 -0.403,-0.856 -0.143,-0.189 -0.285,-0.378 -0.428,-0.567 -0.222,-0.069 -0.448,-0.114 -0.679,-0.134 -1.093,-0.137 -0.988,1.281 -1.112,2.013 -0.125,-0.041 -0.227,-0.114 -0.335,-0.181 -0.332,-0.801 -0.746,-1.69 -1.222,-2.64 0.298,-0.223 0.569,-0.493 0.742,-0.679 0.147,-0.169 0.295,-0.337 0.442,-0.506 0.287,-0.233 0.532,-0.505 0.735,-0.814 0.061,-0.223 0.123,-0.446 0.184,-0.669 0.153,-0.438 0.05,-0.777 -0.311,-1.018 -0.508,0.085 -0.931,0.315 -1.267,0.691 -0.306,0.229 -0.575,0.494 -0.809,0.796 -0.363,-0.084 -0.712,-0.247 -1.067,-0.373 -0.429,-0.787 -0.879,-1.59 -1.343,-2.4 0.258,-0.101 0.513,-0.189 0.835,-0.106 0.162,0.072 0.325,0.144 0.488,0.215 0.342,-0.053 0.58,-0.228 0.715,-0.525 0.292,-0.424 0.503,-0.595 1.023,-0.558 0.466,0.022 0.929,0.082 1.387,0.18 0.258,-0.09 0.517,-0.179 0.776,-0.269 0.131,-0.293 0.262,-0.585 0.393,-0.878 0.079,-0.311 0.157,-0.622 0.236,-0.933 0.292,-0.502 0.714,-0.803 1.267,-0.903 0.52,-0.297 1.068,-0.32 1.645,-0.069 0.395,0.677 0.296,1.305 -0.297,1.883 -0.268,0.258 -0.536,0.517 -0.804,0.775 -0.398,0.23 -0.544,0.554 -0.438,0.973 0.107,0.14 0.137,0.283 0.093,0.43 -0.011,0.106 -0.062,0.194 -0.154,0.263 -0.032,0.223 0.031,0.407 0.191,0.554 0.11,0.149 0.598,0.712 0.722,0.3 0.036,0.154 0.051,0.311 0.045,0.471 0.003,0.229 0.107,0.341 0.313,0.335 0.708,0.338 1.314,-0.611 0.334,-0.489 0.64,-0.334 1.813,-0.102 2.333,0.321 0.526,0.281 0.691,0.635 0.499,1.06 z m -19.087,67.932 c 0.158,0.183 0.258,0.124 0.277,0.387 0.033,0.449 0.068,0.875 -0.36,1.127 -0.214,-0.095 -0.335,-0.492 -0.455,-0.656 -0.107,-0.147 -0.22,-0.259 -0.39,-0.328 -0.16,-0.065 -0.328,-0.128 -0.497,-0.157 0.03,-0.035 0.07,-0.056 0.094,-0.098 0.358,-0.622 -0.035,-1.186 -0.057,-1.828 -0.007,-0.223 0.128,-0.414 0.294,-0.587 0.182,0.059 0.197,0.354 0.345,0.526 0.164,0.192 0.356,0.042 0.556,0.153 0.545,0.302 -0.118,1.099 0.193,1.461 z m -26.334,22.448 c 0.357,0.131 0.478,0.322 0.363,0.573 -0.375,-0.045 -0.681,-0.225 -0.918,-0.54 -0.004,-0.006 -0.009,-0.01 -0.013,-0.017 0.138,-0.057 0.275,-0.116 0.412,-0.175 0.054,0.052 0.098,0.11 0.156,0.159 z m 0.654,-9.587 c -0.196,0.124 -0.418,0.195 -0.621,0.049 -0.212,-0.152 -0.377,-0.392 -0.591,-0.553 -0.243,-0.184 -0.485,-0.32 -0.629,-0.606 -0.058,-0.115 -0.087,-0.241 -0.109,-0.37 0.216,0.129 0.434,0.256 0.676,0.315 0.154,0.037 0.736,-0.032 0.792,0.044 -0.099,0.128 -0.203,0.26 -0.319,0.373 0.591,-0.208 1.124,-0.409 1.567,-0.871 0.003,-0.003 0.007,-0.007 0.011,-0.011 0.099,0.548 -0.403,1.394 -0.777,1.63 z m -6.739,-52.919 c -0.035,-0.302 -0.033,-0.628 0.059,-0.923 0.1,-0.321 0.286,-0.467 0.252,-0.83 -0.025,-0.267 -0.108,-0.528 -0.227,-0.766 -0.146,-0.289 -0.317,-0.533 -0.434,-0.844 -0.096,-0.254 -0.151,-0.534 -0.295,-0.767 0.469,-0.26 1.236,0.572 1.467,0.851 0.311,-0.007 0.365,-0.706 0.352,-0.853 -0.046,-0.526 -0.286,-1.016 -0.52,-1.479 -0.138,-0.274 -0.422,-0.61 -0.22,-0.915 0.195,-0.294 0.998,-0.608 1.308,-0.647 0.367,-0.047 1.333,0.031 1.559,0.441 0.226,0.41 0.206,0.989 0.284,1.436 0.057,0.324 0.093,0.673 0.198,0.985 0.063,0.185 0.161,0.307 0.195,0.512 0.073,0.439 -0.15,0.821 -0.048,1.253 0.089,0.378 0.459,0.488 0.551,0.799 0.049,0.166 -0.269,0.748 -0.326,0.878 -0.087,0.199 -0.175,0.321 -0.279,0.421 -0.229,0.082 -0.451,0.201 -0.623,0.335 -0.228,0.215 -0.455,0.43 -0.682,0.645 -0.202,0.33 -0.445,0.626 -0.73,0.888 -0.218,0.122 -0.435,0.245 -0.653,0.368 -0.476,0.196 -0.961,0.367 -1.454,0.513 -0.206,0.03 -0.338,-0.006 -0.449,-0.067 0.096,-0.02 0.186,-0.042 0.234,-0.054 0.361,-0.087 0.554,-0.235 0.645,-0.606 0.116,-0.48 -0.111,-1.103 -0.164,-1.574 z m 1.754,-40.142 c 0.076,0.272 0.202,0.492 0.331,0.738 0.095,0.181 0.269,0.511 0.078,0.701 -0.381,0.379 -0.986,-0.44 -1.114,-0.669 -0.224,-0.4 -0.563,-0.885 -0.542,-1.348 0.016,-0.36 -0.09,-0.648 -0.306,-0.946 -0.145,-0.201 -0.377,-0.305 -0.513,-0.498 0.168,-0.504 0.85,-0.642 1.171,-1.028 0.2,-0.24 0.337,-0.619 0.348,-0.93 0.007,-0.185 -0.036,-0.36 0.003,-0.545 0.074,-0.355 0.41,-0.738 0.759,-0.73 0.049,0.001 0.115,0.003 0.182,0 -0.006,0.124 -0.019,0.26 -0.022,0.414 -0.115,0.403 -0.023,0.738 0.276,1.005 0.164,0.01 0.327,0.02 0.491,0.03 0.427,-0.035 0.661,-0.387 0.948,-0.649 0.379,-0.347 0.799,-0.436 1.28,-0.258 0.059,0.849 -0.406,1.58 -0.417,2.406 0.239,0.129 0.494,0.174 0.757,0.18 -0.001,0.115 -0.004,0.23 -0.018,0.34 -0.047,0.373 -0.019,0.592 0.1,0.929 0.162,0.457 -0.194,0.879 -0.509,1.201 -0.246,0.253 -0.285,0.259 -0.456,-0.005 -0.161,-0.249 -0.278,-0.512 -0.372,-0.793 -0.085,-0.255 -0.063,-0.348 -0.308,-0.449 -0.236,-0.097 -0.478,-0.192 -0.735,-0.218 -0.29,-0.029 -0.246,0.035 -0.464,0.154 -0.123,0.067 -0.181,0.08 -0.33,0.078 -0.144,-0.002 -0.41,-0.115 -0.54,-0.067 -0.337,0.125 -0.146,0.714 -0.078,0.957 z M 111.114,227.2 c 0.293,-0.291 0.574,-0.315 0.945,-0.206 0.248,0.073 0.454,0.285 0.683,0.273 -0.094,0.07 -0.144,0.172 -0.098,0.343 0.101,0.212 0.203,0.423 0.304,0.635 0.073,0.146 0.247,0.391 0.352,0.629 -0.086,0.153 -0.2,0.29 -0.335,0.405 -0.524,-0.256 -0.785,-0.958 -1.413,-1.102 -0.612,-0.14 -0.643,0.21 -0.868,0.57 -0.131,-0.578 -0.02,-1.099 0.43,-1.547 z m -1.405,-14.524 c 0.302,0.003 0.586,-0.023 0.86,-0.088 0.029,0.076 0.061,0.15 0.109,0.217 0.248,0.346 0.876,0.56 0.841,1.074 -0.041,0.608 -2.02,1.557 -1.021,2.155 0.431,0.258 0.723,0.451 0.801,0.976 0.037,0.249 0.044,0.503 0.065,0.754 -0.086,0.01 -0.171,0.01 -0.257,0.028 -0.147,0.032 -0.356,0.072 -0.525,0.153 0.087,-0.036 0.176,-0.069 0.25,-0.127 -0.074,-0.223 -0.154,-0.436 -0.368,-0.559 -0.223,-0.128 -0.254,-0.185 -0.281,-0.448 -0.021,-0.204 0.048,-0.577 -0.061,-0.777 -0.086,-0.157 -0.224,-0.323 -0.324,-0.477 -0.295,0.062 -0.479,0.133 -0.789,0.109 -0.427,-1.162 1.036,-1.76 1.688,-2.384 -0.277,-0.082 -1.046,-0.165 -0.988,-0.606 z m 3.644,-1.258 c 0.339,0.127 0.878,-0.198 1.174,-0.338 0.213,-0.1 0.425,-0.187 0.649,-0.219 -0.01,0.112 -0.017,0.225 -0.003,0.34 0.062,0.186 0.06,0.372 -0.007,0.558 -0.084,0.363 -0.203,0.664 -0.168,0.996 -0.141,-0.283 -0.299,-0.569 -0.469,-0.811 -0.56,0.145 -1.649,0.854 -1.893,-0.009 -0.089,-0.313 0.16,-0.511 0.39,-0.72 0.098,0.083 0.202,0.156 0.327,0.203 z m 17.382,14.048 c -0.08,-0.174 -0.16,-0.347 -0.24,-0.52 -0.054,-0.095 -0.107,-0.19 -0.16,-0.285 -0.025,-0.324 0.421,-0.605 0.646,-0.745 0.3,-0.188 0.88,-0.419 1.242,-0.305 0.261,0.082 0.231,0.232 0.292,0.46 0.1,0.376 0.256,0.434 0.644,0.347 0.327,-0.074 0.651,-0.169 0.955,-0.312 0.285,-0.134 0.295,-0.141 0.568,0.058 0.617,0.451 1.23,0.948 2.042,0.757 0.339,-0.08 0.644,-0.225 0.963,-0.367 0.324,-0.145 0.805,-0.317 1.164,-0.156 0.141,0.148 0.282,0.295 0.422,0.442 0.053,0.269 0.107,0.537 0.16,0.806 0.027,0.719 -0.528,1.083 -1,1.487 0.218,0.106 0.447,0.177 0.688,0.213 0.328,0.193 0.532,0.478 0.61,0.855 0.076,0.443 -0.061,0.808 -0.413,1.093 -0.055,0.03 -0.088,0.074 -0.133,0.11 -0.184,-0.081 -0.369,-0.161 -0.554,-0.247 -0.143,-0.066 -0.297,-0.131 -0.457,-0.195 -0.058,-0.169 -0.212,-0.293 -0.483,-0.363 -0.455,-0.288 -1.304,-0.466 -1.055,-1.178 0.065,-0.135 0.129,-0.27 0.194,-0.405 0.183,-0.314 0.158,-0.606 -0.077,-0.875 -0.19,-0.003 -0.38,-0.007 -0.571,-0.011 -0.192,0.118 -0.384,0.236 -0.576,0.354 -0.341,0.464 -0.014,0.957 0.167,1.412 0.076,0.104 0.112,0.213 0.122,0.324 -0.543,-0.151 -1.118,-0.301 -1.715,-0.451 -0.206,-0.118 -0.428,-0.176 -0.669,-0.167 -0.947,-0.235 -1.932,-0.473 -2.911,-0.726 0.182,-0.154 0.265,-0.379 0.243,-0.68 -0.037,-0.243 -0.072,-0.486 -0.108,-0.73 z m 22.472,-10.053 c -0.296,0.003 -0.59,-0.025 -0.881,-0.085 -0.021,-0.123 -0.043,-0.247 -0.064,-0.37 0.034,-0.197 0.069,-0.393 0.103,-0.59 0.018,-0.369 -0.335,-0.785 -0.185,-1.116 0.131,-0.289 0.448,-0.367 0.745,-0.409 0.333,-0.048 1.226,-0.01 1.397,-0.378 0.022,-0.197 0.043,-0.394 0.065,-0.591 -0.034,-0.274 -0.069,-0.549 -0.103,-0.823 0.006,-0.424 0.072,-0.874 0.532,-1.032 0.264,0.037 0.528,0.074 0.792,0.111 0.583,0.172 0.935,0.528 1.057,1.071 0.219,0.285 0.254,0.588 0.103,0.908 -0.048,0.308 -0.127,0.607 -0.236,0.899 0.518,0.102 1.005,-0.007 1.463,-0.329 0.444,-0.205 0.758,-0.515 0.954,-0.92 l 0.211,0.304 c 0,0 0.525,-0.138 1.422,-0.305 0.229,0.162 0.478,0.288 0.747,0.374 -0.379,0.461 -0.735,1.087 -0.781,1.51 -0.027,0.254 0.003,0.499 0.063,0.739 -0.083,0.053 -0.174,0.088 -0.254,0.146 -0.183,0.224 -0.406,0.329 -0.668,0.314 -0.141,-0.095 -0.282,-0.189 -0.422,-0.284 -0.548,-0.166 -1.048,-0.099 -1.5,0.2 -0.578,0.176 -0.986,0.566 -1.223,1.171 -0.214,0.355 -0.428,0.709 -0.643,1.064 -0.153,0.446 -0.433,0.69 -0.838,0.733 -0.331,0.15 -0.633,0.062 -0.905,-0.263 -0.113,-0.243 -0.225,-0.487 -0.337,-0.73 0.051,-0.382 0.108,-0.762 0.171,-1.142 -0.245,-0.149 -0.506,-0.208 -0.785,-0.177 z m 13.734,-16.972 c 0.031,-0.06 0.051,-0.13 0.073,-0.197 0.01,-0.001 0.021,-0.006 0.031,-0.007 0.331,-0.042 0.761,-0.117 1.088,-0.03 0.439,0.117 0.563,0.702 0.783,1.044 -0.243,0.079 -0.49,0.187 -0.754,0.351 -0.308,0.192 -1.373,1.044 -1.485,1.728 -0.047,0.02 -0.094,0.041 -0.138,0.06 -0.278,0.121 -0.413,0.095 -0.59,-0.171 -0.119,-0.179 -0.218,-0.378 -0.26,-0.59 -0.066,-0.334 0.091,-0.327 0.368,-0.345 -0.148,-0.311 -0.14,-0.639 -0.163,-0.974 -0.02,-0.283 -0.241,-0.642 0.117,-0.773 0.175,-0.064 0.357,-0.13 0.541,-0.187 0.148,0.034 0.285,0.063 0.389,0.091 z m 43.349,-87.179 c 0.005,0.01 0.005,0.018 0.01,0.028 -0.203,-0.057 -0.396,-0.139 -0.578,-0.261 -0.01,-0.014 -0.021,-0.027 -0.031,-0.04 0.057,-0.028 0.121,-0.05 0.184,-0.071 0.139,0.114 0.291,0.212 0.415,0.344 z m -10.895,-2.321 c 0.012,-0.009 0.019,-0.015 0.032,-0.025 0.104,-0.075 0.281,-0.154 0.43,-0.25 -0.108,0.183 -0.188,0.376 -0.19,0.598 -0.001,0.053 0.009,0.104 0.017,0.155 -0.039,-0.123 -0.106,-0.24 -0.217,-0.348 -0.019,-0.048 -0.05,-0.085 -0.072,-0.13 z m 0.262,0.996 c 0.054,-0.138 0.067,-0.268 0.053,-0.393 0.037,0.129 0.094,0.251 0.166,0.369 -0.025,0.023 -0.039,0.047 -0.067,0.069 -0.046,0.036 -0.097,0.066 -0.145,0.1 -0.002,-0.047 0.003,-0.092 -0.007,-0.145 z m 0.724,-2.008 c -0.039,0.055 -0.079,0.11 -0.121,0.164 0.021,-0.045 0.041,-0.093 0.063,-0.134 -0.074,-0.083 -0.14,-0.152 -0.202,-0.221 0.087,0.057 0.174,0.121 0.26,0.191 z m -0.834,6.108 c 0.06,-0.04 0.126,-0.05 0.192,-0.048 0.143,0.197 0.288,0.391 0.44,0.581 0.004,0.009 0.006,0.018 0.01,0.027 -0.013,0.04 -0.027,0.08 -0.055,0.117 -0.202,0.272 -0.605,0.375 -0.838,0.61 -0.013,0.013 -0.016,0.025 -0.027,0.037 -0.179,-0.108 -0.323,-0.267 -0.419,-0.435 0.169,-0.212 0.456,-0.727 0.697,-0.889 z m 9.041,38.346 c 0.104,0.314 0.995,0.341 1.075,0.325 0.25,-0.093 0.499,-0.187 0.748,-0.281 0.252,-0.282 0.533,-0.531 0.843,-0.746 0.3,0.16 0.596,0.343 0.732,0.682 0.159,0.396 0.023,0.847 0.021,1.251 -0.002,0.569 0.513,0.929 0.957,1.208 0.284,-0.141 0.49,-0.363 0.619,-0.667 0.19,-0.337 0.468,-0.521 0.835,-0.553 0.208,0.151 0.33,0.352 0.367,0.603 0.065,0.188 0.122,0.379 0.182,0.569 -0.051,0.002 -0.113,0.004 -0.147,0.008 -0.62,0.089 -0.983,0.113 -1.54,0.438 -0.334,0.195 -1.114,0.553 -1.274,0.967 -0.158,0.407 0.235,0.878 0.131,1.342 -0.083,0.371 -0.28,0.71 -0.632,0.773 -0.224,0.04 -0.731,-0.133 -0.919,-0.289 -0.647,-0.535 0.121,-1.351 -0.076,-1.979 -0.046,-0.145 -0.318,-0.426 -0.422,-0.572 -0.319,-0.449 -0.66,-1.229 -1.152,-1.488 -0.139,0.046 -0.264,0.116 -0.376,0.202 -0.074,-0.564 -0.138,-1.147 -0.191,-1.753 0.073,-0.008 0.147,-0.006 0.219,-0.04 z m 15.188,-21.459 c 0.205,0.142 0.394,0.316 0.617,0.433 0.21,0.111 0.465,0.214 0.693,0.139 0.058,0.225 0.091,0.453 0.089,0.686 0.003,0.09 0.015,0.18 0.021,0.269 -0.014,0.015 -0.028,0.03 -0.041,0.045 -0.219,0.264 -0.38,0.572 -0.603,0.832 -0.232,0.271 -0.499,0.521 -0.895,0.465 -0.35,-0.049 -0.655,-0.233 -0.924,-0.452 -0.137,-0.112 -0.398,-0.24 -0.353,-0.433 0.057,-0.245 0.609,-0.237 0.797,-0.267 -0.115,-0.1 -0.327,0.004 -0.474,-0.015 -0.227,-0.029 -0.371,-0.039 -0.412,-0.316 -0.09,-0.604 0.595,-1.05 0.995,-1.345 0.101,-0.074 0.161,-0.121 0.222,-0.137 0.053,0.005 0.103,0.021 0.154,0.029 0.035,0.017 0.068,0.035 0.114,0.067 z m 31.276,-0.047 c 0.224,0.054 0.401,0.167 0.53,0.34 -0.315,-0.033 -0.641,-0.119 -0.868,0.115 0.108,-0.148 0.2,-0.313 0.279,-0.478 0.02,0.006 0.037,0.018 0.059,0.023 z m 28.409,16.015 c -0.134,0.092 -0.276,0.202 -0.422,0.312 0.023,-0.268 0.044,-0.534 0.069,-0.807 0.129,0.16 0.249,0.328 0.353,0.495 z m 12.423,16.562 c -0.081,0.283 -0.004,0.503 0.228,0.662 0.022,0.037 0.052,0.057 0.077,0.088 -0.317,-0.025 -0.641,0.019 -0.987,0.11 0.243,-0.354 0.469,-0.7 0.675,-1.036 0.002,0.059 0.006,0.118 0.007,0.176 z m 16.418,22.364 c 0.138,-0.175 0.616,-0.376 0.864,-0.39 -0.283,0.439 -0.571,0.873 -0.865,1.295 -0.148,-0.311 -0.2,-0.651 0.001,-0.905 z m 11.518,-18.62 c -0.408,0.284 -0.841,0.671 -0.699,1.203 0.141,0.529 0.677,0.71 1.125,0.716 -0.1,0.072 -0.214,0.162 -0.301,0.218 -1.282,0.824 -2.113,0.461 -2.607,-0.591 0.317,-0.399 -0.019,-1.325 0.086,-1.749 0.011,-0.044 0.028,-0.078 0.043,-0.117 0.696,-0.153 1.593,-0.119 2.221,0.032 0.046,0.09 0.093,0.185 0.132,0.288 z m -2.868,45.263 c 0.189,-0.129 0.304,-0.217 0.518,-0.036 0.468,0.393 0.251,1.181 0.147,1.667 -0.056,0.264 -0.049,0.321 -0.339,0.356 -0.248,0.03 -0.504,0.025 -0.749,0.085 -0.263,0.064 -0.574,0.165 -0.661,0.442 -0.106,0.338 0.121,0.652 0.314,0.916 0.329,0.451 0.497,0.832 0.185,1.342 -0.207,0.339 -0.392,0.598 -0.545,0.982 -0.106,0.266 -0.201,0.516 -0.352,0.761 -0.151,0.246 -0.336,0.436 -0.391,0.724 -0.055,0.287 0.025,0.636 0.178,0.887 0.289,0.474 0.674,0.606 1.198,0.666 -0.033,0.151 -0.115,0.267 0.008,0.411 0.005,0.006 0.012,0.008 0.018,0.014 -0.57,0.803 -1.102,1.602 -1.592,2.404 -0.296,-0.232 -0.154,-0.696 -0.185,-1.034 -0.038,-0.205 -0.076,-0.409 -0.113,-0.614 -0.112,-0.291 -0.305,-0.425 -0.578,-0.403 -0.262,-0.03 -0.559,-0.011 -0.665,0.26 0.356,0.328 0.055,0.528 -0.33,0.656 -0.354,0.118 -0.684,0.036 -0.948,0.323 -0.297,0.322 -0.529,0.596 -0.257,1.033 0.355,0.569 1.154,0.362 1.715,0.386 -0.421,0.356 -0.873,0.797 -0.862,1.402 -0.015,-0.007 -0.027,-0.02 -0.042,-0.026 -0.474,-0.197 -0.65,0.526 -0.931,0.813 -0.216,0.22 -0.532,0.256 -0.812,0.328 -0.064,0.383 0.346,0.775 0.308,1.152 -0.022,0.22 -0.298,0.282 -0.529,0.31 -0.308,0.037 -0.593,-0.143 -0.903,-0.13 -0.176,0.008 -0.557,0.094 -0.622,0.303 -0.053,0.169 0.116,0.389 0.222,0.496 0.256,0.258 0.546,0.451 0.764,0.753 0.254,0.351 0.649,0.896 0.641,1.355 -0.003,0.134 -0.045,0.246 -0.108,0.34 -0.157,0.016 -0.313,0.033 -0.47,0.049 -0.183,0.047 -0.363,0.104 -0.544,0.155 -0.02,-0.01 -0.041,-0.016 -0.06,-0.028 -0.505,-0.315 -0.732,-1.009 -1.135,-1.431 -0.433,-0.453 -0.771,-0.334 -1.315,-0.406 10e-4,-0.056 0.017,-0.111 0.03,-0.166 0.042,-0.011 0.072,-0.036 0.119,-0.042 0.233,-0.079 0.465,-0.159 0.698,-0.238 0.404,-0.139 0.387,-0.631 0.45,-1.004 0.038,-0.227 0.016,-0.52 0.153,-0.72 0.126,-0.116 0.227,-0.251 0.301,-0.406 0.03,-0.175 0.066,-0.349 0.108,-0.522 0.133,-0.373 0.419,-0.692 0.532,-1.068 0.124,-0.414 -0.075,-0.803 -0.377,-1.076 0.308,-0.407 1.015,-0.816 1.488,-0.412 0.155,-0.514 0.71,-0.917 0.788,-1.455 0.069,-0.482 -0.375,-0.757 -0.628,-1.11 -0.19,-0.265 -0.455,-0.639 -0.374,-0.995 0.013,-0.055 0.046,-0.099 0.069,-0.148 0.4,-0.173 0.887,-0.245 0.947,-0.731 -0.02,0.236 0.217,0.58 0.349,0.765 0.271,0.38 0.689,0.606 1.151,0.536 0.471,-0.071 0.668,-0.532 0.473,-0.929 -0.198,-0.402 -0.719,-0.486 -0.911,-0.855 -0.356,-0.683 1.49,-0.881 1.861,-1.182 0.291,-0.236 0.309,-0.441 0.236,-0.782 -0.096,-0.446 -0.026,-0.48 0.245,-0.874 0.224,-0.325 0.42,-0.642 0.44,-1.051 0.016,-0.32 -0.062,-0.624 -0.083,-0.94 -0.012,-0.175 0.015,-0.356 0.009,-0.532 -0.012,-0.343 -0.095,-0.68 -0.101,-1.022 -0.006,-0.357 0.028,-0.721 0.361,-0.942 0.294,-0.196 0.645,-0.26 0.991,-0.274 0.176,-0.007 0.457,-0.084 0.551,0.089 0.12,0.221 -0.299,0.581 -0.42,0.728 0.153,-0.003 0.244,-0.221 0.366,-0.305 z m 4.546,2.755 c 0.035,0.001 0.066,0.016 0.099,0.024 -0.015,0.018 -0.03,0.036 -0.045,0.054 -0.018,-0.026 -0.037,-0.054 -0.054,-0.078 z m 5.02,-16.579 c -0.354,0.033 -0.864,0.043 -1.152,-0.225 -0.086,-0.185 -0.172,-0.369 -0.259,-0.554 0.035,-0.272 0.071,-0.543 0.106,-0.815 0.201,-0.676 0.821,-0.851 1.389,-1.076 -0.003,0.317 -0.007,0.63 -0.014,0.937 -0.014,0.589 -0.024,1.163 -0.034,1.729 -0.013,0.002 -0.024,0.003 -0.036,0.004 z m -2.165,-17.304 c -0.022,-0.685 0.501,-1.094 1.069,-1.31 0.125,-0.047 0.267,-0.105 0.413,-0.156 0.047,0.539 0.107,1.261 0.173,2.118 -0.523,0.085 -1.062,-0.11 -1.479,-0.476 -0.056,-0.048 -0.117,-0.111 -0.176,-0.176 z m 6.24,51.405 c -0.247,-0.103 -0.64,0.05 -1.008,0.28 -0.045,-0.11 -0.111,-0.197 -0.213,-0.225 -0.277,-0.078 -0.52,0.327 -0.697,0.47 -0.302,0.242 -0.706,0.307 -1.083,0.308 -0.579,0.001 -1.258,-0.204 -1.651,-0.659 -0.268,-0.311 -0.093,-0.41 0.046,-0.713 0.103,-0.224 0.063,-0.43 0.061,-0.671 -0.003,-0.433 0.152,-0.809 0.561,-1.011 0.472,-0.233 1.503,0.087 1.627,-0.643 0.045,-0.269 -0.102,-0.488 -0.179,-0.738 -0.151,-0.49 0.104,-0.949 0.583,-1.133 0.971,-0.372 1.487,0.58 1.787,1.323 0.281,-0.46 0.743,-0.467 1.206,-0.338 0.029,0.008 0.047,0.015 0.07,0.021 -0.328,1.718 -0.66,3.339 -1.023,4.795 -0.028,-0.358 -0.042,-0.725 -0.087,-1.066 z m -10.78,9.315 c 0.091,0.272 0.172,0.552 0.185,0.807 -0.016,0.003 -0.026,0.004 -0.047,0.008 -0.502,0.093 -0.92,0.495 -1.452,0.485 0.059,-0.134 0.143,-0.258 0.26,-0.37 0.288,-0.385 0.643,-0.689 1.054,-0.93 z m 25.803,-22.891 c -0.066,-0.109 -0.141,-0.212 -0.245,-0.297 -0.255,-0.208 -0.775,-0.117 -1.114,-0.07 -0.177,-0.254 -0.344,-0.529 -0.495,-0.833 0.195,-0.317 0.405,-0.563 0.477,-0.889 0.043,0.313 0.101,0.635 0.185,0.918 0.577,0.042 1.836,-0.282 1.791,0.614 -0.016,0.325 -0.315,0.433 -0.599,0.557 z m 0.927,-9.273 c 0.015,0.271 0.142,0.847 0.068,1.128 -0.018,0.07 -0.061,0.121 -0.112,0.163 -0.237,-0.053 -0.475,-0.102 -0.714,-0.143 -0.009,-0.004 -0.017,-0.009 -0.026,-0.014 -0.017,-0.038 -0.033,-0.078 -0.037,-0.124 -0.029,-0.338 0.204,-0.682 0.222,-1.012 10e-4,-0.018 -0.004,-0.029 -0.005,-0.046 0.208,-0.038 0.421,-0.014 0.604,0.048 z m -0.273,-3.184 c -0.126,0.242 -0.004,0.411 -0.067,0.635 -0.057,0.201 -0.239,0.269 -0.448,0.375 -0.417,0.211 -1.175,0.608 -1.653,0.388 -0.051,-0.024 -0.089,-0.052 -0.123,-0.081 0.283,-0.848 0.6,-1.754 0.938,-2.752 0.246,0.01 0.48,0.083 0.7,0.232 0.169,0.266 0.38,0.491 0.633,0.675 0.097,0.082 0.212,0.166 0.337,0.245 -0.129,0.051 -0.242,0.138 -0.317,0.283 z m -16.871,-10.623 c -0.072,-0.227 -0.032,-0.429 0.12,-0.607 0.053,-0.233 0.2,-0.363 0.441,-0.39 0.316,-0.134 0.706,-0.126 0.977,-0.326 -0.092,-0.186 -0.075,-0.365 0.053,-0.537 0.272,-0.194 0.521,-0.17 0.748,0.074 -0.024,0.419 -0.168,0.789 -0.433,1.109 -0.246,0.35 -0.438,0.728 -0.576,1.134 0.229,0.358 0.562,0.559 1,0.603 0.269,0.027 0.471,0.143 0.605,0.345 0.076,0.111 0.172,0.203 0.288,0.276 0.327,-0.039 0.592,-0.185 0.795,-0.436 0.52,-0.465 0.87,-1.345 1.692,-1.323 0.005,0.001 0.009,0.001 0.014,0.002 0.174,0.216 0.399,0.343 0.732,0.256 0.222,0.164 0.444,0.327 0.655,0.504 0.584,0.234 1.068,-0.206 1.182,-0.764 0.042,-0.205 0.042,-0.361 0.045,-0.491 0.165,0 0.33,0.002 0.495,0.002 0.562,-0.001 1.258,-0.196 1.764,0.08 -0.294,0.35 -0.597,0.691 -0.911,1.022 -0.29,0.471 -0.418,0.989 -0.381,1.554 -0.001,0.01 -0.035,0.182 -0.076,0.432 -0.095,-0.019 -0.191,-0.03 -0.285,-0.068 -0.098,-0.113 -0.21,-0.157 -0.336,-0.131 -0.133,-0.004 -0.221,0.077 -0.263,0.242 -0.146,0.235 -0.356,0.376 -0.63,0.422 -0.431,0.063 -0.86,0.14 -1.286,0.23 -0.24,0.115 -0.481,0.135 -0.722,0.061 -0.044,-0.196 -0.002,-0.407 -0.125,-0.566 -0.191,-0.249 -0.526,-0.221 -0.798,-0.142 -0.34,0.036 -0.559,0.243 -0.656,0.62 -0.044,0.242 -0.088,0.484 -0.132,0.726 0.02,0.19 0.04,0.38 0.061,0.57 0.02,0.107 0.041,0.214 0.061,0.321 -0.08,0.314 -0.593,0.438 -0.85,0.5 -0.344,0.082 -0.968,0.116 -1.275,-0.108 -0.221,-0.161 -0.145,-0.293 -0.13,-0.529 0.025,-0.388 -0.103,-0.493 -0.499,-0.534 -0.334,-0.035 -0.671,-0.048 -1.005,-0.01 -0.313,0.036 -0.324,0.039 -0.519,-0.237 -0.23,-0.326 -0.459,-0.659 -0.74,-0.919 -0.024,-0.452 -0.051,-0.931 -0.081,-1.435 0.01,0.003 0.019,0.007 0.029,0.01 0.22,-0.051 0.439,-0.101 0.659,-0.151 0.472,-0.33 0.32,-0.902 0.293,-1.391 z m -0.969,0.175 c -0.03,0.031 -0.061,0.062 -0.091,0.094 -0.023,-0.349 -0.046,-0.706 -0.071,-1.068 0.265,0.285 0.455,0.599 0.162,0.974 z m -0.304,-3.043 c -10e-4,0.001 -0.002,0.002 -0.003,0.003 -0.027,-0.377 -0.055,-0.757 -0.083,-1.139 0.049,-0.013 0.094,-0.037 0.144,-0.048 0.101,-0.099 0.214,-0.14 0.339,-0.123 0.058,0.526 -0.077,0.855 -0.397,1.307 z m -1.883,22.522 c 0.288,1.042 1.225,1.452 2.249,1.488 0.075,0.239 -0.142,0.49 -0.226,0.712 -0.094,0.246 -0.309,0.764 -0.074,1 0.446,0.448 1.205,0.155 1.684,-0.069 0.129,0.101 0.085,0.4 0.092,0.544 0.019,0.377 0.023,0.733 0.196,1.072 0.078,0.279 0.28,0.426 0.604,0.439 0.204,-0.036 0.408,-0.072 0.611,-0.109 0.572,-0.231 0.812,-0.738 0.77,-1.329 -0.028,-0.388 -0.132,-0.723 -0.248,-1.093 -0.086,-0.274 -0.017,-0.467 0.251,-0.589 0.618,-0.28 1.033,0.468 1.57,0.613 0.163,-0.547 -0.311,-1.064 -0.389,-1.602 -0.089,-0.612 0.31,-0.947 0.832,-1.18 0.221,-0.098 0.292,-0.083 0.408,0.089 -0.763,2.522 -1.359,5.322 -1.895,8.101 0,0.001 0,0.001 0,0.002 -0.008,0.041 -0.016,0.082 -0.024,0.123 -0.12,0.025 -0.481,0.051 -0.583,0.153 -0.174,0.173 -0.194,0.447 -0.03,0.604 0.095,0.07 0.193,0.133 0.296,0.19 0.032,0.097 0.024,0.19 -0.023,0.279 -0.061,0.325 -0.219,0.505 -0.5,0.673 -0.444,0.265 -1.122,0.632 -1.645,0.4 -1.049,-0.466 -0.614,-1.688 -1.037,-2.483 -0.285,0.189 -0.368,0.484 -0.585,0.722 -0.211,0.232 -0.651,0.158 -0.889,-0.013 -0.215,-0.154 -0.066,-0.61 -0.074,-0.797 0.047,-0.293 -0.032,-0.526 -0.236,-0.699 -0.089,-0.174 -0.234,-0.24 -0.436,-0.201 -0.152,0.262 -0.094,0.49 -0.098,0.788 -0.005,0.42 -0.316,0.641 -0.696,0.757 -0.461,0.14 -1.484,0.134 -1.776,-0.333 0,-0.167 -0.012,-0.333 -0.035,-0.499 0.016,-0.136 -0.036,-0.242 -0.155,-0.318 -0.215,-0.241 -0.508,-0.379 -0.785,-0.541 -0.389,-0.227 -0.304,-0.445 -0.316,-0.881 -0.011,-0.172 -0.022,-0.344 -0.033,-0.516 -0.065,-0.104 -0.13,-0.208 -0.195,-0.313 -0.285,-0.049 -0.479,0.074 -0.582,0.368 -0.062,0.155 -0.124,0.31 -0.186,0.465 -0.125,0.328 -0.063,0.387 -0.325,0.346 -0.052,-0.024 -0.112,-0.028 -0.166,-0.047 0.336,-0.575 0.682,-1.154 1.05,-1.74 1.303,-2.073 2.36,-4.076 3.21,-6.023 0.191,0.475 0.299,1.012 0.419,1.447 z m -6.046,8.773 c 0.043,0.071 0.086,0.142 0.123,0.207 0.28,0.005 0.558,-0.019 0.834,-0.073 0.463,-0.146 0.861,-0.067 1.193,0.236 -0.34,0.787 -0.883,1.678 -1.737,1.977 -0.336,0.118 -0.613,0.097 -0.774,-0.258 -0.254,0.043 -0.504,0.08 -0.756,0.106 0.35,-0.718 0.723,-1.451 1.117,-2.195 z m -6.691,2.076 c -0.135,-0.05 -0.266,-0.112 -0.391,-0.188 -0.147,-0.089 -0.281,-0.215 -0.434,-0.296 0.329,-0.065 0.716,-0.076 1.065,0.01 -0.08,0.156 -0.16,0.315 -0.24,0.474 z m 3.649,11.727 c 0.244,-0.271 0.834,-0.753 1.21,-0.377 0.097,0.097 0.123,0.312 0.143,0.499 -0.013,0.016 -0.031,0.03 -0.044,0.045 -0.262,0.318 -0.05,0.445 0.225,0.546 0.141,0.266 0.358,0.545 0.619,0.645 -0.073,0.233 -0.275,0.474 -0.423,0.58 -0.386,0.278 -1.005,-0.046 -1.338,-0.283 -0.307,-0.218 -0.499,-0.511 -0.832,-0.708 -10e-4,0 -10e-4,-10e-4 -0.002,-10e-4 0.011,-0.35 0.185,-0.66 0.442,-0.946 z m 35.829,-26.413 c -0.078,0.019 -0.184,-0.017 -0.289,-0.066 0.07,-0.017 0.141,-0.04 0.211,-0.055 0.06,-0.012 0.157,-0.031 0.266,-0.057 -0.037,0.083 -0.079,0.151 -0.188,0.178 z m -1.178,0.24 c 0.01,0.038 0.02,0.075 0.028,0.112 0.092,0.426 0.015,1.104 -0.442,1.286 -0.379,0.151 -0.818,0.014 -1.226,0.019 0.06,-0.014 0.117,-0.034 0.164,-0.066 0.241,-0.169 0.375,-0.541 0.59,-0.752 0.25,-0.247 0.557,-0.443 0.886,-0.599 z m -1.831,2.116 c 0.171,0.192 0.181,0.257 0.123,0.515 -0.045,0.199 -0.23,0.531 -0.191,0.756 0.031,0.176 0.109,0.378 0.155,0.555 0.299,0.036 0.496,0.027 0.782,0.149 0.033,1.238 -1.545,1.337 -2.362,1.719 0.236,0.165 0.939,0.491 0.743,0.89 -0.285,-0.1 -0.563,-0.165 -0.843,-0.191 -0.003,-0.081 -0.01,-0.162 -0.034,-0.24 -0.124,-0.408 -0.651,-0.811 -0.454,-1.286 0.233,-0.563 2.412,-0.829 1.657,-1.715 -0.326,-0.382 -0.541,-0.658 -0.446,-1.181 0.045,-0.248 0.119,-0.49 0.179,-0.735 0.084,0.018 0.165,0.045 0.252,0.055 0.15,0.017 0.361,0.046 0.547,0.023 -0.094,0.006 -0.189,0.009 -0.278,0.04 -0.001,0.234 0.007,0.461 0.17,0.646 z m 1.16,-11.204 c -0.022,-0.163 -0.105,-0.452 -0.127,-0.713 0.13,-0.116 0.279,-0.208 0.441,-0.272 0.414,0.41 0.438,1.159 0.986,1.496 0.169,0.104 0.296,0.138 0.404,0.134 -0.016,0.043 -0.033,0.087 -0.048,0.13 0.09,0.104 0.245,0.165 0.432,0.195 -0.151,0.249 -0.374,0.454 -0.685,0.607 -0.37,0.182 -0.645,0.115 -0.961,-0.107 -0.212,-0.148 -0.339,-0.416 -0.56,-0.477 0.112,-0.036 0.191,-0.117 0.202,-0.294 -0.027,-0.233 -0.056,-0.466 -0.084,-0.699 z M 331.959,190.33 c -0.016,0.014 -0.033,0.022 -0.049,0.036 -0.016,-0.213 -0.033,-0.426 -0.049,-0.639 0.416,0.048 0.723,0.101 0.623,0.069 0.043,0.014 0.081,0.033 0.123,0.048 -0.207,0.172 -0.422,0.335 -0.648,0.486 z m 0.581,-2.995 c -0.177,0.125 -0.382,0.059 -0.585,0.158 -0.085,0.041 -0.17,0.116 -0.253,0.204 -0.09,-1.128 -0.178,-2.213 -0.261,-3.219 0.36,-0.172 0.756,-0.287 1.082,-0.524 0.002,0 0.003,0 0.005,0 0.028,0.502 -0.137,0.781 -0.341,1.228 -0.122,0.267 -0.412,0.648 -0.304,0.943 0.108,0.299 1.258,0.786 0.657,1.21 z m -2.052,6.289 c 0.04,-0.007 0.068,-0.029 0.105,-0.04 0.012,0.8 0.016,1.586 0.009,2.346 -0.165,-0.157 -0.345,-0.293 -0.55,-0.398 -0.249,-0.287 -0.351,-0.622 -0.304,-1.005 0.069,-0.444 0.316,-0.745 0.74,-0.903 z m -9.16,26.885 c -0.048,-0.173 -0.102,-0.347 -0.131,-0.525 -0.078,-0.478 -0.156,-0.996 0.053,-1.448 0.213,-0.46 0.63,-0.534 1.098,-0.598 0.327,-0.045 0.688,-0.085 1.024,-0.026 -0.729,0.894 -1.417,1.761 -2.044,2.597 z m -33.335,-0.752 c -0.027,-0.121 -0.02,-0.278 -0.017,-0.361 0.003,-0.072 0.055,-0.188 0.041,-0.256 -0.032,-0.158 -0.048,-0.072 -0.134,-0.127 -0.19,-0.121 -0.572,-0.298 -0.562,-0.58 0.008,-0.204 0.339,-0.489 0.459,-0.652 0.163,-0.221 0.341,-0.57 0.606,-0.688 0.008,-0.003 0.013,-0.002 0.021,-0.005 -0.098,0.9 -0.236,1.79 -0.414,2.669 z m -82.252,44.549 c -0.136,-0.166 -0.032,-0.747 -0.049,-0.946 -0.044,-0.499 -0.234,-1.244 -0.863,-1.29 -0.677,-0.05 -0.561,0.595 -0.68,1.052 -0.157,0.607 -0.595,1.047 -0.603,1.687 -0.006,0.404 -0.005,0.8 -0.198,1.046 -0.078,-0.285 -0.095,-0.547 -0.078,-0.861 0.021,-0.391 -0.063,-0.803 -0.208,-1.166 -0.079,-0.198 -0.217,-0.398 -0.276,-0.602 -0.108,-0.373 0.143,-0.709 0.154,-1.077 0.01,-0.313 -0.064,-0.576 -0.163,-0.868 -0.101,-0.298 -0.164,-0.476 -0.038,-0.765 0.06,-0.164 0.148,-0.313 0.264,-0.446 0.041,-0.06 0.081,-0.119 0.122,-0.179 0.138,-0.062 0.44,0.161 0.558,0.215 0.332,0.152 0.615,0.278 0.632,0.678 0.012,0.291 -0.167,0.623 -0.252,0.89 0.143,0.071 0.322,0.011 0.469,-0.019 0.371,-0.076 0.718,-0.278 1.063,-0.427 0.133,-0.057 0.289,-0.155 0.437,-0.148 0.221,0.01 0.486,0.282 0.686,0.345 0.18,0.037 0.361,0.074 0.541,0.11 0.141,0.032 0.282,0.064 0.423,0.097 0.17,0.16 0.149,0.504 0.11,0.705 -0.179,0.916 -1.325,1.281 -1.984,1.803 0.012,0.055 0.036,0.106 0.057,0.159 -0.041,0 -0.082,0.009 -0.124,0.007 z m -6.716,-7.147 c -0.097,0.15 -0.181,0.294 -0.272,0.427 -0.225,0.095 -0.482,0.215 -0.689,0.308 -0.191,-0.224 -0.392,-0.522 -0.686,-0.504 -0.27,0.017 -0.531,0.334 -0.719,0.588 -0.341,-0.125 -0.643,-0.358 -0.859,-0.706 -0.096,-0.154 -0.237,-0.472 -0.2,-0.7 0.08,0.218 0.198,0.406 0.49,0.314 0.074,-0.023 0.145,-0.057 0.214,-0.1 0.15,0.137 0.316,0.212 0.647,0.104 0.518,-0.169 1.057,-0.535 1.377,-0.981 -0.414,-0.079 -1.259,-0.078 -1.266,-0.657 0.032,-0.028 0.068,-0.061 0.104,-0.094 0.463,-0.147 0.963,-0.215 1.442,-0.189 0.364,0.02 0.382,0.217 0.307,0.576 -0.032,0.152 -0.168,0.384 -0.158,0.534 0.043,0.612 1.576,-0.18 1.765,-0.295 0.243,0.12 0.485,0.242 0.727,0.363 0.053,0.186 0.118,0.403 0.197,0.626 -0.152,0.166 -0.321,0.313 -0.527,0.417 -0.29,0.028 -0.535,-0.068 -0.736,-0.288 -0.182,-0.177 -0.397,-0.276 -0.645,-0.296 -0.228,0.127 -0.399,0.312 -0.513,0.553 z m -12.04,9.894 c 0.047,0.146 0.231,0.25 0.182,0.418 -0.052,0.176 -0.507,0.363 -0.643,0.439 -0.17,0.095 -0.334,0.164 -0.482,0.25 0.199,-0.172 0.073,-0.37 0.215,-0.764 0.128,-0.354 0.496,-1.023 0.941,-1.503 -0.013,0.064 -0.024,0.13 -0.033,0.201 -0.026,0.212 -0.082,0.365 -0.152,0.566 -0.056,0.158 -0.08,0.23 -0.028,0.393 z m -20.414,-41.049 c 0.24,0.528 0.361,0.431 0.81,0.109 0.267,-0.192 0.551,-0.514 0.903,-0.536 0.126,0.444 -0.05,1.025 -0.007,1.491 0.04,0.441 0.193,0.981 0.397,1.387 0.323,-0.134 0.721,-0.521 1.095,-0.487 0.247,0.022 0.221,0.317 0.319,0.547 0.07,0.163 0.167,0.445 0.33,0.539 0.188,0.108 0.396,-0.042 0.585,-0.141 0.273,-0.143 0.531,-0.272 0.757,-0.481 0.45,-0.415 0.855,-0.702 1.482,-0.724 0.158,-0.006 0.497,-0.059 0.642,0.028 0.185,0.112 0.195,0.421 0.216,0.603 0.05,0.433 0.167,1.27 -0.332,1.505 -0.508,0.24 -1.31,0 -1.828,-0.077 -0.618,-0.092 -1.263,0.078 -1.284,0.76 -0.011,0.342 0.284,0.74 0.355,1.074 0.048,0.222 0.098,0.344 -0.078,0.489 -0.123,0.102 -0.347,0.137 -0.5,0.164 -0.337,0.06 -0.568,-0.024 -0.868,-0.104 -0.239,-0.064 -0.554,0.007 -0.834,-0.08 -0.62,-0.193 -0.89,-0.871 -1.462,-1.154 -0.11,0.289 -0.073,0.587 -0.125,0.924 -0.085,0.55 -0.827,1.187 -1.423,0.893 -0.228,-0.112 -0.435,-0.517 -0.601,-0.707 -0.337,-0.384 -0.789,-0.875 -0.787,-1.423 0.002,-0.465 0.308,-0.808 0.661,-1.058 0.207,-0.147 0.528,-0.448 0.554,-0.723 0.019,-0.203 -0.205,-0.647 -0.407,-0.684 -0.275,-0.049 -0.658,0.286 -0.947,0.303 -1.701,0.102 -0.585,-2.032 -0.251,-2.715 0.097,-0.199 0.25,-0.493 0.441,-0.763 0.519,0.075 1.148,0.167 1.863,0.276 0.126,0.278 0.231,0.561 0.324,0.765 z m -3.701,57.598 c -0.102,-0.576 -0.513,-0.77 -1.026,-0.911 -0.084,-0.023 -0.161,-0.033 -0.241,-0.047 0.169,-0.051 0.338,-0.101 0.515,-0.135 0.547,-0.023 1.237,-0.041 1.36,0.594 0.107,0.547 -0.422,0.965 -0.742,1.428 0.146,-0.289 0.172,-0.712 0.134,-0.929 z m -11.618,25.084 c 0.108,-0.026 0.213,-0.06 0.316,-0.099 0.021,0.013 0.043,0.026 0.064,0.038 0.007,0.004 0.01,0.012 0.016,0.016 -0.093,0.179 -0.135,0.383 -0.111,0.618 0.127,0.2 0.128,0.37 0.001,0.51 -0.271,-0.166 -0.5,-0.379 -0.687,-0.639 -0.158,-0.326 -0.409,-0.465 -0.751,-0.42 -0.371,0.247 -0.686,0.553 -0.943,0.919 -0.152,0.356 -0.385,0.494 -0.701,0.414 -0.28,-0.825 -0.572,-1.437 -1.472,-1.663 0.321,-0.205 0.763,-0.282 1.124,-0.397 0.301,-0.074 0.589,-0.184 0.864,-0.327 0.207,-0.036 0.349,-0.143 0.462,-0.284 0.47,0.25 0.938,0.511 1.405,0.781 -0.016,0.044 -0.035,0.09 -0.032,0.122 0.022,0.245 0.219,0.436 0.445,0.411 z m -5.268,-0.775 c -0.358,0.326 -0.549,0.176 -0.867,-0.227 -0.043,-0.054 -0.073,-0.118 -0.113,-0.174 0.191,-0.275 0.307,-0.631 0.382,-0.911 0.16,-0.034 0.362,0.192 0.476,0.278 0.242,0.183 0.479,0.345 0.751,0.453 -0.214,0.191 -0.42,0.391 -0.629,0.581 z m 7.927,8.362 c 0.313,-0.091 0.712,0.128 0.985,0.241 0.251,0.104 0.498,0.234 0.735,0.379 -0.046,0.335 -0.226,0.642 -0.44,0.899 -0.371,0.445 -0.964,0.833 -1.565,0.842 -0.41,0.006 -0.374,-0.191 -0.517,-0.493 -0.106,-0.223 -0.289,-0.324 -0.476,-0.478 0.368,-0.404 0.718,-1.228 1.278,-1.39 z m 4.19,0.829 c -0.194,0.185 -0.37,0.178 -0.599,0.022 -0.027,-0.018 -0.046,-0.043 -0.072,-0.063 0.141,-0.147 0.29,-0.27 0.463,-0.271 0.075,0.1 0.142,0.206 0.208,0.312 z m 1.298,-15.498 c -0.496,0.276 -1.076,0.354 -1.596,0.562 -0.636,0.254 -0.751,0.906 -0.736,1.505 -0.146,0.039 -0.469,0.046 -0.696,0.118 0.005,-0.019 0.01,-0.043 0.015,-0.061 0.055,-0.218 0.018,-0.374 -0.031,-0.593 -0.083,-0.37 -0.066,-0.745 0.06,-1.104 0.079,-0.227 0.411,-0.689 0.698,-0.744 0.269,-0.051 0.549,0.184 0.789,0.27 0.679,0.244 1.072,-0.732 1.73,-0.744 0.144,-0.003 0.27,0.065 0.389,0.15 -0.155,0.267 -0.366,0.498 -0.622,0.641 z m -31.701,-69.758 c -0.207,0.123 -0.422,0.229 -0.641,0.324 -0.09,0.023 -0.175,0.059 -0.258,0.098 -0.093,0.035 -0.183,0.076 -0.278,0.106 -0.072,0.048 -0.145,0.097 -0.217,0.145 -0.005,0.031 -0.008,0.063 -0.012,0.095 -0.068,0.062 -0.136,0.124 -0.197,0.191 -0.225,0.244 -0.417,0.54 -0.57,0.855 -0.306,0.062 -0.583,0.091 -0.758,0.434 -0.261,0.512 -0.032,0.828 0.344,1.002 -0.03,0.085 -0.071,0.155 -0.143,0.155 -0.392,-0.382 -0.682,-0.824 -1.229,-0.986 -0.097,-0.029 -0.189,-0.026 -0.282,-0.032 0.001,-0.005 0.003,-0.009 0.004,-0.014 -0.009,-0.237 0.031,-0.465 0.121,-0.685 0.102,-0.281 0.201,-0.563 0.299,-0.845 0.212,-0.606 0.446,-1.062 1.02,-1.359 0.427,-0.221 0.608,-0.624 0.618,-1.062 0.821,0.386 1.68,0.747 2.583,1.076 -0.003,0.149 -0.092,0.285 -0.404,0.502 z m -12.131,-12.768 c 0.136,0.311 0.025,0.711 0.113,1.03 0.005,0.018 0.013,0.026 0.019,0.042 -0.183,0.102 -0.392,0.147 -0.585,0.148 -0.101,-0.253 -0.405,-0.758 -0.426,-1.047 -0.005,-0.072 0.019,-0.134 0.053,-0.191 0.242,-0.026 0.482,-0.056 0.723,-0.093 0.01,10e-4 0.019,0.004 0.029,0.005 0.028,0.031 0.055,0.063 0.074,0.106 z m 3.058,4.673 c -0.805,-0.462 -1.595,-0.845 -2.371,-1.165 0,-0.197 0.143,-0.319 0.302,-0.481 0.328,-0.333 0.919,-0.952 1.442,-0.896 0.537,0.058 0.383,0.639 0.547,1.012 0.021,-0.01 0.042,-0.021 0.063,-0.032 0.057,0.569 0.085,1.001 0.097,1.273 -0.035,0.009 -0.079,0.016 -0.112,0.026 -0.036,0.093 -0.02,0.18 0.032,0.263 z m 18.845,26.158 c 0.097,0.099 0.253,0.169 0.426,0.215 -0.138,0.211 -0.241,0.406 -0.265,0.455 -0.185,0.373 -0.261,0.809 -0.119,1.212 -0.307,0.227 -1.068,0.27 -1.331,-0.027 -0.348,-0.394 -0.259,-1.056 -0.65,-1.397 -0.027,-0.024 -0.054,-0.025 -0.082,-0.043 0.188,-0.172 0.409,-0.31 0.651,-0.366 0.387,-0.09 0.884,0.25 1.265,0.318 0.129,-0.089 0.135,-0.229 0.105,-0.367 z m 13.122,10.715 c -0.099,-0.138 -0.186,-0.282 -0.262,-0.433 -0.128,-0.322 -0.137,-0.705 -0.004,-1.038 0.143,-0.357 0.46,-0.68 0.769,-0.887 0.297,-0.198 0.755,-0.239 1.001,-0.507 0.285,-0.309 0.407,-0.675 0.243,-1.077 -0.17,-0.418 -0.655,-0.718 -0.999,-0.971 -0.179,-0.129 -0.359,-0.258 -0.538,-0.387 -0.106,-0.072 -0.212,-0.144 -0.318,-0.216 -0.17,-0.202 0.032,-0.535 0.141,-0.721 0.05,-0.086 0.138,-0.266 0.243,-0.306 0.136,-0.052 0.545,0.131 0.676,0.169 0.284,0.082 0.541,0.188 0.773,0.372 0.175,0.139 0.327,0.371 0.52,0.485 0.412,0.243 1.11,-0.266 1.329,-0.625 0.352,0.006 0.946,0.366 1.181,0.522 0.282,0.16 0.514,0.368 0.696,0.626 0.054,0.054 0.078,0.127 0.117,0.19 -0.031,0.037 -0.078,0.075 -0.1,0.112 -0.2,0.346 -0.065,0.675 0.019,1.086 0.141,0.688 0.288,1.858 1.115,2.045 0.923,0.208 2.025,-0.638 2.906,-0.051 1.003,0.667 0.097,2.268 -0.74,2.641 -0.5,0.223 -1.485,0.258 -2.022,0.096 -0.551,-0.165 -0.538,-0.826 -0.96,-1.165 -0.509,-0.408 -1.22,-0.845 -1.877,-0.77 -0.531,0.06 -1.122,0.047 -1.404,0.51 -0.298,0.491 -0.566,0.993 -1.116,1.214 -0.485,0.195 -0.842,0.056 -1.326,-0.073 -0.054,-0.014 -0.114,-0.033 -0.176,-0.052 0.044,-0.094 0.087,-0.189 0.131,-0.284 -0.004,-0.169 -0.011,-0.337 -0.018,-0.505 z m 6.684,-5.647 c -0.016,-0.141 -0.04,-0.283 -0.08,-0.417 0.091,0.093 0.169,0.196 0.218,0.321 -0.036,0.029 -0.093,0.064 -0.138,0.096 z m -1.908,34.316 c -0.502,0.004 -0.852,-0.008 -1.192,-0.416 -0.161,-0.193 -0.303,-0.403 -0.451,-0.607 0.069,-0.054 0.142,-0.099 0.207,-0.16 0.109,-0.104 0.267,-0.247 0.369,-0.405 -0.056,0.076 -0.114,0.151 -0.148,0.239 0.18,0.152 0.359,0.292 0.605,0.285 0.257,-0.007 0.313,0.026 0.473,0.236 0.124,0.163 0.259,0.518 0.457,0.631 0.155,0.09 0.36,0.159 0.525,0.238 0.219,-0.206 0.339,-0.363 0.616,-0.504 0.97,0.769 0.033,2.042 -0.199,2.914 0.182,-0.049 0.543,-0.204 0.823,-0.193 l -0.051,0.013 c 0,0 0.091,0.106 0.24,0.281 -0.198,0.129 -0.381,0.266 -0.541,0.425 -0.064,-0.05 -0.13,-0.097 -0.206,-0.129 -0.392,-0.167 -1.039,-0.022 -1.277,-0.478 -0.281,-0.539 0.914,-2.38 -0.25,-2.37 z m -2.933,-5.541 c -0.739,0.415 -0.544,1.257 -0.358,1.929 0.108,0.389 -0.042,0.649 -0.386,0.838 -0.144,0.079 -0.315,0.126 -0.489,0.163 -0.003,-0.005 -0.007,-0.009 -0.011,-0.014 -0.076,-0.102 -0.139,-0.211 -0.19,-0.327 0.21,-0.187 0.306,-0.5 0.392,-0.76 0.054,-0.165 0.257,-0.891 0.15,-1.092 -0.115,-0.215 -0.617,-0.176 -0.788,-0.174 -0.238,0.002 -0.473,-0.011 -0.671,0.12 -0.321,0.211 -0.494,0.963 -0.976,0.813 -0.274,-0.085 -0.424,-0.188 -0.727,-0.209 -0.251,-0.017 -0.503,-0.006 -0.751,0.033 0.039,-0.073 0.069,-0.15 0.084,-0.233 -0.002,-0.118 -0.001,-0.236 0.001,-0.353 0.136,-0.208 0.291,-0.4 0.465,-0.577 -0.394,-0.095 -0.827,0.064 -1.223,0.125 -0.502,0.076 -0.994,0.173 -1.481,0.316 -0.155,-0.229 -0.07,-0.521 -0.24,-0.762 -0.148,-0.209 -0.401,-0.186 -0.564,-0.342 -0.43,-0.411 0.484,-0.791 0.512,-1.202 0.149,0.068 0.297,0.124 0.444,0.119 0.231,-0.007 0.219,-0.043 0.305,-0.214 0.044,-0.089 0.081,-0.192 0.116,-0.296 0.17,0.152 0.361,0.318 0.607,0.234 0.332,-0.113 0.584,-0.455 0.781,-0.746 -0.081,0.286 -0.029,0.644 0.275,0.747 0.303,0.103 0.585,-0.196 0.837,-0.326 -0.188,0.481 -0.681,1.033 -0.302,1.539 0.227,0.303 1.059,0.363 1.408,0.35 0.32,-0.011 0.627,-0.079 0.93,-0.177 -0.058,-0.438 -0.224,-0.808 -0.139,-1.26 0.062,-0.327 0.337,-0.796 0.74,-0.737 0.025,0.228 -0.005,0.743 0.181,0.909 0.166,0.148 0.41,0.05 0.596,0.029 0.131,-0.007 0.262,-0.014 0.393,-0.021 0.146,10e-4 0.258,0.054 0.334,0.16 0.161,0.074 0.091,0.123 0.269,-0.089 0.181,-0.218 0.367,-0.431 0.56,-0.639 0.078,-0.059 0.156,-0.119 0.234,-0.178 0.154,0.32 0.305,0.679 0.197,1.018 -0.078,0.246 -0.234,0.537 -0.393,0.74 -0.307,0.394 -0.72,0.32 -1.122,0.546 z m -5.845,2.469 c 0.104,0.252 0.313,0.267 0.443,0.459 0.118,0.172 0.053,0.356 0,0.585 -0.106,0.455 -0.289,1.292 -0.764,1.516 -0.489,0.231 -0.66,-0.346 -0.994,-0.579 -0.162,0.253 -0.301,0.524 -0.511,0.742 -0.31,0.322 -0.58,0.248 -0.944,0.105 -0.031,-0.012 -0.057,-0.033 -0.088,-0.047 -0.096,-0.16 -0.183,-0.317 -0.186,-0.452 -0.014,-0.555 0.695,-1.037 1.028,-1.405 -0.02,-0.112 -0.086,-0.189 -0.199,-0.231 0.01,-0.091 0.02,-0.181 0.029,-0.272 0.181,-0.353 0.462,-0.585 0.844,-0.694 0.312,0.041 0.62,0.024 0.923,-0.052 0.125,-0.021 0.264,-0.056 0.405,-0.1 -0.043,0.132 -0.048,0.274 0.014,0.425 z m 8.294,-1.812 c -0.035,0.072 -0.132,0.13 -0.237,0.179 0.032,-0.065 0.06,-0.134 0.094,-0.197 0.029,-0.054 0.077,-0.14 0.127,-0.241 0.04,0.083 0.065,0.159 0.016,0.259 z m -7.379,-3.88 c -0.197,-0.128 -0.394,-0.255 -0.591,-0.383 -0.138,-0.087 -0.415,-0.205 -0.628,-0.353 -0.007,-0.176 0.019,-0.352 0.075,-0.52 0.581,-0.054 1.169,0.409 1.78,0.205 0.595,-0.199 0.439,-0.514 0.444,-0.938 0.413,0.424 0.59,0.926 0.439,1.543 -0.098,0.401 -0.326,0.568 -0.699,0.668 -0.237,0.063 -0.506,0.002 -0.695,0.106 0.033,-0.104 -0.004,-0.213 -0.125,-0.328 z m 3.42,-2.86 c 0.603,0.014 1.186,-0.213 1.703,-0.54 0.025,-0.019 0.045,-0.041 0.069,-0.06 0.077,0.181 0.092,0.391 -0.035,0.715 -0.252,0.64 -0.56,1.358 -0.322,2.068 -0.21,0.222 -0.465,0.399 -0.666,0.242 -0.182,-0.142 -0.076,-0.501 -0.176,-0.682 -0.161,-0.29 -0.386,-0.409 -0.522,-0.754 -0.138,-0.35 -0.121,-0.663 -0.051,-0.989 z m 3.387,7.799 c 0.035,0.016 0.071,0.033 0.104,0.05 0.386,0.203 0.856,0.697 0.702,1.164 -0.128,0.387 -0.514,0.636 -0.773,0.952 0.028,-0.055 0.049,-0.112 0.054,-0.169 0.026,-0.293 -0.173,-0.635 -0.198,-0.935 -0.029,-0.349 0.018,-0.71 0.111,-1.062 z m -0.529,-11.898 c 0.031,-0.131 0.05,-0.266 0.072,-0.4 0.11,0.135 0.18,0.292 0.21,0.483 -0.092,-0.03 -0.187,-0.055 -0.282,-0.083 z m -4.328,15.764 c -0.278,-0.194 -0.392,-0.594 -0.633,-0.82 -0.013,-0.013 -0.025,-0.016 -0.038,-0.026 0.103,-0.182 0.258,-0.33 0.423,-0.431 0.218,0.163 0.741,0.436 0.909,0.672 0.042,0.059 0.054,0.125 0.054,0.191 -0.193,0.148 -0.383,0.299 -0.568,0.456 -0.009,0.005 -0.018,0.007 -0.027,0.011 -0.042,-0.013 -0.082,-0.026 -0.12,-0.053 z m 10.698,8.591 c 0.349,-0.246 0.676,-0.52 1.021,-0.77 -0.149,0.37 -0.306,0.776 -0.568,1.043 -0.186,-0.002 -0.323,-0.152 -0.489,-0.247 0.012,-0.009 0.023,-0.017 0.036,-0.026 z m -1.769,-18 c -0.13,0.182 -0.32,0.31 -0.593,0.352 -0.182,0.028 -0.284,-0.045 -0.335,0.154 -0.075,0.292 0.056,0.547 -0.062,0.858 -0.01,0.026 -0.024,0.044 -0.034,0.068 -0.057,-0.017 -0.114,-0.035 -0.171,-0.052 -0.158,-0.269 -0.223,-0.562 -0.197,-0.879 -0.004,-0.021 -0.008,-0.042 -0.012,-0.063 0.47,-0.251 0.98,-0.446 1.404,-0.438 z m -8.448,-17.637 c 0.086,0.209 0.128,0.415 -0.047,0.658 -0.057,0.079 -0.135,0.137 -0.208,0.201 -0.104,-0.011 -0.205,-0.022 -0.307,-0.034 0.078,-0.149 0.174,-0.291 0.278,-0.439 0.091,-0.132 0.19,-0.257 0.284,-0.386 z m -9.652,-0.596 c 0.032,-0.047 0.048,-0.102 0.086,-0.145 0.041,-0.06 0.081,-0.119 0.122,-0.179 0.138,-0.062 0.44,0.161 0.558,0.215 0.26,0.119 0.484,0.227 0.58,0.458 -0.445,-0.095 -0.894,-0.208 -1.346,-0.349 z m -1.298,-3.636 c -0.182,0.264 -0.415,0.468 -0.7,0.613 -0.29,0.028 -0.535,-0.068 -0.736,-0.288 -0.182,-0.177 -0.397,-0.276 -0.645,-0.296 -0.229,0.128 -0.401,0.312 -0.514,0.554 -0.156,0.242 -0.279,0.473 -0.463,0.652 -0.44,-0.375 -0.877,-0.784 -1.304,-1.26 0.001,-0.002 0,-0.004 0.001,-0.006 0.406,-0.335 0.75,-0.727 1.032,-1.174 0.089,-0.13 0.142,-0.262 0.171,-0.395 0.048,10e-4 0.098,-0.009 0.146,-0.006 0.364,0.02 0.382,0.217 0.307,0.576 -0.032,0.152 -0.168,0.384 -0.157,0.534 0.044,0.627 1.665,-0.227 1.787,-0.308 0.301,-0.201 0.471,-0.46 0.684,-0.745 0.13,-0.174 0.357,-0.644 0.593,-0.594 0.134,0.724 0.262,1.51 -0.202,2.143 z m -2.247,-23.053 c -0.011,0.011 -0.025,0.024 -0.035,0.034 -0.002,-0.001 -0.004,-0.003 -0.007,-0.004 0.014,-0.011 0.028,-0.019 0.042,-0.03 z m -8.79,24.205 c -0.357,0.413 -0.811,0.772 -1.073,1.247 -0.055,0.099 -0.133,0.171 -0.218,0.235 -0.093,-0.321 -0.233,-0.611 -0.44,-0.889 -0.031,-0.042 -0.058,-0.078 -0.087,-0.115 0.075,-0.442 0.299,-0.791 0.688,-1.04 0.262,-0.22 0.553,-0.302 0.874,-0.244 0.131,0.136 0.251,0.282 0.359,0.436 0.107,0.152 0.073,0.275 -0.103,0.37 z m 26.11,36.921 c -0.048,-0.095 -0.097,-0.189 -0.164,-0.275 -0.15,-0.126 -0.245,-0.286 -0.284,-0.48 -0.118,-0.353 -0.172,-0.672 -0.376,-0.938 0.268,0.168 0.552,0.33 0.822,0.448 0.403,-0.416 0.963,-1.588 1.621,-0.979 0.239,0.221 0.129,0.52 0.042,0.818 -0.126,-0.02 -0.253,-0.028 -0.385,-0.003 -0.356,0.068 -0.646,0.626 -0.826,0.9 -0.129,0.195 -0.277,0.365 -0.45,0.509 z m 8.602,-6.625 c -0.163,0.488 -0.423,0.931 -0.7,1.362 -0.236,0.366 -0.463,0.787 -0.736,1.125 -0.126,0.156 -0.289,0.388 -0.524,0.295 -0.229,-0.09 -0.418,-0.405 -0.466,-0.633 -0.059,-0.277 0.027,-0.492 0.181,-0.715 0.235,-0.206 0.467,-0.414 0.697,-0.626 0.189,-0.144 0.349,-0.316 0.478,-0.516 0.212,-0.275 0.4,-0.556 0.385,-0.913 -0.006,-0.131 -0.028,-0.259 -0.077,-0.371 0.144,-0.011 0.286,0.007 0.422,0.077 0.155,0.079 0.319,0.187 0.476,0.302 -0.031,0.21 -0.071,0.418 -0.136,0.613 z m -10.623,-26.155 c 0.261,-0.687 0.699,-1.287 1.559,-1.784 0.675,-0.489 1.392,-0.63 2.154,-0.422 0.213,0.253 0.321,0.546 0.326,0.879 0.156,0.586 0.525,1.02 0.843,1.483 -1.566,0.004 -3.271,-0.05 -4.882,-0.156 z m 8.972,-12.307 c 0.043,0.439 0.09,1.115 -0.308,1.444 -0.354,0.293 -0.727,0.19 -0.958,-0.123 -0.129,-0.176 -0.191,-0.558 -0.303,-0.768 -0.312,-0.581 -0.736,-1.3 -1.251,-1.739 -0.287,0.469 0.412,1.309 0.45,1.769 0.06,0.727 -0.51,1.018 -1.179,1.109 -0.691,0.094 -0.961,-0.281 -1.332,-0.751 -0.331,-0.419 -0.692,-0.603 -1.098,-0.623 -0.045,-0.144 -0.089,-0.289 -0.121,-0.438 -0.026,-0.199 -0.07,-0.394 -0.13,-0.585 -0.169,-0.318 -0.518,-0.275 -0.81,-0.187 -0.166,0.051 -0.364,0.189 -0.532,0.118 -0.075,-0.088 -0.139,-0.184 -0.191,-0.287 -0.122,-0.22 -0.253,-0.435 -0.393,-0.644 -0.128,-0.186 -0.227,-0.447 -0.46,-0.519 -0.254,-0.079 -0.602,0.02 -0.82,0.144 -0.38,0.217 -0.323,0.551 -0.285,0.936 -0.005,0.156 0.024,0.304 0.088,0.443 0.04,0.012 0.075,0.032 0.105,0.06 0.03,0.147 -0.097,0.336 -0.171,0.445 -0.136,0.201 -0.326,0.381 -0.519,0.527 -0.164,0.125 -0.322,0.212 -0.329,0.447 -0.01,0.354 0.219,1.312 -0.226,1.432 -0.287,0.007 -0.567,-0.036 -0.841,-0.127 -0.275,-0.055 -0.516,-0.175 -0.722,-0.359 -0.188,-0.304 0.098,-0.634 0.208,-0.906 -0.172,-0.184 -0.716,-0.018 -0.863,0.031 -0.324,0.108 -0.607,0.244 -0.84,0.501 -0.297,0.327 -0.337,0.93 0.088,1.184 -0.343,0.362 -1.074,-0.525 -1.213,-0.704 -0.178,-0.229 -0.394,-0.478 -0.41,-0.783 -0.014,-0.258 0.126,-0.357 0.166,-0.582 0.034,-0.192 -0.055,-0.466 0.162,-0.585 0.139,-0.076 0.463,-0.036 0.583,-0.052 0.238,-0.033 0.529,-0.073 0.709,-0.246 0.355,-0.339 -0.037,-0.801 0.067,-1.223 0.109,-0.444 0.904,-0.395 1.261,-0.6 0.591,-0.339 0.274,-0.917 -0.256,-1.084 -0.331,-0.104 -0.786,0.047 -1.033,0.275 -0.125,0.116 -0.345,0.313 -0.317,0.501 -0.086,-0.194 -0.479,-0.232 -0.657,-0.249 -0.898,-0.086 -1.43,0.503 -1.966,1.125 -0.166,0.193 -0.368,0.393 -0.493,0.618 -0.041,0.073 -0.062,0.15 -0.122,0.199 -0.333,0.28 -0.611,0.025 -0.73,-0.305 -0.187,-0.518 0.029,-0.923 0.472,-1.205 0.283,-0.18 0.863,-0.33 0.73,-0.76 -0.113,-0.367 -0.674,-0.706 -1.02,-0.794 -0.539,-0.137 -0.418,0.514 -0.362,0.861 0.06,0.368 -0.018,0.552 -0.236,0.855 -0.263,0.364 -0.5,0.747 -0.762,1.11 -0.149,0.207 -0.226,0.162 -0.46,0.206 -0.349,0.066 -0.603,0.306 -0.882,0.506 -0.331,0.238 -0.82,0.48 -1.211,0.189 -0.228,-0.17 -0.341,-0.481 -0.427,-0.738 -0.041,-0.121 -0.067,-0.482 -0.175,-0.571 -0.016,-0.013 -0.034,-0.008 -0.051,-0.016 -0.018,-0.248 -0.056,-0.495 -0.073,-0.757 -0.017,-0.256 0.086,-0.784 -0.316,-0.815 -0.023,0.021 -0.052,0.049 -0.133,0.142 0.003,-0.032 0.017,-0.07 0.019,-0.098 0.026,-0.662 0.092,-1.158 0.519,-1.74 0.369,-0.502 0.881,-0.192 1.337,-0.043 0.417,0.136 0.719,-0.67 0.802,-0.969 0.065,-0.233 0.041,-0.505 0.15,-0.725 0.117,-0.236 0.372,-0.338 0.6,-0.432 0.257,-0.105 0.466,-0.178 0.664,0.063 0.144,0.175 0.286,0.442 0.305,0.664 0.037,0.421 -0.356,1.059 0.345,0.93 0.683,-0.126 1.534,-0.797 1.748,-1.468 0.145,-0.453 0.089,-0.951 -0.3,-1.269 -0.223,-0.182 -0.304,-0.274 -0.29,-0.59 0.007,-0.142 0.076,-0.34 -0.03,-0.454 -0.215,-0.23 -0.553,0.096 -0.771,0.143 -0.376,0.082 -0.816,0.042 -0.86,-0.39 -0.031,-0.311 0.14,-0.867 -0.311,-0.911 -0.404,-0.039 -0.643,0.087 -0.783,-0.377 -0.108,-0.359 -0.083,-0.769 -0.049,-1.135 0.016,-0.171 0.083,-0.364 0.036,-0.531 -0.535,0.016 -1.047,0.571 -1.294,0.995 -0.263,0.451 -0.182,0.567 -0.027,1.017 0.054,0.158 0.25,0.502 0.222,0.66 -0.068,0.38 -0.719,0.432 -0.919,0.709 0.056,0.197 0.269,0.303 0.365,0.475 0.13,0.23 0.064,0.308 -0.087,0.567 -0.197,0.337 -0.46,0.659 -0.766,0.9 -0.272,0.215 -0.549,0.386 -0.771,0.659 0.108,0.053 0.216,-0.052 0.335,-0.074 0.304,0.302 -0.113,0.847 -0.334,1.057 -0.382,0.364 -1.243,0.524 -1.743,0.375 -0.48,-0.142 -0.331,-0.48 -0.453,-0.88 -0.075,-0.245 -0.109,-0.243 -0.37,-0.29 -0.102,-0.019 -0.107,0.025 -0.179,-0.048 -0.165,-0.167 -0.117,-0.612 -0.095,-0.809 0.062,-0.552 0.274,-1.085 0.506,-1.588 0.126,-0.273 0.172,-0.455 0.101,-0.764 -0.043,-0.185 -0.203,-0.424 -0.196,-0.617 0.008,-0.196 0.291,-0.604 0.501,-0.623 0.388,-0.036 0.391,0.669 0.45,0.928 0.083,0.367 0.286,0.285 0.533,0.078 0.362,-0.303 0.534,-0.88 0.402,-1.331 -0.059,-0.201 -0.111,-0.316 -0.323,-0.385 -0.076,-0.025 -0.189,0.005 -0.26,-0.028 -0.172,-0.08 -0.144,-0.131 -0.105,-0.324 0.098,-0.484 -0.059,-0.801 -0.326,-1.063 0.098,-0.363 0.117,-0.725 0.056,-1.087 0.114,-0.019 0.214,-0.025 0.277,-0.018 0.274,0.031 0.525,0.153 0.794,0.026 0.278,-0.131 0.411,-0.412 0.564,-0.671 0.32,-0.542 0.606,-1.362 0.276,-1.958 -0.085,-0.153 -0.191,-0.233 -0.304,-0.278 0.007,-0.019 0.023,-0.022 0.028,-0.044 0.043,-0.092 0.097,-0.178 0.144,-0.268 2.359,0.507 4.625,0.966 6.59,1.448 -0.132,0.107 -0.261,0.219 -0.398,0.32 -0.13,0.219 -0.002,0.436 -0.018,0.67 -0.029,0.423 -0.328,1.052 -0.555,1.406 -0.308,0.48 -0.859,0.751 -1.182,1.226 -0.273,0.401 -0.242,0.609 -0.142,1.145 0.112,0.593 0.202,1.282 0.867,1.387 0.298,0.048 0.754,-0.021 1.03,-0.165 0.432,-0.226 0.539,-0.647 0.856,-1 0.505,-0.564 1.294,-0.633 1.974,-0.35 0.316,0.132 0.8,0.431 0.811,0.837 0.01,0.359 -0.291,0.439 -0.427,0.696 -0.146,0.277 -0.28,0.593 -0.431,0.883 -0.23,0.442 -0.528,0.959 -0.734,1.406 -0.198,0.428 -0.055,0.473 0.092,0.932 0.16,0.501 0.172,0.769 0.407,1.235 0.7,0.068 1.445,0.229 2.132,0.031 -0.029,-0.328 -0.189,-0.596 -0.48,-0.804 -0.285,-0.562 -0.21,-1.044 0.226,-1.446 0.4,-0.741 1.007,-1.288 1.819,-1.641 0.892,-0.151 1.401,-0.605 1.525,-1.364 -0.816,-0.458 -1.415,-1.119 -1.798,-1.983 -0.007,-0.533 0.127,-0.928 0.383,-1.203 1.523,0.902 2.908,2.044 4.166,3.316 -0.017,0.248 -0.136,0.435 -0.38,0.549 -0.497,0.193 -0.938,0.477 -1.322,0.852 -0.391,0.426 -0.491,0.671 -0.528,1.23 -0.05,0.736 0.052,1.247 0.622,1.797 0.291,0.281 0.963,1.018 1.363,0.974 0.535,-1.252 1.045,-2.531 1.877,-3.604 0.484,0.576 0.946,1.164 1.388,1.758 -0.094,0.321 -0.205,0.628 -0.403,0.865 -0.469,0.56 -1.768,0.952 -1.637,1.842 0.078,0.531 1.231,0.671 1.671,0.731 1.04,0.143 0.834,-0.092 1.315,-0.847 0.124,-0.195 0.283,-0.402 0.455,-0.603 0.52,0.775 1.009,1.542 1.465,2.279 0.103,0.167 0.198,0.352 0.295,0.531 -0.247,0.478 -0.181,1.128 -0.129,1.646 z m 3.607,-7.479 c 0.083,0.02 0.165,0.03 0.247,0.063 -0.033,0.053 -0.074,0.104 -0.113,0.155 -0.045,-0.072 -0.09,-0.147 -0.134,-0.218 z m -3.42,-26.732 c -0.038,-0.064 -0.068,-0.132 -0.123,-0.19 0.038,-0.085 0.096,-0.142 0.165,-0.184 0.002,0.123 -0.012,0.248 -0.042,0.374 z m 19.707,-14.027 c 0.128,-0.051 0.258,-0.072 0.389,-0.086 0.039,0.514 0.518,1.029 0.682,1.487 0.115,0.321 0.204,0.612 0.188,0.905 -0.133,-0.168 -0.258,-0.342 -0.414,-0.49 -0.275,-0.26 -0.584,-0.4 -0.903,-0.606 -0.411,-0.265 -0.645,-0.503 -0.798,-0.829 0.238,0.223 0.494,0.428 0.824,0.577 0.31,-0.248 -0.49,-0.749 0.032,-0.958 z m 34.169,-43.165 c -0.934,-1.425 1.472,-1.518 2.231,-1.568 0.595,-0.04 1.991,-0.073 1.997,0.773 0.004,0.553 -0.629,1.228 -0.93,1.647 -0.339,0.471 -0.195,0.527 0.308,0.756 0.3,0.136 0.72,0.223 0.914,0.517 -0.323,0.329 -0.915,0.466 -1.298,0.735 -0.363,0.254 -0.756,0.655 -1.006,1.034 0.276,0.214 0.81,0.366 0.967,0.708 0.103,0.225 -0.165,0.349 -0.316,0.549 -0.107,0.141 -0.304,0.366 -0.304,0.554 0,0.217 0.234,0.323 0.413,0.437 0.26,0.166 0.5,0.325 0.794,0.418 0.287,0.09 0.542,0.188 0.766,0.326 -0.457,0.039 -0.745,-0.097 -1.182,-0.264 -0.274,-0.105 -0.673,-0.37 -0.96,-0.244 -0.076,0.033 -0.161,0.14 -0.253,0.267 -0.211,-0.124 -0.459,-0.151 -0.738,-0.003 -0.1,0.053 -0.187,0.143 -0.27,0.242 -0.023,-0.113 -0.035,-0.231 -0.1,-0.346 -0.198,-0.348 -0.915,-0.672 -1.27,-0.778 -0.161,-0.048 -0.432,-0.012 -0.655,-0.025 -0.138,-0.632 0.313,-1.202 0.275,-1.837 -0.305,0.048 -0.546,0.229 -0.864,0.351 -0.52,0.199 -1.441,-0.127 -1.482,-0.791 -0.016,-0.253 0.232,-0.635 0.314,-0.873 0.166,-0.484 0.368,-1.119 0.844,-1.39 0.405,-0.23 0.854,-0.134 1.246,0.048 0.23,0.107 0.651,0.236 0.903,0.122 0.186,-0.084 0.46,-0.5 0.391,-0.693 -0.094,-0.264 -0.576,-0.43 -0.735,-0.672 z m 12.778,-14.193 c -0.001,0.398 -0.152,0.737 -0.457,1.015 -0.139,0.332 -0.384,0.512 -0.736,0.541 -0.291,0.111 -0.59,0.191 -0.898,0.242 0.169,0.5 0.506,0.869 1.012,1.106 0.489,0.348 1.016,0.459 1.58,0.334 0.13,-0.057 0.261,-0.077 0.393,-0.084 0.115,0.393 0.235,0.794 0.358,1.2 -0.24,-0.15 -0.354,-0.432 -0.627,-0.563 -0.538,-0.261 -1.808,-0.364 -2.373,-0.117 -0.272,0.119 -0.49,0.305 -0.69,0.512 -0.149,-0.182 -0.332,-0.334 -0.558,-0.448 -0.44,-0.414 -0.982,-0.574 -1.624,-0.479 -0.202,-0.005 -0.405,-0.009 -0.607,-0.014 0.079,-0.139 0.152,-0.274 0.212,-0.401 0.304,-0.648 0.149,-0.849 -0.52,-1.169 -0.387,-0.167 -0.792,-0.246 -1.206,-0.28 0.023,-0.033 0.047,-0.066 0.07,-0.099 0.357,-0.145 0.715,-0.285 1.076,-0.419 0.009,-0.284 -0.069,-0.54 -0.235,-0.767 -0.15,-0.256 -0.271,-0.525 -0.364,-0.807 0.096,-0.08 0.193,-0.16 0.289,-0.24 0.188,-0.068 0.375,-0.136 0.563,-0.204 0.33,-0.168 0.515,-0.681 0.876,-0.715 0.316,-0.03 0.541,0.206 0.725,0.443 0.207,0.265 0.618,1.059 1.022,1.024 0.182,-0.079 0.363,-0.158 0.545,-0.237 0.221,-0.166 0.442,-0.332 0.663,-0.498 0.371,-0.206 0.795,-0.372 1.16,-0.051 0.033,0.082 0.066,0.165 0.099,0.247 0.08,0.295 0.163,0.603 0.252,0.928 z m 30.267,-14.857 c 0.015,-0.074 0.03,-0.148 0.044,-0.222 0.112,-0.064 0.196,-0.183 0.278,-0.276 0.137,-0.155 0.281,-0.32 0.474,-0.244 v 0 c -0.121,0.269 0.127,0.503 0.094,0.826 -0.03,0.295 -0.36,0.45 -0.571,0.547 -0.129,0.06 -0.234,0.117 -0.331,0.178 -0.172,-0.251 -0.075,-0.444 0.012,-0.809 z m 13.658,63.684 c 0.931,0.061 1.444,0.501 0.981,1.357 -0.132,0.244 -0.325,0.477 -0.534,0.704 -0.076,-0.022 -0.159,-0.05 -0.252,-0.085 -0.41,-0.153 -0.728,-0.321 -1.073,-0.584 -0.387,-0.294 -0.732,-0.629 -1.262,-0.561 -0.02,0.003 -0.045,0.014 -0.067,0.018 0.262,-0.816 1.51,-0.895 2.207,-0.849 z m 22.49,-28.668 c 0.084,-0.11 0.167,-0.219 0.247,-0.327 -0.015,0.162 -0.048,0.329 -0.156,0.37 -0.031,-0.014 -0.06,-0.03 -0.091,-0.043 z m -11.209,56.439 c 0.158,0.172 0.11,0.585 0.155,0.783 0.04,0.178 0.099,0.325 0.227,0.457 0.241,0.246 0.514,0.498 0.867,0.498 0.327,-0.001 1.397,-0.55 1.295,0.155 -0.037,0.256 -0.128,0.525 -0.263,0.749 -0.161,0.266 -0.345,0.36 -0.616,0.499 0.03,0.023 -0.128,-0.173 -0.269,-0.213 0.029,0.182 0.099,0.334 0.1,0.526 10e-4,0.199 -0.033,0.398 -0.042,0.597 -0.138,-0.033 -0.24,-0.122 -0.384,-0.156 -0.165,-0.039 -0.345,-0.026 -0.514,-0.023 -0.305,0.006 -0.646,-0.009 -0.948,-0.048 -0.367,-0.048 -0.164,-0.42 -0.247,-0.69 -0.074,-0.241 -0.31,-0.18 -0.449,-0.362 -0.22,-0.288 0.001,-0.566 0.197,-0.838 0.464,-0.483 0.571,-1.191 0.716,-1.874 0.057,-0.022 0.105,-0.051 0.175,-0.06 z M 271.001,204.44 c 0.331,-0.073 0.559,0.221 0.716,0.461 0.133,0.202 0.315,0.554 0.365,0.868 0.088,0.055 0.181,0.138 0.27,0.261 0.115,0.16 0.257,0.503 0.076,0.683 -0.129,0.128 -0.287,0.023 -0.445,0.002 -0.27,-0.035 -0.239,0.18 -0.306,0.415 -0.042,0.149 -0.175,0.851 -0.473,0.71 -0.187,-0.089 -0.094,-0.262 -0.342,-0.249 -0.307,0.016 -0.426,0.391 -0.752,0.322 -0.407,-0.086 -0.308,-0.63 -0.328,-0.932 -0.019,-0.284 -0.007,-0.643 -0.339,-0.682 -0.337,-0.04 -0.628,0.089 -0.976,-0.014 -0.323,-0.096 -0.707,-0.318 -0.796,-0.669 -0.051,-0.202 0.004,-0.388 0.062,-0.588 0.052,-0.178 0.181,-0.674 0.391,-0.743 0.113,-0.037 0.115,0.007 0.207,0.064 0.261,0.166 0.474,0.443 0.71,0.644 0.484,0.413 0.87,0.327 1.339,-0.073 0.17,-0.144 0.388,-0.428 0.621,-0.48 z m 4.233,25.311 c -0.12,0.114 -0.265,0.164 -0.435,0.149 -0.267,-0.18 -0.489,-0.406 -0.667,-0.678 -0.248,-0.264 -0.625,-0.62 -1.026,-0.635 -0.341,-0.012 -0.578,0.461 -0.8,0.671 -0.02,0.019 -0.046,0.033 -0.066,0.051 -0.171,-0.899 -0.117,-1.81 0.769,-1.874 1.064,-0.077 0.927,1.455 1.858,1.644 0.201,-0.015 0.394,-0.066 0.582,-0.139 0.103,0.297 0.075,0.611 -0.215,0.811 z m -9.771,6.038 c -0.012,0.27 -0.13,0.499 -0.259,0.726 -0.041,-0.018 -0.111,-0.071 -0.142,-0.081 -0.399,-0.136 -0.745,0.133 -1.085,0.4 -0.121,-0.252 -0.233,-0.504 -0.361,-0.756 -0.239,-0.473 -0.494,-0.945 -0.763,-1.416 0.203,-0.852 0.361,-1.694 0.497,-2.529 0.218,0.144 0.431,0.297 0.619,0.472 0.632,0.587 0.937,-0.663 1.503,-0.669 0.394,0.534 0.691,1.142 0.763,1.807 -0.489,0.343 -1.419,0.519 -1.659,1.114 -0.238,0.595 0.411,0.784 0.887,0.932 z m -13.33,-14.275 c 0.071,-0.193 0.172,-0.373 0.342,-0.522 0.794,-0.699 1.903,0.212 2.257,1.058 -0.399,0.267 -0.743,0.612 -1.093,0.936 -0.531,-0.534 -1.043,-1.036 -1.506,-1.472 z M 229.7,215.668 c 0.086,0.215 0.339,0.373 0.436,0.61 0.104,0.253 0.23,0.711 0.265,0.999 0.106,0.865 -0.556,2.043 -1.095,2.662 -0.627,0.721 -1.501,0.659 -2.336,1.029 -0.531,0.235 -0.637,0.65 -0.83,1.091 -0.313,-0.122 -0.668,-0.093 -1.001,-0.003 -0.408,0.11 -0.713,0.438 -1.018,0.725 -1.596,-2.57 -2.879,-4.666 -3.347,-5.574 -0.438,-0.85 -0.807,-2.78 -1.122,-5.204 0.059,-0.026 0.12,-0.038 0.181,-0.024 0.219,0.05 0.734,0.623 0.931,0.77 0.502,0.374 0.777,0.613 1.402,0.775 0.375,0.097 1.18,0.392 1.586,0.212 0.399,-0.177 0.452,-0.788 0.853,-1.044 0.321,-0.204 0.7,-0.306 0.993,-0.104 0.187,0.129 0.425,0.61 0.448,0.852 0.082,0.836 -1.038,0.873 -1.341,1.457 -0.07,0.135 -0.075,0.527 -0.104,0.703 -0.09,0.544 -0.398,1.337 -0.231,1.868 1.066,0.528 2.576,-0.593 2.579,-1.72 10e-4,-0.463 -0.578,-1.21 -0.166,-1.667 0.272,-0.302 1.108,0.204 1.442,0.232 0.309,-0.46 0.09,-1.65 0.842,-1.752 0.223,-0.03 0.757,0.416 0.978,0.528 0.28,0.143 0.647,0.222 0.642,0.573 -0.011,0.746 -1.233,1.397 -0.987,2.006 z m -22.428,-1.011 c 0.014,10e-4 0.025,0.01 0.039,0.01 0.649,0.001 0.953,-0.505 1.409,-0.852 0.043,0.202 0.217,0.358 0.29,0.548 0.248,0.646 -0.121,1.205 -0.592,1.592 -0.296,0.243 -0.678,0.647 -1.098,0.524 0.323,-0.729 0.378,-1.152 -0.048,-1.822 z m 22.016,-11.027 c 0.038,0.142 0.029,0.322 0.017,0.456 -0.013,0.157 -0.055,0.28 -0.106,0.398 -0.467,-0.16 -1.254,-0.418 -1.595,-0.293 -0.566,0.208 -0.642,1.359 -0.573,1.827 0.089,0.615 0.242,0.908 -0.24,1.371 -0.354,0.34 -1.171,0.639 -0.863,1.21 0.214,0.397 0.424,0.289 0.761,0.143 0.609,-0.264 1.35,-0.442 2.003,-0.26 -0.029,0.099 -0.071,0.195 -0.143,0.278 -0.167,0.191 -0.612,0.286 -0.838,0.398 -0.459,0.226 -1.05,0.535 -1.578,0.391 -0.449,-0.122 -0.7,-0.507 -0.851,-0.912 -0.088,-0.238 -0.296,-0.626 -0.555,-0.723 -0.191,-0.071 -0.679,0.031 -0.766,0.216 -0.119,0.252 0.106,0.71 0.048,0.993 -0.342,1.669 -2.114,0.039 -2.688,-0.46 -0.45,-0.391 -1.464,-1.351 -0.872,-1.955 0.387,-0.395 1.312,-0.428 1.821,-0.513 0.572,-0.095 0.51,-0.236 0.314,-0.754 -0.117,-0.308 -0.354,-0.666 -0.284,-1.011 0.461,-0.006 0.977,0.314 1.439,0.393 0.436,0.075 0.998,0.068 1.443,-0.024 -0.036,-0.275 -0.207,-0.636 -0.213,-0.95 0.173,-0.026 0.351,-0.057 0.492,-0.107 0.203,-0.072 0.366,-0.214 0.526,-0.361 0.089,-0.025 0.172,-0.058 0.226,-0.112 0.042,-0.042 0.063,-0.092 0.074,-0.145 0.117,-0.092 0.241,-0.175 0.387,-0.219 0.144,-0.044 0.313,-0.057 0.485,-0.057 0.051,0.261 0.213,0.475 0.538,0.573 0.328,0.099 0.788,-0.082 1.129,-0.065 0.018,0.001 0.032,0.001 0.049,0.002 0.141,0.085 0.279,0.176 0.413,0.272 z m -23.72,37.339 c 0.045,0.123 0.094,0.251 0.149,0.381 -0.083,-0.066 -0.166,-0.131 -0.249,-0.198 0.031,-0.063 0.068,-0.121 0.1,-0.183 z m 10.515,-7.924 c 0.023,-0.025 0.049,-0.051 0.075,-0.078 0.314,0.202 0.631,0.441 0.949,0.718 -0.403,0.251 -0.921,0.523 -1.362,0.342 -0.041,-0.334 0.024,-0.638 0.338,-0.982 z m 5.891,7.167 c 0.154,0.275 0.305,0.551 0.453,0.827 -0.38,0.105 -1.359,0.519 -1.498,0.099 0.291,-0.354 0.646,-0.686 1.045,-0.926 z m 0.581,1.066 c 0.074,0.141 0.145,0.281 0.216,0.421 -0.097,-0.008 -0.193,-0.019 -0.273,-0.056 -0.026,-0.107 0.028,-0.241 0.057,-0.365 z m -14.735,0.57 c -0.118,0.185 -0.308,0.32 -0.518,0.439 0.023,-0.06 0.045,-0.119 0.075,-0.199 0.079,-0.213 0.209,-0.509 0.25,-0.737 0.068,-0.376 -0.104,-0.749 -0.137,-1.126 0.347,0.392 0.605,1.189 0.33,1.623 z m -6.542,4.967 c 0.369,-0.661 0.698,-1.484 1.221,-2.053 0.001,-0.001 0.003,-0.002 0.004,-0.003 0.582,0.54 1.177,1.064 1.804,1.562 -0.116,0.04 -0.247,0.048 -0.394,0.019 -0.474,-0.02 -0.942,0.02 -1.404,0.12 -0.097,0.046 -0.194,0.091 -0.291,0.136 -0.04,0.284 -0.035,0.57 0.015,0.855 0,0.032 0.007,0.063 0.008,0.095 -0.652,0.165 -1.248,0.225 -1.279,-0.152 -0.011,-0.126 0.274,-0.504 0.316,-0.579 z m 11.389,-1.758 c 0.32,-0.376 0.365,-0.871 0.696,-1.231 0.311,-0.339 0.731,-0.493 1.159,-0.643 0.278,-0.113 0.564,-0.197 0.859,-0.253 0.335,-0.164 0.662,-0.141 0.982,0.068 0.137,0.731 0.25,1.503 -0.623,1.728 -0.547,0.141 -1.201,0.023 -1.668,0.348 0.01,0.295 0.15,0.52 0.42,0.676 0.306,0.138 0.509,0.363 0.608,0.672 -0.171,0.331 -0.394,0.623 -0.669,0.878 -0.033,0.036 -0.047,0.079 -0.077,0.116 -0.052,0.022 -0.104,0.044 -0.148,0.069 -0.077,0.044 -0.125,0.096 -0.17,0.148 -0.713,-0.583 -1.495,-1.178 -2.339,-1.801 0.337,-0.243 0.692,-0.449 0.97,-0.775 z m -5.5,-37.998 c 0.159,0.454 0.725,1.163 1.24,1.541 0.115,1.178 0.251,2.302 0.404,3.349 -0.424,-0.303 -0.881,-0.675 -1.349,-0.611 -0.635,0.088 -0.477,0.745 -0.369,1.232 -0.24,0.124 -0.498,0.135 -0.759,0.136 -0.005,-0.045 0.007,-0.132 0,-0.164 -0.126,-0.648 -1.046,-0.689 -1.504,-1.058 -0.458,-0.369 -1.02,-0.838 -1.095,-1.458 0.08,-0.592 0.243,-1.161 0.489,-1.707 0.091,-0.273 0.182,-0.546 0.273,-0.818 0.17,-0.539 0.26,-0.89 0.167,-1.424 0.252,-0.096 0.559,-0.032 0.812,0.019 0.541,0.11 1.056,0.315 1.595,0.436 0.02,0.004 0.046,0.005 0.067,0.009 -0.011,0.17 -0.032,0.343 0.029,0.518 z m -7.064,-0.322 c 0.072,0.132 0.107,0.307 0.126,0.495 -0.118,-0.052 -0.237,-0.099 -0.355,-0.16 -0.041,-0.021 -0.068,-0.04 -0.105,-0.061 0.117,-0.077 0.23,-0.163 0.334,-0.274 z m 4.028,5.372 c 0.191,0.056 0.376,0.141 0.496,0.216 0.225,0.14 0.342,0.346 0.433,0.57 -0.25,0.152 -0.514,0.269 -0.843,0.328 -0.165,-0.412 -0.131,-0.714 -0.086,-1.114 z m 19.719,37.258 c 0.176,-0.065 0.322,-0.061 0.43,0.031 -0.138,-0.016 -0.281,-0.027 -0.43,-0.031 z m 8.468,-16.24 c -0.036,-0.007 -0.072,-0.014 -0.108,-0.011 -0.324,-0.065 -0.6,-0.222 -0.813,-0.504 0.057,-0.132 0.098,-0.303 0.117,-0.478 0.133,0.156 0.274,0.307 0.435,0.443 0.346,0.126 0.466,0.311 0.369,0.55 z m 27.06,-49.858 c -0.184,0.38 -0.401,1.196 -0.962,1.052 -0.396,-0.79 -1.6,-2.816 -0.253,-3.33 0.315,-0.12 0.603,-0.176 0.917,-0.317 0.307,-0.138 0.586,-0.145 0.925,-0.159 0.235,-0.01 0.655,-0.003 1.089,-0.043 -0.095,0.104 -0.213,0.196 -0.371,0.27 -0.482,0.224 -1.214,0.461 -1.458,0.991 -0.257,0.245 -0.233,0.508 0.074,0.789 0.194,0.14 0.389,0.281 0.583,0.421 0.433,0.273 0.92,0.27 0.887,0.825 -0.02,0.341 -0.184,0.743 -0.248,1.083 -0.069,0.362 -0.137,0.707 -0.189,1.049 -0.107,0.059 -0.208,0.124 -0.332,0.162 -0.259,0.078 -0.903,0.169 -0.906,-0.252 0.409,-0.382 0.871,-0.287 0.835,-0.958 -0.03,-0.543 -0.244,-1.16 -0.591,-1.583 z m -5.964,28.027 c 0.437,0.151 0.619,0.418 0.544,0.801 -0.438,0.23 -0.897,0.394 -1.379,0.495 -0.393,0.208 -0.784,0.201 -1.173,-0.022 -0.051,-0.511 0,-1.009 0.152,-1.494 0.046,-0.352 0.156,-0.683 0.328,-0.993 0.109,-0.552 -0.361,-1.386 -0.619,-1.798 -0.125,-0.186 -0.249,-0.372 -0.374,-0.558 -0.151,-0.338 -0.35,-0.645 -0.596,-0.921 -0.2,-0.117 -0.399,-0.234 -0.598,-0.351 -0.384,-0.262 -0.738,-0.25 -1.063,0.036 -0.05,0.513 0.063,0.981 0.339,1.402 0.142,0.354 0.328,0.684 0.559,0.988 -0.108,0.204 -0.248,0.394 -0.389,0.583 -0.488,-0.111 -0.995,-0.132 -1.49,-0.342 -0.567,-0.241 -1.27,-0.642 -1.615,-1.218 -0.055,-0.178 -0.045,-0.368 0.043,-0.623 0.142,-0.445 0.32,-0.876 0.533,-1.293 -0.02,-0.273 -0.039,-0.546 -0.059,-0.819 -0.249,-0.202 -0.498,-0.405 -0.746,-0.607 -0.28,-0.156 -0.56,-0.313 -0.841,-0.469 -0.01,-0.01 -0.016,-0.022 -0.026,-0.032 -0.071,-0.262 -0.233,-0.497 -0.423,-0.668 -0.083,-0.236 -0.117,-0.488 -0.094,-0.758 -0.152,-0.579 -0.033,-1.115 0.359,-1.606 0.756,-0.206 1.337,0.052 1.742,0.775 0.18,0.326 0.36,0.652 0.541,0.978 0.119,0.444 0.394,0.669 0.826,0.675 0.162,-0.067 0.309,-0.059 0.44,0.021 0.1,0.038 0.171,0.11 0.214,0.217 0.206,0.089 0.401,0.075 0.584,-0.042 0.173,-0.068 0.842,-0.394 0.477,-0.62 0.158,0.005 0.314,0.031 0.466,0.079 0.222,0.056 0.357,-0.015 0.405,-0.215 0.51,-0.597 -0.25,-1.427 -0.386,-0.449 -0.157,-0.705 0.371,-1.778 0.914,-2.17 0.408,-0.433 0.792,-0.501 1.154,-0.206 0.304,0.085 0.434,0.301 0.39,0.65 -0.013,0.546 -0.269,1.03 0.594,1.1 0.268,-0.031 0.536,-0.061 0.804,-0.091 0.221,-0.301 0.494,-0.419 0.821,-0.352 0.213,0.318 0.226,0.625 0.04,0.921 -0.065,0.395 -0.332,0.587 -0.8,0.579 -0.354,0.109 -1.541,0.279 -1.124,1.032 0.297,0.536 1.325,1.114 1.915,0.988 0.139,-0.046 0.278,-0.093 0.416,-0.139 0.293,0.075 0.405,0.28 0.336,0.617 -0.152,0.126 -0.303,0.251 -0.455,0.377 -0.311,0.056 -0.621,0.111 -0.931,0.167 -0.22,0.089 -0.439,0.178 -0.658,0.267 -0.124,0.197 -0.226,0.404 -0.306,0.621 -0.415,1.02 0.981,1.286 1.656,1.595 -0.218,0.334 -0.528,0.56 -0.932,0.678 -0.549,0.205 -0.837,0.565 -0.866,1.081 -0.198,0.43 -0.08,0.808 0.351,1.133 z m -5.618,5.298 c -0.27,-0.289 -0.507,-0.579 -0.19,-0.978 0.241,-0.303 0.755,-0.342 1.208,-0.358 0.006,0.004 0.011,0.009 0.017,0.013 0.644,0.252 0.883,0.665 0.718,1.238 -0.565,0.339 -1.149,0.361 -1.753,0.085 z m 1.13,-27.247 c 0.031,0.238 0.211,0.951 0.018,1.133 -0.113,0.107 -0.131,0.086 -0.276,0.033 -0.087,-0.032 -0.167,-0.067 -0.243,-0.1 0.181,-0.358 0.347,-0.719 0.497,-1.084 0,0.006 0.003,0.012 0.004,0.018 z m -1.202,-18.83 c -0.062,-0.029 -0.13,-0.038 -0.196,-0.054 0.088,-0.012 0.176,-0.02 0.264,-0.031 0.009,0.053 0.035,0.108 0.059,0.163 -0.042,-0.026 -0.087,-0.06 -0.127,-0.078 z m -0.91,-9.019 c 0.016,-0.096 0.061,-0.176 0.095,-0.263 0.056,0.134 0.118,0.271 0.18,0.41 -0.11,-0.03 -0.207,-0.071 -0.275,-0.147 z m -0.571,-3.548 c -0.435,0.621 -1.547,1.455 -1.569,2.345 -0.001,0.055 0.012,0.096 0.019,0.142 0,0.083 0.002,0.166 -0.005,0.243 -0.366,0.161 -0.931,0.084 -1.323,0.113 -0.158,0.011 -0.304,0.018 -0.439,0.012 -0.448,-0.441 -0.952,-0.878 -1.352,-1.367 -0.025,-0.165 -0.006,-0.324 0.079,-0.46 0.23,-0.054 0.433,-0.148 0.584,-0.289 0.112,-0.019 0.222,-0.038 0.314,-0.077 0.334,-0.143 0.741,-0.399 1.048,-0.603 0.465,-0.308 0.253,-0.529 0.52,-0.96 0.237,-0.384 0.762,-0.258 0.849,-0.669 0.099,-0.466 -0.262,-1.717 -0.822,-1.746 -0.22,0.287 -0.255,0.626 -0.61,0.755 -0.061,0.022 -0.138,0.033 -0.219,0.038 0,-0.022 0,-0.043 0,-0.065 -0.009,-0.669 -0.042,-1.782 0.902,-1.823 0.467,-0.021 0.84,0.326 0.984,0.736 0.136,0.26 0.135,0.532 -0.003,0.815 -0.058,0.165 -0.115,0.329 -0.173,0.494 0.118,0.481 0.948,0.545 1.307,0.819 0.676,0.513 0.307,0.981 -0.091,1.547 z m 3.591,1.771 c -0.134,-0.144 -0.298,-0.266 -0.536,-0.328 -0.349,-0.092 -0.935,-0.081 -1.464,0.054 -0.061,-0.07 -0.119,-0.136 -0.16,-0.191 -0.105,-0.14 -0.191,-0.256 -0.271,-0.355 0.051,-0.374 0.088,-0.689 0.449,-0.917 0.438,-0.167 0.887,-0.224 1.347,-0.172 0.464,-0.072 0.871,0.063 1.221,0.404 0.105,0.603 -0.093,1.104 -0.586,1.505 z m -3.936,36.661 c 0.251,-0.12 0.516,-0.169 0.846,-0.07 0.469,0.14 1.097,0.393 1.612,0.252 0.253,0.054 0.519,0.083 0.747,0.148 0.863,0.246 0.538,1.385 0.426,2.033 0.552,-0.563 0.89,0.389 0.36,0.302 -0.444,-0.073 -0.712,-0.705 -1.006,-0.976 -0.12,-0.111 -0.226,-0.167 -0.396,-0.154 -0.27,0.02 -0.242,0.156 -0.411,0.269 -0.288,0.194 -0.823,0.141 -1.073,-0.11 -0.13,-0.13 -0.105,-0.283 -0.183,-0.418 -0.098,-0.17 -0.272,-0.288 -0.409,-0.435 -0.252,-0.272 -0.473,-0.535 -0.513,-0.841 z m 2.445,-51.093 c 0.317,0.134 0.528,0.386 0.769,0.621 0.089,0.087 0.211,0.16 0.311,0.242 0.028,0.12 0.07,0.244 0.123,0.362 -0.007,0.019 0.002,0.032 -0.009,0.052 -0.167,0.31 -0.342,0.647 -0.574,0.911 -0.219,0.251 -0.492,0.592 -0.795,0.744 -0.095,0.048 -0.194,0.061 -0.295,0.058 0.035,-0.08 0.077,-0.151 0.096,-0.248 0.106,-0.539 -0.055,-1.61 -0.52,-2.169 0.099,-0.342 0.35,-0.598 0.676,-0.809 0.09,-0.058 0.215,-0.125 0.351,-0.18 0.13,0.15 0.032,0.25 -0.133,0.416 z m -10.25,2.656 c -0.076,0.198 -0.15,0.396 -0.238,0.589 -0.241,-0.065 -0.427,-0.214 -0.561,-0.448 -0.109,-0.103 -0.224,-0.19 -0.343,-0.263 0.032,-0.005 0.057,-0.015 0.091,-0.018 0.31,-0.032 0.778,-0.076 1.051,0.14 z m 10.681,65.202 c -0.127,0.097 -0.264,0.158 -0.403,0.213 -0.149,-0.321 -0.294,-0.644 -0.418,-0.976 0.216,-0.124 0.454,-0.149 0.713,-0.077 0.056,-10e-4 0.106,-0.015 0.16,-0.021 0.02,0.285 0.004,0.572 -0.052,0.861 z m 7.833,-34.96 c -0.786,-0.229 -0.276,-1.788 -0.298,-2.334 -0.305,0.059 -0.574,0.308 -0.909,0.22 -0.294,-0.078 -0.482,-0.364 -0.791,-0.462 -0.568,-0.179 -0.715,0.023 -1.197,0.104 -0.381,0.064 -0.758,-0.211 -1.149,-0.118 -0.051,0.44 0.336,3.06 -0.427,2.923 -0.126,-0.023 -0.417,-0.396 -0.479,-0.456 -0.375,-0.364 -0.824,-0.732 -1.206,-1.138 0.059,-0.004 0.125,-0.004 0.182,-0.01 0.137,-0.622 -0.583,-1.016 -0.081,-1.657 0.334,-0.428 0.648,-0.6 0.83,-1.174 0.018,-0.058 0.036,-0.116 0.053,-0.174 0.347,-0.181 0.708,-0.304 1.132,-0.395 0.404,-0.086 1.06,-0.16 1.366,-0.515 -0.051,-0.504 -0.893,-1.163 -1.399,-1.121 -0.415,0.035 -0.327,0.289 -0.551,0.567 -0.268,0.333 -0.648,0.261 -1.032,0.211 -0.048,-0.013 -0.09,-0.016 -0.124,-0.013 -0.115,-0.012 -0.228,-0.016 -0.338,-0.005 0.009,-0.051 0.015,-0.101 0.025,-0.152 0.434,-0.24 0.825,-0.557 1.33,-0.726 0.803,-0.269 2.003,-0.491 2.654,0.238 0.747,-0.503 2.526,-0.442 3.302,-0.119 -0.449,0.293 -1.122,0.727 -0.951,1.372 0.146,0.546 0.714,0.726 1.169,0.72 0.858,-0.009 1.308,-0.584 1.285,-1.388 0.915,-0.132 2.62,0.115 2.937,1.187 0.176,0.595 -0.071,1.081 -0.576,1.319 -0.672,0.316 -1.479,0.522 -2.058,1.012 -0.388,0.328 -0.485,0.724 -0.443,1.131 -0.097,-0.087 -0.193,-0.158 -0.284,-0.19 -0.856,-0.298 -1.221,1.361 -1.972,1.143 z m 4.488,1.068 c -0.6,0.08 -0.907,0.013 -1.166,-0.468 -0.099,-0.185 -0.253,-0.466 -0.432,-0.75 0.189,-0.16 0.388,-0.309 0.607,-0.431 0.312,-0.115 0.624,-0.23 0.936,-0.344 0.918,0.157 0.688,1.154 0.527,1.863 -0.171,0.055 -0.338,0.112 -0.472,0.13 z m -4.823,-17.146 c -0.162,0.382 -0.286,0.744 -0.37,1.143 -0.142,0.104 -0.24,0.229 -0.257,0.372 0.273,0.238 0.609,0.294 0.714,0.656 0.064,0.221 -0.011,0.604 -0.015,0.843 -0.008,0.483 -0.022,0.645 0.277,1.021 0.131,0.165 0.288,0.279 0.425,0.407 -0.2,0.087 -0.42,0.14 -0.67,0.143 -0.277,0.011 -0.499,-0.074 -0.666,-0.256 -0.285,-0.111 -0.58,-0.021 -0.874,-0.122 -0.553,-0.189 -0.685,-0.786 -1.418,-0.785 -0.241,0.037 -0.481,0.074 -0.722,0.111 -0.271,0.171 -0.367,0.399 -0.307,0.676 -0.136,0.007 -0.271,0.013 -0.404,0.009 -0.013,0 -0.021,-0.003 -0.034,-0.004 0.336,-0.932 0.58,-1.531 0.58,-1.531 l -0.392,-0.358 c 0.186,-0.134 0.403,-0.205 0.663,-0.146 -0.078,0.088 -0.138,0.13 -0.18,0.15 0.032,0.008 0.065,0.017 0.12,0.061 0.718,-0.393 -0.384,-0.854 -0.551,-1.169 -0.216,-0.41 0.242,-1.484 -0.387,-1.58 -0.156,0.231 -0.342,0.388 -0.54,0.509 -0.135,-0.504 -0.296,-1.016 0.134,-1.441 0.455,-0.449 1.12,-0.166 1.598,0.145 0.355,0.232 0.882,0.529 0.807,1.04 0.002,-0.386 0.579,-0.593 0.858,-0.69 0.43,-0.151 1.063,-0.276 1.497,-0.047 0.222,-0.001 0.337,0.107 0.343,0.324 -0.076,0.174 -0.152,0.346 -0.229,0.519 z m -9.209,-29.358 c 0.013,0.065 0.018,0.127 0.024,0.19 -0.233,0.17 -0.635,0.153 -0.988,0.121 0.142,-0.171 0.311,-0.321 0.523,-0.355 0.152,-0.025 0.297,0.004 0.441,0.044 z m -6.298,1.63 c 0.245,-0.016 0.491,-0.032 0.736,-0.049 0.426,-0.029 0.538,-0.509 0.695,-0.853 0.069,-0.15 0.132,-0.328 0.222,-0.482 0,0 0.001,0 0.002,0 0.497,0.116 1.182,0.633 0.98,1.24 0.231,-0.021 0.471,0.037 0.712,0.097 -0.083,0.479 -0.383,0.948 -0.387,1.534 -0.001,0.154 0.073,0.371 0.022,0.525 -0.016,0.051 -0.05,0.1 -0.096,0.147 -0.339,-0.168 -0.719,-0.23 -1.149,-0.17 -0.236,-0.159 -0.677,-0.142 -0.939,-0.25 -0.21,-0.087 -0.347,-0.262 -0.474,-0.441 0,-0.022 0.003,-0.044 0.003,-0.067 -0.052,-0.163 -0.178,-0.226 -0.378,-0.191 -0.199,-0.055 -0.571,-0.198 -0.689,-0.435 0.137,-0.193 0.274,-0.386 0.411,-0.578 0.003,-10e-4 0.005,-0.002 0.008,-0.003 0.1,-0.024 0.202,-0.043 0.321,-0.024 z m 13.983,89.066 c -0.01,0.044 -0.025,0.084 -0.037,0.127 -0.049,-0.016 -0.094,-0.035 -0.148,-0.049 0.055,-0.034 0.125,-0.05 0.185,-0.078 z m 10.052,-31.09 c 0.171,-0.487 0.67,-0.62 1.15,-0.777 0.196,0.199 0.298,0.408 0.019,0.605 -0.177,0.125 -0.382,0.059 -0.585,0.158 -0.172,0.084 -0.346,0.29 -0.495,0.517 -0.095,-0.167 -0.146,-0.34 -0.089,-0.503 z m 4.612,59.673 c -0.173,0.095 -0.336,0.199 -0.471,0.329 -0.087,-0.231 -0.176,-0.508 -0.266,-0.823 0.261,-0.229 0.535,-0.442 0.825,-0.635 0.362,-0.241 0.739,-0.536 1.124,-0.737 0.178,-0.093 0.42,-0.24 0.599,-0.061 0.174,0.174 0.221,0.539 0.175,0.766 -0.057,0.278 -0.221,0.44 -0.452,0.583 -0.298,0.095 -0.594,0.193 -0.889,0.295 -0.232,0.058 -0.447,0.151 -0.645,0.283 z m -1.052,-30.288 c -0.582,0.034 -1.025,0.086 -1.585,-0.138 -0.424,-0.17 -1.095,-0.415 -1.419,-0.762 -0.26,-0.278 -0.412,-0.654 -0.557,-1 -0.196,-0.467 -0.432,-1.611 -1.015,-1.779 -0.13,-0.038 -0.338,0.009 -0.496,0.012 -0.108,-0.785 -0.223,-1.54 -0.338,-2.259 0.127,0.092 0.253,0.187 0.38,0.281 0.299,0.22 0.387,0.409 0.462,0.662 0.224,-0.009 0.417,-0.002 0.632,0.162 0.138,0.105 0.273,0.245 0.363,0.392 0.139,0.224 0.154,0.495 0.359,0.678 0.136,0.121 0.326,0.167 0.468,0.281 0.246,0.197 0.299,0.483 0.471,0.723 0.114,0.158 0.427,0.495 0.589,0.585 0.175,0.098 0.372,0.027 0.594,0.04 0.536,0.035 1.318,0.19 1.795,0.434 0.381,0.195 0.333,0.619 0.268,1.001 -0.109,0.652 -0.395,0.653 -0.971,0.687 z m 0.905,-23.403 c -0.078,0.704 -0.135,3.055 -1.35,2.573 -0.099,-0.783 0.263,-1.496 0.188,-2.282 -0.061,-0.636 -0.308,-0.415 -0.758,-0.728 -0.331,-0.23 -0.946,-0.82 -1.284,-1.415 0.006,-0.005 0.023,-0.02 0.023,-0.02 l -0.065,-0.068 c -0.173,-0.332 -0.257,-0.661 -0.141,-0.924 0.166,-0.376 0.536,-0.362 0.806,-0.507 0.527,0.265 0.992,0.608 1.422,1.055 0.418,0.435 0.504,0.745 1.08,0.778 0.037,0.002 0.073,-0.007 0.11,-0.009 0.083,0.541 0.011,1.169 -0.031,1.547 z m -5.234,-10.206 c 0.034,0.334 0.125,0.649 0.273,0.944 0.577,-0.208 1.042,-0.362 1.652,-0.272 0.014,0.249 -0.02,0.443 -0.082,0.63 -1.057,0.099 -2.898,0.306 -2.167,-0.986 0.073,-0.129 0.188,-0.235 0.319,-0.33 0.003,0.004 0.004,0.009 0.005,0.014 z m -4.606,26.983 c -0.648,0.037 -1.578,0.572 -2.029,0.168 -0.249,-0.223 -0.232,-0.941 -0.072,-1.2 0.18,-0.293 0.539,-0.165 0.747,-0.342 0.233,-0.199 -0.203,-0.805 -0.294,-0.953 -0.334,-0.546 -0.684,-1.057 -0.845,-1.687 -0.153,-0.603 0.094,-0.763 0.665,-0.794 0.323,-0.018 0.781,-0.017 0.981,0.283 0.259,0.388 0.071,1.051 0.157,1.504 0.383,0.083 0.615,0.278 0.78,0.541 -0.051,0.831 -0.083,1.658 -0.09,2.48 z m 2.235,-58.893 c -0.17,0.108 -0.336,0.114 -0.446,-0.056 -0.043,-0.123 -0.103,-0.237 -0.181,-0.341 -0.13,-0.102 -0.278,-0.144 -0.444,-0.126 -0.191,-0.004 -0.464,-0.033 -0.633,0.066 -0.247,0.146 -0.122,0.422 0.019,0.594 0.163,0.198 0.457,0.392 0.493,0.668 0.024,0.19 -0.126,0.399 -0.277,0.496 -0.328,0.21 -0.768,0.084 -1.129,0.152 -0.166,0.031 -0.491,0.066 -0.554,0.252 -0.132,0.39 0.636,1.042 0.236,1.321 -0.233,0.162 -0.627,0.178 -0.907,0.191 -0.364,0.016 -0.69,-0.039 -0.886,-0.368 -0.186,-0.313 -0.374,-1.126 -0.817,-1.102 -0.315,0.017 -0.63,0.385 -0.857,0.562 -0.142,0.11 -0.143,0.138 -0.253,0.046 -0.104,-0.088 -0.071,-0.181 -0.11,-0.283 -0.061,-0.16 -0.402,-0.384 -0.519,-0.459 -0.201,-0.13 -0.515,-0.202 -0.527,-0.486 -0.008,-0.21 0.091,-0.421 0.119,-0.626 0.027,-0.197 0.018,-0.379 -0.042,-0.567 -0.081,-0.26 -0.269,-0.499 -0.297,-0.774 -0.004,-0.042 0.007,-0.076 0.013,-0.113 0.008,-0.002 0.015,0.002 0.023,-0.001 0.24,0.01 0.605,-0.099 0.833,-0.168 0.236,-0.097 0.36,-0.186 0.487,-0.271 0.303,-0.184 0.88,-0.384 1.192,-0.089 0.186,0.176 0.351,0.585 0.424,0.813 0.096,0.365 0.125,0.736 0.087,1.113 -0.076,0.322 -0.013,0.605 0.189,0.85 0.276,0.224 0.939,0.112 1.113,-0.211 0.061,-0.089 0.06,-0.182 -0.004,-0.277 -0.066,-0.257 -0.073,-0.516 -0.023,-0.778 0.071,-0.369 0.439,-1.273 0.924,-1.282 0.267,-0.005 0.524,0.247 0.801,0.258 0.565,0.024 1.014,-0.259 1.585,-0.033 0.291,0.115 0.467,0.362 0.678,0.563 -0.059,0.189 -0.15,0.365 -0.31,0.466 z m -0.146,-25.968 c -0.234,0.047 -0.389,-0.082 -0.52,-0.25 0.218,-0.014 0.396,0.053 0.584,0.145 -0.021,0.034 -0.039,0.072 -0.064,0.105 z m -29.559,15.152 c 0.035,-0.233 0.047,-0.463 0.105,-0.692 0.065,-0.257 0.183,-0.495 0.267,-0.746 0.031,-0.094 0.059,-0.37 0.154,-0.444 0.203,-0.159 0.672,0.028 0.883,0.091 0.383,0.114 0.715,0.34 1.093,0.461 0.271,0.087 0.492,0.033 0.679,-0.092 0.187,0.099 0.394,0.159 0.621,0.177 0.001,0 0.002,0 0.003,0.001 -0.153,0.18 -0.364,0.322 -0.613,0.407 -0.418,0.128 -0.837,0.123 -1.257,-0.014 -0.368,-0.108 -0.739,-0.207 -1.113,-0.295 -0.161,0.113 -0.225,0.279 -0.191,0.498 -0.044,0.252 -0.09,0.504 -0.136,0.756 0.132,0.002 0.259,-0.028 0.382,-0.09 0.417,-0.057 0.829,-0.029 1.235,0.085 0.328,0.076 0.616,0.223 0.867,0.44 0.063,0.176 -0.004,0.299 -0.199,0.367 -0.263,0.194 -0.686,0.344 -0.928,0.612 -0.157,-0.073 -0.317,-0.142 -0.475,-0.192 -0.662,-0.208 -0.323,0.622 -0.432,0.985 -0.122,0.405 -0.794,0.232 -1.054,0.068 -0.403,-0.255 -0.333,-0.949 -0.238,-1.347 0.089,-0.366 0.289,-0.653 0.347,-1.036 z m 2.389,87.147 c -0.421,-0.323 -0.619,-0.777 -0.595,-1.36 -0.109,-0.317 -0.219,-0.635 -0.328,-0.953 -0.157,-0.417 -0.449,-0.575 -0.877,-0.474 -0.37,0.076 -0.727,0.19 -1.072,0.342 -0.033,0.008 -0.059,0.029 -0.091,0.039 0.033,-0.149 0.065,-0.298 0.098,-0.447 -0.098,-0.449 -0.263,-0.871 -0.485,-1.27 0.222,-0.262 0.591,-0.577 0.951,-0.491 0.349,0.083 0.348,0.394 0.562,0.592 0.229,0.213 0.501,0.424 0.742,0.645 0.368,0.336 0.79,0.758 1.168,1.073 0.362,0.302 0.442,0.175 0.924,0.152 0.525,-0.025 0.787,0.033 1.298,-0.073 0.247,-0.658 0.595,-1.336 0.582,-2.051 -0.324,-0.057 -0.625,0.029 -0.901,0.256 -0.617,0.13 -1.063,-0.068 -1.338,-0.592 -0.612,-0.578 -0.983,-1.306 -1.114,-2.183 0.086,-0.901 -0.222,-1.51 -0.922,-1.826 -0.654,0.669 -1.447,1.077 -2.381,1.223 -0.433,-0.111 -0.737,-0.298 -0.947,-0.539 0.051,-0.014 0.102,-0.027 0.153,-0.041 0.501,-0.139 0.611,-0.133 0.783,-0.721 0.087,-0.296 0.201,-0.728 0.039,-1.026 -0.118,-0.217 -0.411,-0.29 -0.628,-0.354 -0.085,-0.025 -0.192,-0.068 -0.28,-0.078 -0.139,-0.015 -0.286,0.016 -0.433,0.062 0.016,-0.72 0.221,-1.42 0.642,-2.099 0.192,-0.907 0.619,-1.291 1.281,-1.154 0.864,0.051 0.502,0.829 0.894,1.322 0.371,0.465 1.199,0.385 1.674,0.756 0.265,0.072 0.423,0.25 0.474,0.534 0.058,0.53 0.218,1.029 0.48,1.497 0.31,0.488 0.521,0.647 1.051,0.828 0.698,0.239 1.218,0.272 1.896,-0.136 0.347,-0.208 1.232,-0.667 1.294,-1.064 -1.234,-0.969 -2.536,-1.893 -3.368,-3.245 -0.638,-1.036 -1.531,-2.15 -1.374,-3.42 -0.093,-0.382 0.036,-0.616 0.389,-0.7 0.178,-0.158 0.384,-0.229 0.618,-0.215 0.587,-0.115 1.256,-0.091 1.887,-0.085 0.245,0.551 0.498,1.096 0.765,1.632 -0.477,0.368 -0.948,0.74 -1.267,1.201 0.362,0.891 1.624,1.074 2.144,1.814 0.419,0.598 0.462,1.954 1.355,2.058 0.229,0.027 0.437,-0.16 0.616,-0.409 0.007,0.009 0.014,0.018 0.021,0.027 -0.108,0.264 -0.216,0.529 -0.324,0.793 -0.043,0.501 0.149,0.789 0.577,0.865 0.209,0.111 0.43,0.188 0.662,0.23 0.219,-0.03 0.345,0.049 0.377,0.239 0.212,0.376 -0.333,0.828 -0.477,1.171 -0.192,0.456 -0.202,1.002 -0.008,1.46 0.24,0.566 1.034,0.754 1.539,0.972 -0.09,0.457 -0.531,0.896 -1.011,1.077 0.012,-0.207 0.056,-0.428 0.009,-0.631 -0.081,-0.354 -0.482,-0.933 -0.744,-1.179 -0.325,-0.305 -0.69,-0.229 -1.111,-0.234 -0.466,-0.006 -0.519,0.004 -0.792,0.469 -0.144,0.246 -0.468,0.696 -0.45,1.001 0.02,0.336 0.399,0.5 0.675,0.66 -0.145,0.389 -0.243,0.794 -0.309,1.207 -0.401,0.36 -0.867,0.697 -0.947,0.884 0.167,0.219 0.549,0.189 0.852,0.232 -0.002,0.109 -0.009,0.218 -0.007,0.327 -0.181,0.167 -0.398,0.312 -0.591,0.422 -0.455,0.26 -0.653,0.136 -0.95,-0.233 -0.096,-0.12 -0.196,-0.246 -0.326,-0.331 -0.297,-0.195 -0.632,-0.043 -0.925,0.166 -0.861,-0.192 -1.593,0.844 -2.099,1.386 z m 22.164,-7.465 c -0.116,0.096 -0.254,0.132 -0.416,0.104 0.136,-0.045 0.276,-0.074 0.416,-0.104 z m 23.533,11.407 c -0.315,0.078 -0.626,0.193 -0.927,0.303 -0.117,0.043 -0.773,0.228 -0.944,0.398 0.127,0.136 0.258,0.236 0.386,0.383 0.187,0.215 0.363,0.443 0.549,0.662 -0.789,1.467 -1.583,2.934 -2.362,4.346 -0.377,0.086 -0.777,0.271 -1.131,0.124 -0.341,-0.141 -0.425,-0.61 -0.595,-0.913 -0.216,-0.383 -0.507,-0.654 -0.969,-0.593 -0.198,0.026 -0.393,0.087 -0.39,0.301 0.003,0.199 0.25,0.335 0.368,0.473 0.173,0.204 0.409,0.534 0.251,0.808 -0.12,0.209 -0.368,0.323 -0.484,0.548 -0.401,0.771 0.544,0.948 0.886,1.477 -0.172,0.249 -0.419,0.281 -0.701,0.339 -0.437,0.09 -0.864,0.22 -1.299,0.312 -0.342,0.072 -0.589,0.06 -0.695,-0.305 -0.114,-0.392 0.068,-0.975 0.086,-1.381 -0.132,-0.079 -0.276,-0.127 -0.431,-0.144 -0.134,-0.072 -0.268,-0.145 -0.403,-0.217 -0.261,-0.163 -0.583,-0.47 -0.754,-0.74 0.347,-0.607 0.845,-1.196 0.794,-1.932 -0.028,-0.404 -0.222,-0.53 -0.607,-0.512 -0.279,0.013 -0.754,0.16 -0.98,0.283 -0.599,0.326 -1.122,0.85 -1.579,1.344 -0.32,0.346 -0.62,0.647 -1.082,0.798 -0.226,0.074 -0.467,0.087 -0.699,0.126 -0.523,-1.624 -1.152,-3.339 -1.936,-5.079 0.292,-0.026 0.588,0.059 0.889,0.104 0.241,0.037 0.945,0.157 0.974,-0.3 0.007,-0.111 -0.149,-0.222 -0.238,-0.336 0.48,-0.042 1.11,-0.072 1.373,-0.529 0.358,-0.622 -0.035,-1.187 -0.057,-1.828 -0.014,-0.421 0.475,-0.73 0.732,-1.015 0.179,-0.199 0.394,-0.472 0.586,-0.775 0.01,0.007 0.017,0.01 0.027,0.017 0.594,0.44 1.257,0.974 2.082,0.834 0.526,-0.089 1.175,-0.672 1.199,-1.231 0.193,-0.114 0.472,-0.085 0.775,-0.006 -0.123,0.151 -0.237,0.314 -0.211,0.483 0.052,0.347 0.545,0.627 0.837,0.704 0.456,0.12 1.167,0.061 1.591,-0.171 0.27,-0.148 0.47,-0.319 0.469,-0.653 -10e-4,-0.229 -0.103,-0.415 -0.13,-0.636 -0.102,-0.838 1.384,-1.259 1.963,-1.404 0.445,-0.111 0.642,-0.004 0.92,0.344 0.131,0.164 0.174,0.243 0.312,0.02 0.116,-0.187 0.242,-0.413 0.383,-0.631 0.229,0.119 0.504,0.165 0.881,0.101 0.217,-0.037 0.728,-0.174 1.053,-0.408 0.016,0.019 0.039,0.03 0.055,0.05 0.131,0.153 0.291,0.257 0.479,0.312 0.215,0.085 0.603,0.228 0.821,0.093 -0.191,-0.377 -0.229,-0.67 -0.02,-1.055 0.3,-0.554 0.756,-1.147 1.353,-1.389 0.268,-0.109 0.431,-0.031 0.584,0.212 0.044,0.069 0.068,0.145 0.102,0.217 -1.22,2.204 -2.651,4.893 -4.136,7.667 z m 6.679,-72.594 c 0.028,-0.025 0.052,-0.053 0.082,-0.077 0.472,-0.382 0.674,-0.299 1.029,0.065 0.016,0.017 0.039,0.031 0.059,0.046 -0.404,0.056 -0.794,0.038 -1.17,-0.034 z m -22.997,21.233 c -0.2,-0.139 -0.434,-0.196 -0.584,-0.359 -0.004,-0.004 -0.004,-0.01 -0.008,-0.015 0.309,-0.12 0.656,-0.224 0.927,-0.034 -0.133,0.147 -0.244,0.279 -0.335,0.408 z m -54.253,-26.78 c -0.07,-0.229 -0.132,-0.452 -0.204,-0.683 -0.014,-0.044 -0.024,-0.096 -0.037,-0.141 0.209,0.134 0.372,0.3 0.383,0.549 0.005,0.102 -0.051,0.193 -0.142,0.275 z m -3.566,27.312 c 0.011,0.038 0.009,0.08 0.022,0.118 0.11,0.143 0.101,0.264 0.023,0.372 -0.441,0.197 -0.813,-0.056 -1.118,-0.411 0.129,-0.034 0.255,-0.062 0.371,-0.072 0.252,-0.022 0.485,-0.038 0.702,-0.007 z m -7.692,18.12 c -0.081,0.086 -0.163,0.168 -0.225,0.24 -0.371,0.439 -1.082,0.968 -1.172,1.54 -0.118,0.75 0.898,0.969 1.413,1.209 -0.124,0.186 -0.363,0.156 -0.443,0.388 0.018,0.024 0.04,0.031 0.059,0.052 -0.035,0.034 -0.07,0.068 -0.104,0.101 0.353,0.219 0.917,0.392 1.026,0.876 0.221,0.987 -1.083,1.516 -1.81,1.71 -0.902,0.24 -1.529,-0.013 -1.364,-0.972 0.143,-0.829 0.772,-1.732 1.117,-2.499 -0.472,-0.428 -1.171,0.001 -1.479,-0.753 -0.107,-0.261 -0.158,-0.483 -0.238,-0.698 0.286,-0.142 0.582,-0.251 0.94,-0.272 0.35,-0.02 0.691,-0.045 0.997,-0.244 0.397,-0.257 0.425,-0.861 0.416,-1.274 0.103,-0.007 0.208,0.003 0.313,0.006 0.158,0.312 0.326,0.541 0.554,0.59 z m -8.206,-6.238 c 0.117,-0.288 0.003,-0.451 0.055,-0.715 0.005,-0.024 0.012,-0.038 0.018,-0.056 0.38,0.452 0.638,0.994 1.108,1.384 0.492,0.408 0.511,0.077 1.051,-0.017 0.279,-0.049 0.784,-0.067 1.289,-0.011 0.121,0.481 0.287,0.977 0.313,1.465 0.002,0.152 0.004,0.304 0.006,0.456 0.02,0.201 -0.058,0.305 -0.236,0.311 -0.461,0.32 -1.356,-0.307 -1.672,0.127 -0.56,-0.279 -1.08,-0.94 -1.37,-1.305 -0.199,-0.251 -0.638,-0.738 -0.949,-1.244 0.162,-0.058 0.293,-0.161 0.387,-0.395 z m 0.409,6.05 c -0.066,0.005 -0.144,0.005 -0.223,0.005 -0.033,-0.2 -0.082,-0.399 -0.163,-0.597 -0.002,-0.009 -0.02,-0.148 -0.053,-0.358 0.047,-0.024 0.091,-0.047 0.146,-0.072 0.116,-0.053 0.225,-0.086 0.335,-0.127 -0.088,0.349 0.01,0.74 -0.042,1.149 z m -28.125,7.887 c -0.158,0.031 -0.319,0.057 -0.463,0.156 -0.083,0.057 -0.174,0.14 -0.266,0.232 0.034,-0.114 0.079,-0.214 0.137,-0.301 0.192,-0.029 0.382,-0.059 0.592,-0.087 z m 32.236,25.929 c 0.225,-0.619 0.546,-0.364 1.069,-0.465 0.07,-0.014 0.117,-0.029 0.151,-0.048 0.245,0.326 0.495,0.659 0.732,0.97 0.039,0.22 0.116,0.454 0.107,0.655 -0.131,-0.1 -0.265,-0.196 -0.331,-0.358 -0.379,0.395 -0.398,0.716 -1.039,0.674 -0.804,-0.055 -0.942,-0.734 -0.689,-1.428 z m 93.376,-22.136 c -0.609,0.209 -0.908,-0.097 -1.301,-0.517 -0.131,-0.207 -0.313,-0.34 -0.545,-0.4 -0.175,0.006 -0.348,0.033 -0.517,0.08 -0.181,0.016 -0.363,0.027 -0.545,0.036 -0.12,0.032 -0.236,0.026 -0.347,-0.017 -0.118,0.066 -0.198,0.169 -0.238,0.311 -0.195,0.364 -0.445,0.684 -0.751,0.961 -0.203,0.175 -0.433,0.254 -0.691,0.238 -0.098,-0.024 -0.171,0.008 -0.219,0.094 -0.013,0.01 -0.025,0.027 -0.038,0.038 -0.531,-0.83 -0.311,-2.56 -0.178,-3.307 0.086,-0.484 0.237,-0.548 0.611,-0.294 0.81,0.55 1.272,1.096 2.31,1.334 0.473,0.108 2.738,0.334 2.5,-0.804 -0.106,-0.503 -0.686,-0.604 -1.086,-0.614 -0.679,-0.017 -0.861,-0.129 -1.428,-0.48 -1.022,-0.634 -2.561,-1.056 -3.029,-2.242 0.213,-0.581 2.01,0.044 2.441,0.074 0.49,0.034 2.667,-0.37 2.308,-1.359 -0.484,-0.131 -1.797,0.131 -1.627,-0.708 0.189,-0.931 2.15,-0.897 2.807,-0.935 0.23,2.718 0.368,5.474 0.236,8.184 -0.217,0.135 -0.442,0.248 -0.673,0.327 z m 0.408,-8.854 c -0.139,-0.316 -0.526,-0.631 -0.705,-0.8 -0.44,-0.415 -0.946,-0.794 -1.531,-0.976 -0.579,-0.181 -1.025,0.047 -1.618,0.154 -0.096,0.017 -0.172,0.041 -0.255,0.062 -0.028,-0.14 -0.051,-0.277 -0.053,-0.402 -0.009,-0.503 -0.006,-0.933 0.346,-1.285 0.4,-0.401 1.004,-0.441 1.5,-0.237 1.005,0.413 0.578,0.993 0.702,1.812 0.466,0.048 0.968,0.049 1.467,0.073 0.051,0.53 0.1,1.064 0.147,1.599 z m 26.984,-54.682 c 0.007,0 0.013,-0.001 0.02,-0.001 0,0.004 0,0.009 0,0.013 -0.008,-0.004 -0.014,-0.008 -0.02,-0.012 z m 1.251,17.062 c 0.059,-0.019 0.141,-0.031 0.215,-0.045 0.13,1.057 0.238,2.058 0.311,2.987 -0.259,-0.223 -0.417,-0.561 -0.556,-0.868 -0.331,-0.009 -0.66,-0.045 -0.985,-0.107 -0.377,0.032 -0.66,-0.122 -0.851,-0.463 0.401,-0.854 0.989,-1.218 1.866,-1.504 z m -12.515,36.322 c 0.447,-0.34 0.935,-0.756 1.462,-1.247 0.041,-0.004 0.082,-0.009 0.123,-0.021 0.576,-0.162 1.594,-0.926 1.853,-1.487 0.096,-0.208 0.144,-0.423 0.168,-0.643 0.059,-0.062 0.116,-0.123 0.176,-0.186 0.18,0.01 0.362,0.002 0.549,-0.048 0.604,0.018 1.115,-0.221 1.533,-0.718 0.155,-0.13 0.309,-0.261 0.464,-0.392 0.033,0.157 0.068,0.307 0.107,0.441 0.203,0.687 0.452,0.734 1.165,0.531 0.4,-0.132 0.756,-0.341 1.088,-0.59 0.004,0.04 0.009,0.08 0.013,0.12 -0.171,0.345 -0.346,0.687 -0.527,1.027 0.182,0.219 0.41,0.359 0.685,0.418 0.282,0.092 0.551,0.213 0.808,0.362 -0.019,0.124 -0.038,0.247 -0.057,0.371 -0.095,0.175 -0.191,0.351 -0.286,0.526 -0.135,0.344 0.067,0.851 -0.181,1.117 -0.216,0.232 -0.542,0.205 -0.836,0.15 -0.248,-0.046 -0.78,-0.238 -1.148,-0.207 0.172,-0.509 0.291,-0.815 0.291,-0.815 l -1.1,-0.38 c 0,0 -0.662,1.247 -1.336,3.172 -0.039,-0.02 -0.078,-0.039 -0.117,-0.059 -0.498,-0.349 -0.717,-0.799 -0.659,-1.352 -0.116,-0.341 -0.052,-0.638 0.192,-0.893 0.144,-0.276 0.315,-0.535 0.512,-0.777 -0.458,-0.262 -0.955,-0.315 -1.491,-0.156 -0.597,0.064 -1.065,0.33 -1.404,0.798 -0.138,0.299 -0.368,0.499 -0.692,0.599 -0.429,0.215 -0.883,0.33 -1.357,0.362 0,-0.007 10e-4,-0.015 0.002,-0.023 z m 6.992,18.128 c 0.366,0.002 0.724,-0.092 1.04,-0.271 0.116,0.196 0.224,0.387 0.237,0.635 0.018,0.32 -0.127,0.638 -0.212,0.948 -0.184,0.031 -0.366,0.085 -0.54,0.183 -0.132,0.074 -0.282,0.193 -0.44,0.317 -0.018,-0.601 -0.046,-1.205 -0.085,-1.812 z m -1.95,-84.641 c 0.015,0.045 0.031,0.088 0.048,0.129 -0.121,0.068 -0.233,0.152 -0.331,0.245 -0.216,0.205 -0.371,0.553 -0.703,0.595 -0.258,0.033 -0.507,-0.03 -0.736,-0.143 0.069,-0.051 0.142,-0.097 0.211,-0.137 0.211,-0.119 0.573,-0.279 0.89,-0.309 0.06,-0.084 0.149,-0.172 0.277,-0.252 0.085,-0.053 0.214,-0.109 0.344,-0.128 z m 6.514,33.45 c 0.684,0.25 1.144,0.828 1.574,1.451 0.006,0.331 0.011,0.659 0,0.96 -0.035,1.019 -0.185,2.025 -0.415,3.015 -0.071,-0.007 -0.141,-0.006 -0.213,-0.019 -0.387,0.069 -0.612,-0.075 -0.674,-0.432 -0.146,-0.188 -0.204,-0.398 -0.175,-0.63 -0.103,-0.787 0.048,-1.703 0.069,-2.49 0.017,-0.629 -0.473,-0.686 -1.03,-0.756 -0.631,-0.079 -1.256,-0.158 -1.755,-0.577 0.661,-0.55 1.832,-0.81 2.619,-0.522 z m -2.5,9.347 c 0.16,-0.271 0.263,-0.632 0.613,-0.605 0.562,0.045 1.026,0.774 1.489,1.04 -0.421,0.882 -0.892,1.74 -1.393,2.572 0.045,-0.363 0.36,-0.867 0.397,-1.113 -0.439,-0.337 -1.641,-0.195 -1.695,-0.952 -0.016,-0.225 0.463,-0.729 0.589,-0.942 z m -24.605,-17.602 c 0.003,-0.093 -0.025,-0.194 0.037,-0.315 0.135,-0.26 0.672,-0.311 0.903,-0.467 0.809,-0.547 -0.01,-1.011 0.163,-1.743 0.334,-0.099 0.658,-0.201 1.007,-0.224 0.239,-0.016 0.963,-0.15 1.131,0.054 0.099,0.12 0.078,0.136 0.016,0.277 -0.099,0.225 -0.208,0.4 -0.26,0.606 -0.946,0.911 -1.987,1.536 -2.997,1.812 z m -8.173,-17.595 c -0.082,-0.117 -0.168,-0.231 -0.239,-0.353 0.087,-0.012 0.174,-0.026 0.261,-0.035 -0.006,0.131 -0.014,0.26 -0.022,0.388 z m 1.117,21.31 c 0.027,0.06 0.049,0.121 0.053,0.192 0.016,-0.008 0.026,-0.017 0.041,-0.025 0.294,0.508 0.549,1.022 0.753,1.544 -0.156,-0.041 -0.327,-0.122 -0.558,-0.153 -0.291,-0.039 -0.239,0.064 -0.436,0.285 -0.342,0.384 -0.947,1.205 -1.491,1.155 -0.234,-0.022 -0.674,-0.368 -0.732,-0.603 -0.048,-0.194 0.082,-0.452 0.134,-0.641 0.081,-0.29 0.129,-0.336 0.33,-0.538 0.265,-0.265 0.188,-0.317 0.12,-0.713 -0.028,-0.349 -0.111,-0.685 -0.25,-1.008 -0.112,-0.18 -0.223,-0.362 -0.332,-0.544 -0.087,-0.207 -0.231,-0.448 0.096,-0.498 0.309,-0.048 0.892,0.431 1.066,0.585 0.158,0.14 0.279,0.26 0.36,0.38 0.141,-0.052 0.286,-0.074 0.437,-0.059 0.143,0.213 0.281,0.427 0.409,0.641 z m -4.911,33.943 c -0.108,0.176 -0.186,0.361 -0.249,0.55 0.003,-0.171 -0.067,-0.263 -0.228,-0.26 -0.254,-0.032 -0.482,-0.128 -0.684,-0.29 -0.451,-0.332 -0.899,-0.666 -1.345,-1.004 0.54,-0.116 1.094,-0.097 1.653,-0.098 0.562,-0.001 1.258,-0.196 1.764,0.08 -0.294,0.349 -0.597,0.69 -0.911,1.022 z m -10.978,-47.815 c 0.179,-0.197 0.406,-0.372 0.606,-0.428 0.155,-0.043 0.307,-0.025 0.456,0.02 -0.271,0.129 -0.711,0.323 -1.062,0.408 z m -9.482,-20.272 c -0.577,0.12 -0.863,-0.116 -1.045,-0.583 0.174,0.036 0.346,0.08 0.524,0.093 0.397,-0.017 0.709,0.108 0.943,0.359 -0.129,0.054 -0.268,0.099 -0.422,0.131 z m -1.449,-1.912 c -0.076,0.151 -0.088,0.319 -0.072,0.491 -0.117,-0.043 -0.262,-0.053 -0.491,0.026 -0.477,0.164 -0.548,0.669 -0.942,0.94 -0.136,0.093 -0.286,0.128 -0.439,0.161 -0.206,-0.424 -0.687,-0.616 -1.101,-0.766 -0.059,-0.021 -0.129,-0.044 -0.201,-0.07 0.067,-0.208 0.154,-0.408 0.223,-0.615 0.031,-0.094 0.059,-0.37 0.154,-0.444 0.203,-0.159 0.672,0.028 0.883,0.091 0.383,0.114 0.715,0.34 1.093,0.461 0.382,0.123 0.669,-0.026 0.893,-0.275 z m -24.287,18.024 c -0.05,-0.134 -0.098,-0.266 -0.147,-0.4 0.12,0.072 0.239,0.144 0.352,0.231 -0.068,0.058 -0.136,0.115 -0.205,0.169 z m -43.604,53.142 c -0.44,0.033 -0.88,-0.101 -1.235,-0.483 -0.186,-0.157 -0.297,-0.359 -0.334,-0.607 -0.299,-0.152 -0.619,-0.171 -0.958,-0.055 -0.199,-0.017 -0.39,-0.052 -0.576,-0.099 0.136,-0.064 0.278,-0.113 0.434,-0.13 0.565,-0.084 1.131,-0.165 1.697,-0.241 0.398,-0.144 0.75,-0.094 1.057,0.149 0.289,0.372 0.019,0.996 -0.085,1.466 z m -3.637,-6.951 c 0.298,-0.01 0.644,-0.168 0.921,0.021 0.215,0.146 0.36,0.359 0.456,0.595 -0.086,-0.008 -0.171,-0.021 -0.249,-0.037 -0.237,-0.05 -0.614,-0.171 -0.871,-0.359 -0.101,0.023 -0.226,0.03 -0.375,0.005 -0.165,-0.028 -0.425,-0.14 -0.502,-0.329 0.193,0.084 0.412,0.111 0.62,0.104 z m -13.207,3.367 c 0.232,-0.193 0.52,-0.351 0.809,-0.273 0.047,0.013 0.12,0.051 0.199,0.103 -0.045,0.014 -0.079,0.03 -0.138,0.041 -0.311,0.058 -0.595,0.091 -0.87,0.129 z m -27.747,31.419 c -0.008,-0.07 -0.026,-0.137 -0.029,-0.208 -0.098,-0.24 -0.04,-0.434 0.175,-0.583 0.206,-0.303 0.468,-0.549 0.787,-0.742 0.158,-0.145 0.292,-0.34 0.523,-0.357 0.256,0.061 0.497,0.158 0.723,0.29 0.208,0.11 0.422,0.212 0.639,0.303 0.363,0.163 0.796,0.325 1.193,0.209 -0.077,1.555 -1.769,1.694 -4.011,1.088 z m -8.536,-20.703 c 0.008,-0.166 0.067,-0.287 0.215,-0.329 0.112,0.217 0.213,0.448 0.318,0.676 -0.194,-0.077 -0.371,-0.197 -0.533,-0.347 z m -24.18,10.082 c -0.021,-0.032 -0.043,-0.065 -0.063,-0.097 -0.224,-0.375 -0.368,-1.041 0.007,-1.36 0.311,-0.264 0.77,-0.275 1.156,-0.41 -0.053,0.033 -0.1,0.07 -0.134,0.116 -0.174,0.237 -0.183,0.632 -0.318,0.901 -0.158,0.314 -0.386,0.598 -0.648,0.85 z m 2.019,0.982 c 0.11,-0.388 0.374,-0.532 0.766,-0.514 0.164,0.008 0.334,0.049 0.501,0.108 0,0.009 0.002,0.017 0.003,0.025 0.012,0.127 0.009,0.252 -0.008,0.377 -0.276,0.05 -0.522,0.267 -0.73,0.444 -0.021,0.018 -0.066,0.06 -0.104,0.096 -0.193,-0.029 -0.384,-0.051 -0.575,-0.074 0.055,-0.153 0.104,-0.311 0.147,-0.462 z m 4.847,4.943 c -0.054,0.127 -0.109,0.256 -0.099,0.409 0.017,0.255 0.245,0.368 0.304,0.586 0.153,0.576 -0.83,0.422 -1.065,0.761 -0.091,-0.135 -0.188,-0.262 -0.315,-0.335 -0.201,-0.114 -0.21,-0.078 -0.372,0.023 -0.084,0.053 -0.169,0.122 -0.253,0.192 -0.066,-0.219 -0.143,-0.46 -0.396,-0.516 -0.343,-0.077 -0.735,0.084 -1.055,0.23 0.218,-0.202 0.36,-0.534 0.154,-0.781 -0.205,-0.246 -0.601,-0.138 -0.884,-0.158 0.411,-0.313 1.12,-0.527 1.059,-1.157 -0.008,-0.08 -0.049,-0.165 -0.105,-0.251 0.988,0.288 2.001,0.619 3.027,0.997 z m 6.918,13.73 c 0.12,-0.306 0.271,-0.622 0.344,-0.944 0.043,-0.191 0.022,-0.346 0.1,-0.539 0.167,-0.413 0.555,-0.623 0.694,-1.045 0.121,-0.369 -0.138,-0.655 -0.054,-0.969 0.045,-0.167 0.619,-0.498 0.736,-0.579 0.178,-0.124 0.316,-0.182 0.457,-0.214 0.238,0.049 0.49,0.063 0.707,0.039 0.306,-0.065 0.612,-0.13 0.919,-0.195 0.344,-0.176 0.706,-0.302 1.086,-0.378 0.25,0.009 0.499,0.017 0.749,0.026 0.508,0.081 1.011,0.187 1.509,0.32 0.199,0.085 0.307,0.183 0.369,0.298 -0.099,-0.037 -0.198,-0.067 -0.248,-0.083 -0.354,-0.114 -0.595,-0.089 -0.866,0.181 -0.353,0.35 -0.484,1.001 -0.683,1.431 -0.128,0.276 -0.299,0.553 -0.531,0.757 -0.252,0.222 -0.487,0.25 -0.648,0.577 -0.118,0.24 -0.183,0.507 -0.205,0.772 -0.026,0.323 -0.007,0.62 -0.069,0.946 -0.051,0.267 -0.149,0.534 -0.148,0.809 -0.536,-0.023 -0.757,-1.132 -0.809,-1.491 -0.27,-0.156 -0.679,0.413 -0.744,0.544 -0.235,0.473 -0.285,1.017 -0.327,1.534 -0.025,0.306 0.043,0.741 -0.288,0.895 -0.319,0.149 -1.168,-0.001 -1.453,-0.129 -0.338,-0.151 -1.121,-0.721 -1.1,-1.189 0.018,-0.467 0.337,-0.951 0.503,-1.374 z m 2.226,54.442 c 0.217,-0.131 0.453,-0.167 0.704,-0.144 0.077,0.007 0.315,0.097 0.391,0.083 0.044,-0.008 0.182,-0.203 0.2,-0.223 0.138,-0.15 0.277,-0.298 0.416,-0.447 0.014,0.14 0.029,0.281 0.043,0.421 0.007,0.363 0.181,0.599 0.521,0.707 0.164,-0.096 0.328,-0.192 0.492,-0.288 0.102,-0.201 0.205,-0.402 0.307,-0.603 0.045,-0.525 -0.398,-0.78 -0.774,-1.045 0.009,-0.03 0.033,-0.054 0.038,-0.085 0.035,-0.192 -0.016,-0.315 -0.071,-0.498 -0.122,-0.406 -0.182,-0.736 -0.092,-1.154 0.071,-0.328 0.135,-0.658 0.518,-0.711 0.014,-0.002 0.027,0.004 0.041,0.003 0.072,0.15 0.136,0.304 0.167,0.475 0.11,0.413 0.276,0.803 0.499,1.17 0.421,0.055 0.789,-0.072 1.104,-0.379 0.194,-0.189 0.412,-0.269 0.653,-0.242 0.134,0.013 0.266,-0.001 0.396,-0.043 0.18,-0.276 0.238,-0.572 0.176,-0.889 -0.023,-0.697 -0.472,-1.53 0.072,-2.147 0.129,-0.114 0.257,-0.228 0.386,-0.342 0.363,-0.096 0.729,-0.177 1.099,-0.243 0.554,-0.297 0.528,-0.951 0.174,-1.397 -0.42,-0.527 -0.761,-0.415 -0.43,-1.171 0.112,-0.213 0.241,-0.415 0.378,-0.611 0.064,-0.067 0.118,-0.141 0.169,-0.218 0.061,-0.078 0.117,-0.16 0.183,-0.236 0.037,-0.079 0.074,-0.158 0.11,-0.237 -0.012,-0.029 -0.027,-0.058 -0.039,-0.087 0.026,-0.088 0.051,-0.177 0.069,-0.266 0.065,-0.326 0.075,-0.678 0.042,-1.027 0.229,-0.212 0.45,-0.382 0.421,-0.766 -0.044,-0.573 -0.404,-0.724 -0.816,-0.676 -0.018,-0.088 -0.02,-0.169 0.041,-0.207 0.534,0.122 1.011,0.348 1.562,0.201 0.097,-0.026 0.174,-0.076 0.257,-0.12 0.002,0.005 0.002,0.009 0.003,0.014 0.131,0.198 0.215,0.413 0.253,0.648 0.06,0.293 0.121,0.585 0.185,0.877 0.135,0.628 0.173,1.139 -0.162,1.692 -0.316,0.521 -0.152,1.09 0.231,1.522 0.35,0.394 0.841,0.513 0.561,1.12 -0.15,0.294 -0.37,0.518 -0.659,0.674 -0.15,0.003 -0.255,0.06 -0.316,0.173 -0.089,0.099 -0.083,0.219 0.017,0.357 0.086,0.263 0.059,0.514 -0.082,0.754 -0.228,0.371 -0.444,0.749 -0.649,1.133 -0.066,0.258 -0.205,0.455 -0.417,0.592 -0.179,-0.092 -0.313,-0.26 -0.514,-0.268 -0.314,-0.013 -0.507,0.261 -0.622,0.521 -0.19,0.284 -0.173,0.584 0.054,0.901 0.157,0.189 0.315,0.378 0.472,0.567 0.159,0.107 0.317,0.213 0.476,0.319 0.095,0.053 0.19,0.106 0.285,0.159 0.19,0.263 -0.045,0.736 -0.163,0.973 -0.158,0.316 -0.533,0.817 -0.901,0.908 -0.265,0.066 -0.318,-0.077 -0.489,-0.241 -0.281,-0.269 -0.445,-0.237 -0.73,0.039 -0.241,0.234 -0.468,0.483 -0.653,0.764 -0.174,0.263 -0.178,0.274 -0.515,0.246 -0.762,-0.063 -1.544,-0.168 -2.137,0.417 -0.248,0.245 -0.433,0.528 -0.631,0.815 -0.202,0.293 -0.522,0.69 -0.912,0.739 -0.197,-0.053 -0.394,-0.105 -0.591,-0.157 -0.186,-0.202 -0.371,-0.403 -0.557,-0.605 -0.397,-0.6 -0.114,-1.2 0.079,-1.791 -0.241,0.023 -0.474,0.082 -0.699,0.176 -0.01,0 -0.019,-0.005 -0.029,-0.005 0.058,-0.26 0.16,-0.444 0.405,-0.591 z m 20.616,8.682 c -0.526,-0.324 -0.527,-0.846 -0.371,-1.396 0.078,-0.272 0.129,-0.293 0.441,-0.243 0.529,0.084 1.197,0.131 1.66,0.421 0.343,0.215 0.615,0.511 0.966,0.717 0.212,0.124 0.223,0.296 0.32,0.542 0.188,0.474 0.424,1.242 1.092,0.994 0.441,-0.164 0.559,-0.847 1.066,-0.558 0.409,0.232 0.669,0.531 1.18,0.232 0.796,-0.467 0.476,-1.234 0.08,-1.845 0.171,-0.247 0.318,-0.511 0.502,-0.754 0.085,-0.111 0.178,-0.191 0.188,-0.337 0.016,-0.224 -0.08,-0.452 -0.063,-0.685 0.025,-0.341 0.137,-0.622 0.311,-0.901 0.013,-0.011 0.026,-0.022 0.039,-0.033 0.196,0.367 0.221,0.904 0.551,1.183 0.174,0.056 0.348,0.112 0.522,0.167 0.028,0.131 0.102,0.258 0.128,0.391 0.065,0.335 -0.029,0.721 -0.309,0.933 -0.435,0.329 -1.026,-0.025 -1.347,0.543 -0.353,0.624 0.171,1.345 0.558,1.801 0.005,-0.012 -0.05,0.225 -0.031,0.394 0.017,0.151 0.03,0.509 0.164,0.612 0.192,0.149 0.418,-0.249 0.578,-0.311 0.226,-0.087 0.4,0.147 0.56,0.265 0.22,0.162 0.477,0.262 0.701,0.417 0.067,0.046 0.12,0.106 0.2,0.13 0.271,-0.22 0.417,-0.628 0.523,-1.021 0.062,0.189 0.093,0.383 0.086,0.581 0.007,0.202 0.015,0.416 -0.042,0.613 -0.049,0.171 -0.13,0.287 -0.251,0.415 -0.092,0.097 -0.274,0.183 -0.303,0.301 -0.056,0.226 0.253,0.576 0.21,0.847 -0.06,0.076 -0.121,0.155 -0.184,0.232 -0.012,0.007 -0.018,0.016 -0.032,0.023 -0.021,0.01 -0.045,0.008 -0.067,0.012 -0.174,-0.275 -0.412,-0.478 -0.77,-0.51 -0.135,-0.012 -0.27,0.029 -0.401,0.104 -2.425,-1.28 -4.959,-2.381 -7.964,-3.217 0.321,-0.118 0.719,-0.142 0.987,-0.329 -0.315,-0.475 -1.016,-0.445 -1.478,-0.73 z m -2.795,3.977 c 0.02,0.008 0.032,0.026 0.049,0.038 -0.031,0.023 -0.064,0.045 -0.095,0.068 -0.125,0.094 -0.253,0.194 -0.381,0.294 0.15,-0.121 0.294,-0.252 0.427,-0.4 z m -2.192,2.083 c -0.204,0.13 -0.24,0.289 -0.109,0.476 0.031,0.235 0.162,0.404 0.391,0.507 0.199,0.181 0.405,0.352 0.619,0.514 0.278,0.112 0.402,0.317 0.373,0.614 -0.364,0.305 -0.73,0.286 -1.099,-0.056 -0.151,-0.3 -0.302,-0.601 -0.454,-0.901 -0.128,-0.749 -0.362,-1.464 -0.7,-2.144 -0.285,-0.4 -0.652,-0.673 -1.1,-0.818 -0.254,-0.11 -0.479,-0.194 -0.693,-0.227 0.781,-0.138 1.681,0.401 2.38,0.72 0.721,0.329 1.405,0.169 1.989,-0.238 -0.585,0.466 -1.167,0.99 -1.597,1.553 z m -5.885,13.287 c 0.076,-0.105 0.153,-0.189 0.231,-0.273 0.369,-0.007 0.706,-0.153 0.929,-0.444 0.106,-0.003 0.209,-0.01 0.333,0.01 0.396,0.063 0.761,0.254 1.123,0.449 0.005,0.121 -0.026,0.268 -0.088,0.424 -0.137,0.347 -0.411,0.548 -0.361,0.934 0.057,0.435 0.117,0.788 0.627,0.86 0.664,0.093 1.019,-0.652 1.397,-1.066 0,0.056 0.005,0.114 0.006,0.171 -0.108,0.236 -0.206,0.476 -0.337,0.701 -0.248,0.459 -0.61,0.911 -0.625,1.439 0.535,0.17 1.142,0.266 1.646,0.519 0.133,0.074 0.266,0.147 0.398,0.221 0.184,0.082 0.235,0.202 0.153,0.359 0.052,0.606 -1.132,1.101 -0.655,1.637 0.171,0.193 0.364,0.316 0.483,0.555 0.155,0.31 0.107,0.635 0.136,0.964 0.006,0.07 0.023,0.129 0.038,0.188 -0.638,-0.23 -1.256,-0.467 -1.847,-0.713 -0.03,-0.048 -0.056,-0.098 -0.071,-0.152 -0.008,-0.171 -0.047,-0.335 -0.118,-0.492 -0.115,-0.136 -0.225,-0.275 -0.33,-0.418 -0.201,-0.342 -0.261,-0.765 -0.477,-1.094 -0.266,-0.403 -0.767,-0.486 -1.207,-0.382 0.261,-0.26 0.302,-0.609 0.159,-1.088 -0.105,-0.351 -0.324,-0.643 -0.241,-1.011 0.073,-0.324 0.307,-0.723 -0.124,-0.917 -0.234,-0.106 -0.485,-0.082 -0.73,0.005 -0.329,-0.246 -0.565,-0.19 -0.973,-0.096 -0.248,0.057 -0.273,0.069 -0.3,-0.172 -0.016,-0.145 0.015,-0.292 0.061,-0.44 0.283,-0.148 0.53,-0.359 0.764,-0.678 z m 0.791,4.737 c -0.131,0.134 -0.233,0.292 -0.303,0.475 -0.027,-0.369 0.03,-0.381 0.303,-0.475 z m -3.622,5.484 c -0.126,0.456 -0.544,1.01 -1.067,0.947 0.01,-0.017 0.021,-0.033 0.031,-0.05 0.139,-0.264 0.175,-0.642 0.475,-0.789 0.177,-0.086 0.369,-0.111 0.561,-0.108 z m 8.626,3.532 c 0.318,0.162 0.326,0.618 0.37,0.95 -0.45,0.424 -0.951,0.871 -1.501,1.333 0.021,-0.702 0.085,-2.815 1.131,-2.283 z m -3.167,6.296 c 0.093,0.24 0.117,0.454 0.14,0.735 0.002,0.029 0.007,0.052 0.011,0.08 -0.28,0.275 -0.528,0.586 -0.737,0.81 -0.338,-0.259 -0.525,-0.607 -0.576,-1.034 0.393,-0.193 0.779,-0.391 1.162,-0.591 z m 20.649,-19.996 c 0.097,-0.009 0.203,-0.018 0.308,-0.029 -0.067,0.053 -0.136,0.102 -0.203,0.145 -0.037,-0.039 -0.075,-0.077 -0.105,-0.116 z m 7.998,-32.835 c -0.018,-0.138 -0.033,-0.276 -0.036,-0.418 -0.001,-0.025 0.003,-0.05 0.003,-0.075 0.235,-0.013 0.471,-0.027 0.704,-0.034 -0.183,0.247 -0.412,0.388 -0.671,0.527 z m -3.375,-3.155 c -0.23,-0.013 -0.458,-0.003 -0.684,0.031 0.174,0.32 0.369,0.628 0.501,0.968 0.003,0.007 0.003,0.015 0.006,0.023 -0.01,0.006 -0.027,0.005 -0.037,0.012 -0.07,0.049 -0.214,0.287 -0.239,0.314 -0.119,0.129 -0.237,0.233 -0.387,0.321 -0.558,0.326 -0.976,0.062 -1.324,-0.398 -0.215,-0.285 -0.482,-0.698 -0.826,-0.895 0.074,-0.108 0.105,-0.228 0.06,-0.359 -0.038,-0.032 -0.072,-0.069 -0.109,-0.102 -0.002,-0.022 -0.004,-0.045 -0.006,-0.067 0.199,-0.534 1.079,-0.378 1.493,-0.247 -0.149,-0.373 -0.156,-0.713 -0.133,-1.113 0.249,0.015 0.459,0.122 0.633,0.32 0.149,-0.011 0.299,-0.022 0.449,-0.033 0.087,-0.029 0.156,-0.092 0.214,-0.171 -0.16,0.266 -0.237,0.549 -0.065,0.884 0.154,0.091 0.277,0.213 0.37,0.365 0.038,0.045 0.068,0.095 0.104,0.142 -0.008,0.001 -0.014,0.003 -0.02,0.005 z m 20.436,-17.312 c 0.731,-0.298 1.513,-0.133 2.253,-0.41 0.075,-0.028 0.136,-0.055 0.186,-0.082 -0.114,0.079 -0.219,0.171 -0.3,0.31 0.106,0.257 0.315,0.375 0.626,0.354 0.535,0.041 1.068,0.027 1.599,-0.04 0.14,-0.046 0.28,-0.093 0.42,-0.139 -0.497,0.43 -1.446,0.569 -1.949,0.646 -0.7,0.106 -2.986,0.659 -2.835,-0.639 z m 29.254,-7.415 c -0.28,0.213 -0.339,0.442 -0.435,0.758 -0.04,0.131 -0.056,0.263 -0.076,0.395 -0.135,-0.082 -0.273,-0.162 -0.404,-0.245 0.021,-0.401 0.224,-0.698 0.451,-1.023 0.159,-0.232 0.329,-0.456 0.499,-0.68 0.363,0.041 0.721,0.066 1.079,0.094 -0.324,0.299 -0.765,0.434 -1.114,0.701 z m 106.062,-12.559 c -0.091,-0.985 -0.552,-2.184 -0.979,-3.514 -0.003,-0.125 -0.007,-0.249 -0.01,-0.374 -0.071,-0.267 -0.143,-0.534 -0.214,-0.801 -0.017,-0.136 -0.02,-0.272 -0.013,-0.406 0.34,-0.243 0.763,-0.371 1.181,-0.219 0.428,0.155 0.671,0.71 1.12,0.798 0.113,0.022 0.217,-0.006 0.325,0.028 0.049,0.158 0.049,0.326 -0.008,0.508 -0.006,0.311 -0.043,0.619 -0.111,0.923 0.386,0.022 0.741,-0.068 1.064,-0.267 0.143,0.195 0.293,0.384 0.469,0.541 0.115,-0.127 0.256,-0.223 0.396,-0.322 -0.038,0.157 -0.064,0.306 -0.06,0.43 0.009,0.297 0.094,0.571 0.212,0.834 -0.223,0.07 -0.43,0.182 -0.619,0.348 -0.549,0.254 -0.899,0.696 -1.052,1.327 -0.08,0.186 -0.16,0.372 -0.24,0.558 -0.1,-0.125 -0.197,-0.244 -0.293,-0.346 -0.451,-0.485 -0.703,-0.446 -1.168,-0.046 z m 87.203,-35.109 c 0.003,0.022 10e-4,0.044 0.004,0.066 0.041,0.242 -0.084,0.361 -0.21,0.594 -0.243,0.449 -0.68,1.123 -0.061,1.475 0.399,0.227 0.975,-0.092 1.1,0.425 -0.119,0.044 -0.237,0.094 -0.357,0.147 -0.215,0.095 -0.378,0.171 -0.578,0.314 -0.273,0.233 -0.578,0.412 -0.916,0.538 -0.255,0.121 -0.503,0.121 -0.741,-0.001 -0.327,-0.426 0.801,-1.491 0.158,-1.76 -0.221,-0.092 -0.521,0.001 -0.753,-0.022 -0.237,-0.024 -0.517,-0.065 -0.768,-0.134 1.032,-0.544 2.07,-1.086 3.122,-1.642 z m 18.047,2.81 c -0.008,-0.006 -0.018,-0.01 -0.026,-0.016 -0.257,-0.136 -0.481,-0.314 -0.67,-0.535 -0.393,-0.241 -1.168,-0.117 -1.558,-0.037 -0.159,0.038 -0.318,0.076 -0.477,0.115 0.032,-0.067 0.067,-0.128 0.105,-0.177 0.175,-0.223 0.394,-0.295 0.665,-0.32 0.309,0.048 0.618,0.092 0.927,0.132 0.232,0.053 0.466,0.064 0.702,0.035 0.347,-0.014 0.683,-0.05 0.947,-0.291 0.096,-0.087 0.179,-0.185 0.233,-0.294 0.1,0.103 0.18,0.221 0.213,0.369 0.039,0.17 0.062,0.364 0.074,0.559 -0.181,0.11 -0.365,0.213 -0.557,0.289 -0.186,0.075 -0.382,0.124 -0.578,0.171 z m -28.655,36.987 c 0.255,0.004 0.503,-0.006 0.732,-0.054 0.066,0.154 0.164,0.293 0.306,0.411 0.282,0.391 0.63,0.718 1.043,0.979 0.061,0.013 0.105,0.033 0.154,0.051 -0.039,0.101 -0.078,0.203 -0.118,0.304 0.014,0.032 0.028,0.065 0.042,0.097 -0.227,-0.06 -0.44,-0.159 -0.623,-0.344 -0.184,-0.229 -0.409,-0.398 -0.676,-0.504 -0.437,0.304 -0.647,0.747 -0.809,1.256 -0.077,0.241 -0.102,0.565 -0.266,0.764 -0.061,-0.003 -0.125,-0.016 -0.188,-0.028 -0.327,-0.505 -1.314,-1.05 -1.626,-1.63 0.037,-0.225 0.031,-0.453 -0.005,-0.642 0.022,-0.037 0.041,-0.073 0.071,-0.11 0.271,-0.148 0.487,-0.355 0.677,-0.588 0.43,0.01 0.857,0.033 1.286,0.038 z m -16.749,51.908 c -0.064,0.095 -0.217,0.173 -0.303,0.254 -0.191,0.179 -0.372,0.373 -0.556,0.56 -0.238,0.241 -0.538,0.534 -0.72,0.823 -0.11,0.174 -0.213,0.359 -0.137,0.563 -0.455,-0.337 -0.891,-0.697 -1.31,-1.061 0.034,-0.151 0.088,-0.281 0.145,-0.432 0.111,-0.297 0.186,-0.608 0.422,-0.841 0.086,-0.085 0.185,-0.143 0.264,-0.236 0.166,-0.183 0.348,-0.23 0.475,-0.295 0.112,-0.056 0.192,-0.11 0.257,-0.178 0.174,0.16 0.333,0.338 0.453,0.525 0.109,0.17 0.197,0.537 0.393,0.628 0.091,-0.146 0.181,-0.293 0.27,-0.44 0.103,-0.144 0.24,-0.199 0.396,-0.202 0.026,0.109 0.028,0.219 -0.049,0.332 z m 32.56,-90.104 c 0.14,0.005 0.26,-0.021 0.361,-0.074 0.011,0.002 0.021,0.004 0.032,0.006 -0.156,0.386 -0.551,0.75 -0.553,1.182 0.033,0.082 0.067,0.163 0.1,0.245 -0.119,-0.022 -0.235,-0.067 -0.344,-0.178 -0.206,-0.209 -0.429,-0.337 -0.674,-0.414 0.015,-0.008 0.031,-0.006 0.046,-0.016 0.182,-0.131 0.295,-0.352 0.485,-0.488 0.175,-0.126 0.357,-0.204 0.547,-0.263 z m 7.734,-1.446 c -0.003,-0.081 -0.01,-0.162 -0.034,-0.24 -0.019,-0.062 -0.049,-0.124 -0.082,-0.185 0.026,-0.001 0.044,0.007 0.072,0.002 0.114,-0.017 0.241,-0.066 0.369,-0.133 0.291,0.18 0.668,0.442 0.517,0.748 -0.284,-0.1 -0.562,-0.166 -0.842,-0.192 z m -24.472,70.114 c -0.054,0.042 -0.404,0.299 -0.437,0.386 -0.037,0.097 0.158,0.221 0.211,0.294 0.119,0.164 0.196,0.376 0.189,0.582 -0.008,0.268 -0.382,0.199 -0.561,0.199 -0.249,0 -0.496,0.015 -0.744,-0.015 -0.005,0 -0.008,0 -0.013,-0.001 -0.015,0.051 -0.036,0.108 -0.056,0.16 -0.075,0.202 -0.203,0.508 -0.422,0.597 -0.122,-0.077 -0.196,-0.223 -0.331,-0.281 -0.107,-0.046 -0.239,-0.049 -0.352,-0.085 -0.137,-0.044 -0.264,-0.116 -0.401,-0.161 -0.092,-0.03 -0.255,-0.023 -0.327,-0.082 -0.206,-0.169 0.211,-0.464 0.17,-0.667 -0.027,-0.134 -0.302,-0.248 -0.429,-0.317 -0.155,-0.084 -0.365,-0.185 -0.553,-0.159 -0.322,0.046 -0.456,0.548 -0.531,0.822 -0.036,0.133 -0.045,0.266 -0.13,0.381 -0.131,0.177 -0.299,0.311 -0.421,0.5 -0.141,0.217 -0.277,0.457 -0.323,0.716 -0.035,0.201 0.047,0.333 0.128,0.502 0.079,0.163 0.172,0.311 0.185,0.497 0.013,0.197 -0.052,0.363 -0.11,0.544 -0.062,0.195 -0.113,0.362 -0.097,0.569 0.018,0.235 0.161,0.493 0.288,0.685 0.185,0.279 0.413,0.489 0.111,0.774 -0.174,0.164 -0.317,0.338 -0.438,0.531 -0.007,-0.198 -0.035,-0.395 -0.059,-0.564 0.033,-0.231 -0.081,-0.349 -0.339,-0.355 -0.232,0.037 -0.463,0.074 -0.695,0.111 -0.183,0.032 -0.522,0.145 -0.803,0.157 -0.016,-0.107 -0.021,-0.213 -0.005,-0.282 0.055,-0.154 0.127,-0.3 0.202,-0.445 0.385,-0.206 0.84,-0.343 1.069,-0.749 0.341,-0.604 -0.095,-0.696 -0.387,-1.1 -0.201,-0.277 -0.075,-0.486 -0.172,-0.817 -0.118,-0.399 -0.481,-0.556 -0.861,-0.663 0.091,-0.148 0.07,-0.403 0.076,-0.555 0.006,-0.18 -0.017,-0.385 0.04,-0.56 0.088,-0.272 0.491,-0.306 0.607,-0.574 0.036,-0.082 -0.007,-0.143 -0.033,-0.218 -0.127,-0.359 -0.352,-0.901 -0.132,-1.267 0.104,-0.172 0.25,-0.251 0.424,-0.149 0.093,0.091 0.198,0.166 0.314,0.225 0.162,0.033 0.313,0.005 0.454,-0.086 0.172,-0.082 0.43,-0.177 0.536,-0.342 0.156,-0.241 -0.079,-0.433 -0.282,-0.523 -0.234,-0.104 -0.584,-0.147 -0.739,-0.378 -0.107,-0.159 -0.065,-0.414 0.027,-0.568 0.2,-0.335 0.65,-0.418 0.942,-0.64 0.135,-0.102 0.41,-0.278 0.383,-0.473 -0.056,-0.408 -1.034,-0.649 -0.8,-1.077 0.137,-0.25 0.482,-0.439 0.726,-0.575 0.319,-0.176 0.635,-0.273 0.957,-0.066 0.306,0.197 0.837,0.841 1.223,0.622 0.274,-0.156 0.392,-0.625 0.516,-0.885 0.077,-0.162 0.066,-0.187 0.206,-0.154 0.132,0.032 0.144,0.13 0.225,0.204 0.126,0.116 0.531,0.164 0.669,0.18 0.238,0.027 0.551,-0.049 0.688,0.2 0.101,0.184 0.106,0.417 0.173,0.613 0.064,0.189 0.153,0.347 0.29,0.489 0.189,0.196 0.463,0.326 0.612,0.56 0.15,0.237 0.009,0.46 -0.084,0.695 -0.022,0.056 -0.318,0.682 -0.233,0.744 0.192,-0.066 0.951,-0.379 1.059,-0.059 0.054,0.158 0.078,0.424 0.047,0.592 -0.056,0.301 -0.193,0.604 -0.289,0.893 -0.042,0.127 -0.064,0.282 -0.173,0.373 -0.124,0.104 -0.344,0.125 -0.492,0.185 -0.182,0.082 -0.339,0.189 -0.493,0.31 z m -21.97,3.283 c -0.141,-0.282 -0.227,-0.449 -0.142,-0.753 0.037,-0.171 0.104,-0.33 0.201,-0.478 0.032,-0.065 0.064,-0.129 0.096,-0.194 0.128,-0.08 0.458,0.099 0.582,0.137 0.349,0.105 0.647,0.191 0.718,0.585 0.052,0.286 -0.08,0.64 -0.128,0.916 0.151,0.051 0.32,-0.033 0.462,-0.083 0.041,-0.014 0.078,-0.042 0.118,-0.06 0.058,0.102 0.13,0.191 0.233,0.256 -0.011,0.075 -0.061,0.139 -0.125,0.199 -0.146,0.032 -0.241,0.098 -0.297,0.19 -0.111,0.054 -0.221,0.102 -0.302,0.138 -0.282,0.169 -0.58,0.207 -0.892,0.113 -0.083,-0.036 -0.163,-0.077 -0.245,-0.115 0,-0.005 10e-4,-0.009 0,-0.014 -0.033,-0.31 -0.141,-0.561 -0.279,-0.837 z m 4.155,-12.522 c 0.127,-0.094 0.453,-0.098 0.57,-0.131 0.231,-0.065 0.514,-0.145 0.669,-0.34 0.305,-0.385 -0.146,-0.789 -0.101,-1.221 0.041,-0.386 0.617,-0.489 0.99,-0.665 -0.157,0.342 -0.228,0.749 -0.278,1.049 -0.094,0.571 0.018,1.469 -0.373,1.945 -0.192,0.234 -0.568,0.145 -0.814,0.184 -0.359,0.057 -0.389,0.203 -0.571,0.467 -0.046,0.066 -0.094,0.124 -0.142,0.186 -0.053,-0.084 -0.098,-0.172 -0.117,-0.272 -0.049,-0.254 0.076,-0.37 0.085,-0.599 0.009,-0.196 -0.117,-0.455 0.082,-0.603 z m 15.23,-0.59 c 0.173,0.114 0.281,0.373 0.382,0.554 -0.102,-0.076 -0.187,-0.171 -0.232,-0.309 0.17,0.347 -0.254,0.789 -0.46,1 -0.289,0.297 -0.74,0.636 -1.188,0.689 0.025,-0.508 -0.205,-1.098 -0.393,-1.442 -0.216,-0.395 -0.549,-0.726 -0.49,-1.198 0.029,-0.23 0.24,-0.756 -0.116,-0.861 0.003,-0.021 0.016,-0.054 0.024,-0.081 0.939,0.139 1.773,0.19 2.47,0.117 -0.102,0.481 -0.326,0.925 -0.39,1.407 0.13,0.056 0.274,0.045 0.393,0.124 z m -3.203,17.943 c -0.046,0.15 -0.167,0.38 -0.319,0.437 -0.197,0.073 -0.455,0.065 -0.659,0.062 -0.141,-10e-4 -0.626,-0.019 -0.73,-0.218 -0.002,-0.004 0,-0.006 -0.002,-0.01 0.205,-0.154 0.415,-0.314 0.63,-0.421 0.195,-0.097 0.38,-0.088 0.593,-0.099 0.178,-0.009 0.4,0.01 0.572,-0.069 -0.027,0.108 -0.053,0.215 -0.085,0.318 z m -20.814,-9.878 c -0.031,0.149 -0.086,0.326 -0.061,0.444 0.035,0.165 0.17,0.204 0.348,0.178 0.071,0.156 0.153,0.328 0.243,0.499 -0.076,0.106 -0.137,0.224 -0.178,0.356 -0.186,0.399 -0.281,0.771 -0.688,0.991 -0.265,-0.164 -0.551,-0.61 -0.912,-0.537 -0.11,0.022 -0.208,0.103 -0.3,0.201 -0.014,-0.038 -0.028,-0.077 -0.038,-0.107 -0.151,-0.044 -1.211,0.712 -1.433,0.798 -0.711,0.274 -1.49,0.131 -2.005,-0.491 -0.173,-0.209 -0.507,-0.767 -0.12,-0.932 0.511,0.228 0.603,0.691 1.207,0.397 0.268,-0.13 0.53,-0.323 0.758,-0.547 0.118,0.249 0.257,0.513 0.585,0.357 0.562,-0.266 0.904,-1.207 0.583,-1.755 0.476,-0.279 1.045,-0.426 1.595,-0.478 0.192,0.187 0.305,0.394 0.416,0.626 z m 15.018,-20.906 c -0.023,-0.034 -0.041,-0.064 -0.068,-0.101 -0.201,0.044 -0.383,0.169 -0.566,0.281 -0.083,0.028 -0.168,0.053 -0.24,0.097 -0.025,0.015 -0.048,0.038 -0.073,0.055 -0.038,0.013 -0.074,0.034 -0.113,0.041 -0.317,0.059 -0.324,-0.05 -0.442,-0.384 -0.137,-0.387 -0.052,-0.831 -0.462,-0.924 -0.232,-0.052 -0.447,0.101 -0.654,0.168 -0.29,-0.275 -0.439,-0.825 -0.618,-1.176 -0.295,-0.578 -0.434,-0.993 -0.023,-1.59 0.008,-0.012 0.018,-0.025 0.027,-0.037 0.008,0.104 0.016,0.208 0.016,0.314 -10e-4,0.269 -0.052,0.35 0.148,0.523 0.193,0.168 0.392,0.335 0.627,0.441 0.265,0.12 0.245,0.045 0.488,0.002 0.138,-0.025 0.197,-0.018 0.338,0.031 0.136,0.048 0.352,0.24 0.491,0.236 0.36,-0.009 0.367,-0.628 0.38,-0.88 0,-0.008 -0.001,-0.015 -0.001,-0.023 0.055,0.038 0.115,0.082 0.166,0.116 0.388,0.258 0.548,0.114 0.879,0.102 0.035,0.264 0.04,0.527 -0.048,0.752 -0.13,0.336 -0.121,0.643 -0.013,0.995 0.073,0.236 0.259,0.409 0.326,0.636 -0.136,0.183 -0.344,0.264 -0.565,0.325 z m -2.545,1.509 c 0.288,-0.069 0.566,-0.027 0.837,0.09 -0.178,0.266 -0.527,0.467 -0.826,0.42 -0.051,-0.187 -0.08,-0.365 -0.011,-0.51 z m 7.865,-7.648 c -0.16,-0.319 -0.124,-0.6 0.107,-0.843 0.158,-0.039 0.237,-0.132 0.267,-0.258 0.013,0.112 0.02,0.234 0.017,0.369 -0.008,0.363 -0.066,0.783 -0.276,1.074 -0.05,-0.128 -0.09,-0.25 -0.115,-0.342 z m -3.588,-1.647 c 0.093,0.059 0.173,0.145 0.248,0.238 -0.245,-0.022 -0.482,-0.068 -0.684,-0.197 -0.064,-0.039 -0.121,-0.088 -0.183,-0.129 0.193,-0.063 0.382,-0.064 0.619,0.088 z m 3.08,0.119 c 0.576,-0.268 0.804,-0.066 0.874,0.354 -0.356,-0.144 -0.721,-0.21 -1.092,-0.24 0.072,-0.04 0.145,-0.08 0.218,-0.114 z m -4.178,27.174 c 0.301,-0.049 0.608,-0.049 0.92,0.043 0.723,0.214 0.62,0.779 0.305,1.245 -0.28,-0.069 -0.6,-0.047 -0.945,-0.013 -0.217,-0.367 -0.273,-0.792 -0.377,-1.196 0.035,-0.024 0.065,-0.052 0.097,-0.079 z m 4.612,-13.671 c -0.016,-0.007 -0.034,-0.013 -0.05,-0.02 0.017,-0.003 0.034,-0.005 0.052,-0.008 0,0.01 -0.003,0.019 -0.002,0.028 z m -3.05,-0.967 c 0.016,-0.027 0.036,-0.053 0.051,-0.08 0.056,-0.104 0.203,-0.518 0.384,-0.459 0.13,0.254 0.23,0.514 0.361,0.752 -0.26,-0.073 -0.525,-0.144 -0.796,-0.213 z m -17.339,28.799 c -0.019,0.292 0.023,0.572 0.145,0.838 0.143,0.155 0.28,0.316 0.41,0.483 0.207,0.343 -0.076,0.622 -0.417,0.815 -0.153,-0.7 -0.537,-1.464 -0.138,-2.136 z m -3.773,-12.723 c 0.155,0.024 0.234,0.224 0.298,0.346 0.038,0.072 0.072,0.147 0.108,0.221 -0.278,-0.044 -0.515,-0.156 -0.559,-0.447 0.026,-0.03 0.055,-0.065 0.084,-0.1 0.023,-0.011 0.046,-0.023 0.069,-0.02 z m 12.038,18.122 c -0.328,0.248 -0.681,0.459 -1.039,0.66 -0.019,0.01 -0.04,0.018 -0.059,0.028 -0.035,0.019 -0.08,0.047 -0.128,0.079 -0.177,0.098 -0.413,0.251 -0.655,0.369 -0.178,-0.146 -0.379,-0.267 -0.592,-0.349 -0.302,-0.117 -0.592,-0.183 -0.887,-0.336 -0.242,-0.125 -0.47,-0.295 -0.733,-0.372 0.174,-0.507 1.301,-0.404 1.659,-0.351 0.226,-0.214 -0.202,-0.769 -0.31,-0.869 -0.387,-0.36 -0.894,-0.563 -1.377,-0.75 -0.286,-0.111 -0.722,-0.17 -0.776,-0.531 -0.025,-0.165 0.052,-0.424 0.157,-0.677 0.295,0.134 0.931,0.102 1.173,0.016 0.267,-0.096 0.468,-0.353 0.71,-0.502 0.242,-0.149 0.497,-0.281 0.765,-0.344 0.121,0.11 0.241,0.218 0.357,0.309 0.079,0.062 0.16,0.128 0.241,0.192 -0.024,0.376 0.055,0.699 0.421,0.681 0.171,-0.008 0.33,-0.051 0.473,-0.117 0.054,0.026 0.107,0.049 0.161,0.092 0.068,0.054 0.121,0.118 0.173,0.182 -0.056,0.278 -0.108,0.635 0.051,0.788 0.203,0.193 0.544,0.044 0.751,0.304 0.465,0.587 -0.077,1.151 -0.536,1.498 z m -1.105,-37.188 c 0.027,0.02 0.062,0.033 0.094,0.048 0.01,0.211 -0.212,0.36 -0.356,0.532 -0.086,0.103 -0.242,0.278 -0.407,0.478 -0.402,-0.061 -0.794,-0.123 -1.177,-0.184 0.527,-0.475 1.265,-0.935 1.846,-0.874 z m 4.931,1.548 c 0.181,-0.083 0.42,-0.131 0.551,-0.282 0.111,-0.128 0.14,-0.275 0.132,-0.43 0.178,0.061 0.355,0.053 0.576,-0.055 0.305,-0.15 0.555,-0.464 0.787,-0.759 0.119,0.051 0.232,0.114 0.353,0.159 0.27,-0.034 0.396,-0.44 0.507,-0.629 0.112,-0.192 0.202,-0.343 0.267,-0.476 0.277,-0.098 0.496,-0.079 0.734,-0.319 0.188,-0.19 0.336,-0.422 0.441,-0.666 0.128,-0.297 0.205,-0.585 0.368,-0.874 0.133,-0.237 0.312,-0.459 0.399,-0.719 0.5,0.193 0.355,1.315 0.289,1.671 0.206,0.234 0.775,-0.174 0.879,-0.278 0.374,-0.373 0.595,-0.872 0.8,-1.349 0.121,-0.282 0.197,-0.715 0.56,-0.756 0.35,-0.039 1.107,0.375 1.336,0.587 0.272,0.251 0.832,1.042 0.663,1.478 -0.169,0.437 -0.626,0.793 -0.918,1.14 -0.212,0.252 -0.456,0.503 -0.628,0.785 -0.102,0.167 -0.132,0.32 -0.267,0.479 -0.29,0.338 -0.725,0.413 -0.991,0.768 -0.233,0.311 -0.079,0.665 -0.259,0.936 -0.096,0.144 -0.746,0.274 -0.883,0.313 -0.47,0.137 -0.655,0.047 -1.099,-0.117 -0.347,-0.129 -0.528,-0.147 -0.826,0.125 -0.102,0.093 -0.18,0.201 -0.261,0.308 -1.309,-0.279 -2.692,-0.526 -4.081,-0.753 0.192,-0.101 0.385,-0.202 0.571,-0.287 z m -9.123,18.026 c -0.144,0.286 -0.347,0.52 -0.61,0.702 -0.036,0.009 -0.068,-0.003 -0.103,10e-4 -0.16,-0.21 -0.369,-0.415 -0.471,-0.589 -0.135,-0.229 -0.21,-0.414 -0.236,-0.589 0.125,-0.085 0.221,-0.156 0.245,-0.177 0.271,-0.24 0.404,-0.52 0.575,-0.831 0.105,-0.19 0.265,-0.687 0.507,-0.669 0.232,0.7 0.467,1.462 0.093,2.152 z m 45.465,-82.043 c 0.124,0.195 0.277,0.36 0.446,0.51 -0.205,-0.004 -0.383,-0.054 -0.506,-0.173 -0.144,-0.139 -0.156,-0.296 -0.151,-0.452 0.072,0.033 0.142,0.068 0.211,0.115 z m -0.604,13.132 c -0.131,-0.264 -0.15,-0.478 -0.08,-0.653 0.6,-0.032 1.318,-0.055 1.284,0.625 -0.016,0.325 -0.316,0.433 -0.6,0.557 -0.066,-0.109 -0.141,-0.212 -0.245,-0.297 -0.081,-0.066 -0.192,-0.097 -0.313,-0.113 -0.017,-0.04 -0.036,-0.081 -0.046,-0.119 z m -7.287,19.47 c -0.025,-0.016 -0.058,-0.036 -0.093,-0.057 0.091,-0.105 0.211,-0.184 0.378,-0.207 0.158,-0.049 0.31,-0.028 0.456,0.061 0.082,0.145 0.146,0.296 0.196,0.453 -0.329,0.008 -0.628,-0.047 -0.937,-0.25 z m 3.303,-1.432 c 0.051,-0.051 0.105,-0.101 0.167,-0.141 0.014,-0.009 0.035,-0.017 0.051,-0.025 -0.112,0.357 -0.025,0.992 0.034,1.327 -0.166,-0.094 -0.323,-0.197 -0.41,-0.37 -0.02,-0.039 -0.019,-0.076 -0.03,-0.114 0.096,-0.197 0.125,-0.461 0.188,-0.677 z m 3.514,-31.372 c 0.036,-0.008 0.071,-0.008 0.107,-0.014 -0.079,0.033 -0.155,0.067 -0.234,0.099 0.042,-0.028 0.085,-0.056 0.127,-0.085 z M 412.7,239.35 c -0.004,-0.426 -0.094,-0.843 -0.412,-1.046 -0.155,-0.099 -0.319,-0.122 -0.482,-0.099 0.046,-0.24 0.106,-0.475 0.14,-0.652 0.09,-0.467 -0.036,-0.459 -0.49,-0.456 -0.27,0.002 -0.613,0.082 -0.857,-0.07 0.126,-0.356 0.52,-0.662 0.712,-0.993 0.182,-0.313 0.336,-0.747 0.392,-1.115 -0.239,-0.055 -0.596,-0.021 -0.843,-0.133 0.04,-0.017 0.084,-0.038 0.121,-0.05 0.506,-0.154 1.085,-0.085 1.572,-0.291 0.047,0.047 0.085,0.093 0.138,0.14 -0.332,0.151 -0.161,0.654 -0.045,0.855 0.28,0.479 0.738,0.851 1.206,1.127 -0.273,0.272 -0.978,0.457 -1.029,0.932 0.281,0.264 0.779,0.43 0.967,0.758 -0.124,0.174 -0.228,0.36 -0.314,0.556 -10e-4,0.073 0.029,0.133 0.041,0.2 -0.206,0.112 -0.512,0.26 -0.817,0.337 z m 7.133,-26.527 c 0.199,-0.204 0.351,-0.433 0.382,-0.639 0.004,-0.12 0.008,-0.24 0.012,-0.36 0.141,-0.204 0.331,-0.231 0.57,-0.082 0.053,0.152 0.107,0.305 0.16,0.457 -0.008,0.046 -0.016,0.091 -0.025,0.137 -0.304,0.224 -0.708,0.363 -1.099,0.487 z m -6.446,-11.94 c 0.271,-0.083 0.595,-0.07 0.908,-0.034 -0.29,0.134 -0.653,0.259 -0.87,0.08 -0.016,-0.014 -0.023,-0.032 -0.038,-0.046 z m -35.479,50.608 c -0.513,0.208 -1.116,0.335 -1.636,0.253 0.24,-0.121 0.48,-0.241 0.725,-0.362 0.295,-0.025 0.626,0.018 0.911,0.109 z m -3.192,18.36 c 2.665,-0.205 6.096,0.612 9.326,1.407 -0.182,0.359 -0.479,0.64 -0.768,0.912 -0.002,-0.002 -0.004,-0.005 -0.005,-0.007 -0.152,-0.167 -0.286,-0.412 -0.527,-0.452 -0.262,-0.043 -0.594,0.102 -0.792,0.255 -0.347,0.267 -0.245,0.59 -0.154,0.966 0.007,0.064 0.043,0.116 0.061,0.176 -0.019,-0.003 -0.038,0 -0.056,-0.006 -0.503,-0.146 -0.55,-0.871 -1.004,-1.16 -0.421,-0.27 -0.932,-0.392 -1.417,-0.228 -0.058,0.02 -0.108,0.051 -0.158,0.081 0.014,-0.293 -0.279,-0.558 -0.651,-0.621 -0.342,-0.058 -0.772,0.154 -0.985,0.413 -0.108,0.132 -0.299,0.357 -0.245,0.54 -0.112,-0.181 -0.507,-0.164 -0.685,-0.157 -0.901,0.037 -1.348,0.694 -1.794,1.383 -0.138,0.214 -0.31,0.44 -0.404,0.68 -0.03,0.078 -0.041,0.157 -0.093,0.214 -0.292,0.323 -0.602,0.108 -0.765,-0.203 -0.256,-0.488 -0.097,-0.919 0.303,-1.259 0.255,-0.217 0.81,-0.445 0.62,-0.852 -0.162,-0.348 -0.765,-0.607 -1.118,-0.647 -0.553,-0.062 -0.344,0.566 -0.241,0.902 0.11,0.356 0.058,0.549 -0.117,0.88 -0.211,0.397 -0.393,0.808 -0.603,1.204 -0.12,0.226 -0.202,0.191 -0.428,0.267 -0.337,0.113 -0.555,0.385 -0.804,0.622 -0.22,0.209 -0.525,0.43 -0.843,0.435 0.007,-0.06 0.015,-0.119 0.009,-0.182 -0.056,-0.593 -0.299,-0.649 -0.56,-1.062 -0.207,-0.326 -0.1,-0.781 -0.337,-1.105 -0.425,0.124 -2.689,1.499 -2.859,0.742 -0.028,-0.125 0.203,-0.539 0.234,-0.618 0.275,-0.705 0.488,-1.565 0.929,-2.201 0.531,-0.766 1.509,-0.412 2.167,-0.058 0.641,0.345 1.044,0.748 1.45,1.33 0.236,0.339 0.559,0.915 1.005,1.059 0.444,-0.243 0.725,-1.275 0.49,-1.725 -0.194,-0.369 -0.393,-0.19 -0.736,-0.288 -0.688,-0.197 -0.453,-1.128 -0.94,-1.541 -0.43,-0.366 -1.706,0.128 -2.214,0.144 -0.31,0.009 -1.314,0.075 -1.522,-0.357 -0.059,-0.123 -0.062,-0.274 -0.039,-0.435 2.644,0.478 5.268,0.706 7.27,0.552 z m 6.727,-31.208 c -0.03,-0.299 0.32,-0.781 0.619,-0.842 0.126,-0.026 0.315,-0.02 0.441,-0.012 0.185,0.011 0.363,0.075 0.529,0.166 -0.074,0.227 -0.135,0.44 -0.095,0.758 0.052,0.408 0.139,0.814 0.537,0.894 -0.081,0.255 -0.082,0.522 0.008,0.802 0.252,0.147 0.311,0.313 0.176,0.498 -0.299,0.114 -0.577,0.264 -0.845,0.432 -0.019,-0.05 -0.041,-0.096 -0.054,-0.153 -0.078,-0.343 0.005,-0.675 -0.045,-1.015 -0.06,-0.406 -0.285,-0.619 -0.607,-0.859 -0.167,-0.129 -0.34,-0.25 -0.519,-0.361 -0.147,-0.072 -0.195,-0.174 -0.145,-0.308 z m -57.778,60.129 c -0.268,-0.005 -0.46,0.112 -0.574,0.351 -0.138,0.179 -0.303,0.328 -0.463,0.481 -0.042,-10e-4 -0.086,-10e-4 -0.127,-0.002 0.461,-0.367 0.617,-0.977 0.591,-1.567 -0.456,-0.016 -0.806,-0.114 -1.123,-0.479 -0.383,-0.441 -0.489,-1.239 -1.156,-1.378 -0.121,-0.025 -0.256,-0.023 -0.392,10e-4 0.192,-0.6 0.54,-1.158 1.214,-1.681 0.602,-0.576 1.293,-0.814 2.076,-0.712 0.245,0.222 0.393,0.497 0.443,0.826 0.337,0.806 1.076,1.235 1.492,1.944 0.6,1.022 -1.244,1.986 -1.981,2.216 z m 29.793,8.52 c 0.127,-0.743 0.569,-1.073 0.975,-1.645 0.187,-0.061 0.245,-0.171 0.175,-0.328 -0.07,-0.246 -0.069,-0.493 10e-4,-0.743 0.039,-0.163 0.081,-0.326 0.121,-0.489 0.076,0.012 0.155,0.016 0.237,0.011 0.138,0.579 0.07,1.189 0.073,1.782 -0.015,0.345 -0.002,0.69 0.04,1.033 -0.079,0.288 0.004,0.492 0.248,0.61 0.162,0.186 0.363,0.264 0.597,0.249 -0.134,0.225 -0.267,0.48 -0.255,0.678 0.006,0.096 0.044,0.176 0.098,0.248 -0.51,0.321 -0.896,0.396 -1.546,0.241 -0.856,-0.205 -0.903,-0.83 -0.764,-1.647 z m 26.718,-4.52 c 0.022,-0.083 0.028,-0.166 0.033,-0.249 0.02,-0.018 0.038,-0.036 0.052,-0.051 -0.017,0.011 -0.034,0.023 -0.05,0.037 0.021,-0.397 -0.128,-0.79 -0.331,-1.13 -0.062,-0.104 -0.14,-0.203 -0.216,-0.302 0.02,-0.102 0.048,-0.202 0.092,-0.292 0.122,-0.252 1.043,-0.95 1.238,-0.51 0.074,0.167 -0.039,0.339 -0.083,0.492 -0.089,0.307 -0.154,0.64 0.125,0.856 0.204,0.158 0.584,0.456 0.395,0.761 -0.293,0.469 -0.786,0.457 -1.255,0.388 z m 16.911,-26.553 c 0.285,-0.19 0.488,-0.057 0.823,-0.142 0.603,-0.154 0.699,-0.873 0.86,-1.382 0.164,-0.042 0.261,0.128 0.399,0.187 0.034,0.014 0.078,0.019 0.115,0.031 -0.012,0.114 -0.04,0.23 -0.115,0.354 -0.318,0.345 -0.694,0.596 -1.129,0.755 -0.309,0.219 -0.646,0.294 -1.008,0.24 0.017,-0.014 0.034,-0.029 0.055,-0.043 z m 3.492,-1.358 c 0.201,-0.091 0.397,-0.201 0.584,-0.286 0.179,-0.082 0.478,-0.144 0.612,-0.284 0.079,-0.082 0.053,-0.209 0.114,-0.292 0.081,-0.111 0.189,-0.119 0.335,-0.192 0.695,-0.346 0.694,-0.938 0.651,-1.635 0.353,-0.191 0.752,-0.237 1.138,-0.316 -0.131,0.165 -0.215,0.348 -0.203,0.538 0.02,0.313 0.234,0.584 0.26,0.9 0.032,0.376 -0.154,0.774 -0.266,1.12 0.017,-0.072 0.229,0.482 0.588,1.178 0.307,0.595 0.833,1.576 0.006,2.034 -0.409,0.227 -0.897,0.083 -1.209,-0.219 -0.237,-0.172 -0.358,-0.416 -0.361,-0.73 -0.022,-0.173 -0.044,-0.346 -0.065,-0.519 -0.32,-0.378 -1.092,-0.065 -1.535,-0.15 -0.715,-0.138 -0.725,-0.589 -0.649,-1.147 z m -1.951,-22.6 c -0.212,-0.392 -0.523,-0.508 -0.933,-0.35 -0.224,0.079 -0.428,0.197 -0.637,0.305 -0.101,-0.215 -0.275,-0.313 -0.531,-0.28 -0.436,-0.067 -0.909,0.04 -1.33,-0.066 -0.302,-0.076 -0.502,-0.195 -0.842,-0.249 -0.086,-0.014 -0.173,-0.028 -0.259,-0.042 -0.109,-0.19 -0.228,-0.375 -0.364,-0.55 -0.122,-0.13 -0.248,-0.161 -0.378,-0.1 -0.34,-0.252 -0.711,-0.436 -0.979,-0.787 -0.104,-0.154 -0.226,-0.293 -0.365,-0.417 -0.049,-0.003 -0.097,-0.005 -0.146,-0.007 -0.013,-0.018 -0.019,-0.047 -0.03,-0.068 0.05,-0.137 0.098,-0.266 0.13,-0.377 -0.07,-0.012 -0.147,-0.009 -0.224,-0.009 -0.008,-0.205 0.025,-0.415 0.095,-0.54 0.242,-0.433 0.646,-0.671 1.128,-0.728 0.162,0.262 0.146,0.452 0.131,0.765 -0.02,0.235 -0.039,0.47 -0.059,0.706 0.059,0.168 0.118,0.336 0.177,0.504 0.211,0.184 0.496,0.083 0.729,0.064 0.137,-0.011 0.232,0.019 0.373,0.019 0.582,0 0.764,-0.957 0.945,-1.384 0.126,-0.297 0.27,-0.503 0.597,-0.543 0.091,-0.011 0.167,0.006 0.244,0.024 -0.208,0.483 -0.674,0.945 -1.011,1.412 0.183,0.411 1.339,0.529 1.72,0.42 0.343,-0.098 0.237,-0.248 0.38,-0.599 0.185,-0.453 0.652,-1.396 1.309,-1.127 0.298,0.122 0.345,0.489 0.539,0.707 0.488,-0.068 1.336,-0.445 1.779,-0.152 -0.117,0.503 -0.141,0.95 0.168,1.389 0.009,0.018 0.024,0.029 0.033,0.046 -0.416,0.167 -0.972,-0.068 -1.374,-0.05 -0.39,0.758 -0.255,1.417 0.193,2.118 -0.276,0.073 -0.608,0.047 -0.867,0.152 -0.058,0.041 -0.117,0.082 -0.175,0.124 -0.055,-0.112 -0.111,-0.221 -0.166,-0.33 z m 4.765,-3.416 c 0.06,-0.026 0.12,-0.051 0.18,-0.076 0.35,-0.15 0.697,-0.168 1.039,-0.063 -0.299,0.32 -0.371,0.673 -0.334,1.205 -0.304,-0.078 -0.609,-0.146 -0.916,-0.14 -0.32,0.005 -0.563,-0.199 -0.816,-0.391 0.262,-0.206 0.545,-0.383 0.847,-0.535 z m 7.834,-65.487 c 0.022,-0.052 0.039,-0.102 0.059,-0.153 0.016,0.03 0.025,0.058 0.048,0.09 0.286,0.397 0.922,0.604 1.369,0.703 0.384,0.085 0.913,0.027 1.268,0.177 -0.047,0.77 -0.585,1.555 -1.293,1.86 -0.345,0.148 -0.696,0.18 -1.069,0.143 -0.278,-0.029 -0.212,-0.109 -0.312,0.243 -0.064,0.223 -0.141,0.549 -0.251,0.868 -0.188,-0.022 -0.375,-0.044 -0.563,-0.066 -0.383,0.057 -0.766,0.061 -1.149,0.011 -0.234,-0.088 -0.468,-0.176 -0.702,-0.264 -0.456,-0.239 -0.898,-0.501 -1.327,-0.785 -0.161,-0.144 -0.233,-0.272 -0.254,-0.4 0.082,0.067 0.166,0.127 0.208,0.158 0.299,0.221 0.536,0.274 0.879,0.106 0.446,-0.219 0.778,-0.794 1.105,-1.137 0.21,-0.221 0.461,-0.428 0.745,-0.548 0.31,-0.13 0.542,-0.081 0.798,-0.339 0.188,-0.191 0.336,-0.423 0.441,-0.667 z m -40.417,46.563 c 0.013,0.015 0.024,0.036 0.038,0.05 0.462,0.466 1.384,0.398 1.879,0.011 0.157,-0.123 0.463,-0.369 0.811,-0.6 0.571,-0.133 1.081,-0.27 1.521,-0.414 0.097,0.072 0.174,0.184 0.214,0.359 0.095,0.414 -0.423,0.763 -0.61,1.031 -0.217,0.178 -0.284,0.377 -0.202,0.598 0.041,0.165 0.065,0.332 0.072,0.502 -0.143,0.135 -0.285,0.271 -0.428,0.406 -0.346,0.131 -0.702,0.231 -1.065,0.299 -0.314,0.067 -0.581,0.091 -0.673,0.427 -0.051,0.186 -0.032,0.361 -0.02,0.55 0.018,0.287 -0.108,0.942 0.288,1.019 0.214,-0.038 0.43,-0.063 0.647,-0.073 0.23,-0.029 0.46,-0.024 0.69,0.016 0.276,0.095 0.237,0.157 0.339,0.36 0.379,-0.319 0.836,-0.194 1.123,0.204 0.437,0.605 0.212,1.309 -0.366,1.698 -0.37,0.232 -0.776,0.336 -1.218,0.312 -0.384,-0.009 -0.768,-0.008 -1.152,0.004 -0.126,0.151 -0.145,0.328 -0.055,0.53 0.022,0.255 0.044,0.51 0.065,0.765 0.128,-0.033 0.243,-0.094 0.345,-0.186 0.388,-0.164 0.793,-0.243 1.215,-0.238 0.336,-0.012 0.653,0.055 0.952,0.2 0.106,0.154 0.074,0.29 -0.097,0.406 -0.266,0.334 -0.822,0.663 -0.824,1.146 -0.003,0.846 1.296,1.071 1.897,0.967 0.318,-0.055 0.445,-0.069 0.579,-0.317 0.256,-0.475 0.441,-0.762 0.962,-0.96 0.347,-0.132 0.919,-0.369 1.228,-0.038 0.325,0.347 0.213,0.87 0.364,1.279 0.408,-0.039 1.12,-0.293 1.437,0.072 0.131,0.15 0.148,0.365 0.257,0.525 0.087,0.129 0.204,0.226 0.297,0.354 0.226,0.309 0.323,0.667 0.445,1.018 -0.316,0.122 -0.633,0.245 -0.952,0.374 -0.24,-0.013 -0.48,-0.03 -0.718,-0.038 -0.345,-0.028 -0.689,-0.027 -1.034,0.002 -0.285,-0.09 -0.491,-0.015 -0.619,0.225 -0.276,0.223 -0.344,0.529 -0.21,0.915 -1.679,0.756 -3.339,1.579 -4.883,2.427 -0.15,-0.57 -0.285,-1.046 0.106,-1.537 0.332,-0.416 0.88,-0.954 0.862,-1.538 0.121,-0.334 -0.018,-0.558 -0.418,-0.673 -0.237,-0.039 -0.473,-0.078 -0.71,-0.116 -0.51,-0.051 -0.943,0.169 -1.162,-0.343 -0.134,-0.314 -0.167,-0.747 -0.261,-1.08 -0.245,-0.868 -0.418,-1.667 -0.973,-2.378 -0.397,0.091 -1.105,0.564 -1.112,1.075 -0.004,0.286 0.273,0.428 0.394,0.648 0.334,0.607 0.045,1.21 -0.369,1.658 -0.26,0.281 -0.584,0.734 -1.016,0.669 0.227,-0.789 0.228,-1.214 -0.333,-1.849 -0.364,-0.426 -0.751,-0.829 -1.162,-1.21 -0.18,-0.284 -0.402,-0.525 -0.665,-0.723 -0.423,0.444 -0.771,0.789 -1.357,0.981 -0.249,-0.436 -0.226,-0.76 -0.242,-1.251 -0.01,-0.293 0.079,-0.764 -0.149,-0.98 -0.231,-0.22 -1.478,-0.141 -1.129,-0.79 0.103,-0.191 0.316,-0.223 0.453,-0.402 0.244,-0.317 0.264,-1.104 0.224,-1.473 -0.027,-0.245 -0.321,-0.641 -0.278,-0.882 0.004,-0.024 0.032,-0.039 0.04,-0.061 -0.656,0.336 -1.665,0.619 -1.487,0.592 -0.905,0.139 -1.722,0.051 -2.576,-0.254 -0.569,-0.203 -0.784,-0.441 -1.313,-0.214 -0.333,0.143 -0.545,0.474 -0.767,0.749 0.379,0.169 0.962,0.263 1.136,0.728 0.354,0.948 -0.865,1.65 -1.559,1.941 -0.861,0.361 -1.516,0.196 -1.484,-0.777 0.028,-0.841 0.528,-1.821 0.765,-2.628 -0.526,-0.359 -1.16,0.161 -1.568,-0.544 -0.14,-0.241 -0.22,-0.452 -0.327,-0.653 3.575,-1.217 10.739,-1.977 15.898,-2.872 z m -12.935,-19.985 c -0.238,0.098 -0.562,0.166 -0.82,0.174 -0.5,0.016 -0.708,-0.348 -1.14,-0.511 -0.793,-0.299 -1.313,0.39 -1.708,0.964 -0.229,0.333 -0.524,0.384 -0.89,0.242 -0.153,-0.06 -0.3,-0.153 -0.44,-0.263 0.002,-0.008 0.003,-0.017 0.006,-0.025 0.029,-0.124 0.072,-0.242 0.128,-0.355 0.278,0.041 0.58,-0.086 0.834,-0.188 0.161,-0.065 0.849,-0.375 0.933,-0.587 0.091,-0.227 -0.261,-0.586 -0.372,-0.716 -0.154,-0.181 -0.295,-0.369 -0.522,-0.438 -0.368,-0.11 -1.055,0.239 -1.25,-0.227 -0.111,-0.265 -0.128,-0.446 -0.307,-0.691 -0.148,-0.203 -0.319,-0.39 -0.508,-0.555 0.081,-0.017 0.159,-0.044 0.233,-0.085 0.089,-0.077 0.18,-0.152 0.272,-0.226 0.247,-0.029 0.494,-0.034 0.742,-0.014 -0.18,-0.363 -0.58,-0.593 -0.881,-0.858 -0.38,-0.336 -0.771,-0.651 -1.193,-0.932 0.076,-0.266 0.355,-0.388 0.43,-0.673 0.066,-0.247 -0.115,-0.428 -0.1,-0.652 0.039,-0.594 0.921,-0.134 1.253,-0.38 0.044,0.157 0.094,0.308 0.191,0.418 0.154,0.173 0.174,0.141 0.36,0.097 0.097,-0.023 0.199,-0.062 0.301,-0.101 -0.008,0.228 -0.012,0.481 0.21,0.616 0.3,0.182 0.723,0.156 1.073,0.12 -0.272,0.122 -0.513,0.391 -0.396,0.691 0.116,0.298 0.526,0.323 0.787,0.432 -0.489,0.165 -1.23,0.141 -1.374,0.757 -0.086,0.369 0.402,1.045 0.636,1.305 0.214,0.238 0.463,0.43 0.734,0.599 0.298,-0.326 0.475,-0.691 0.877,-0.916 0.29,-0.163 0.827,-0.252 1.04,0.095 -0.159,0.165 -0.573,0.474 -0.58,0.723 -0.007,0.222 0.225,0.347 0.36,0.476 0.09,0.096 0.179,0.192 0.269,0.288 0.093,0.113 0.124,0.232 0.092,0.359 0.047,0.171 -0.036,0.148 0.24,0.149 0.283,-0.001 0.566,0.005 0.849,0.019 0.096,0.022 0.191,0.044 0.287,0.065 -0.149,0.322 -0.326,0.669 -0.656,0.804 z M 360.064,202 c -0.003,0.035 10e-4,0.07 0.004,0.104 -0.032,-0.042 -0.065,-0.085 -0.095,-0.129 0.032,0.006 0.059,0.019 0.091,0.025 z m 0.533,0.613 c -0.045,-0.033 -0.089,-0.068 -0.135,-0.1 0.048,0.016 0.097,0.03 0.145,0.045 -0.012,0.015 -0.004,0.037 -0.01,0.055 z M 349.249,162.56 c 0.043,0.018 0.074,0.041 0.111,0.061 -0.045,0.127 -0.139,0.196 -0.311,0.176 -0.189,0.075 -0.384,0.101 -0.587,0.079 -0.131,0.002 -0.243,-0.023 -0.359,-0.043 0.435,-0.245 0.578,-0.507 1.146,-0.273 z m -1.815,0.068 c -0.749,0.704 -1.098,1.768 -1.73,2.581 -0.033,-0.048 -0.068,-0.098 -0.079,-0.141 -0.048,-0.195 0.082,-0.452 0.134,-0.641 0.081,-0.29 0.129,-0.336 0.33,-0.538 0.265,-0.266 0.188,-0.317 0.12,-0.713 -0.028,-0.349 -0.111,-0.685 -0.249,-1.008 -0.112,-0.18 -0.223,-0.362 -0.333,-0.544 -0.086,-0.207 -0.231,-0.448 0.096,-0.498 0.309,-0.048 0.892,0.43 1.066,0.585 0.158,0.14 0.279,0.26 0.36,0.38 0.172,-0.063 0.349,-0.101 0.538,-0.054 0.021,0.309 0.306,0.491 0.349,0.786 -0.199,-0.04 -0.393,-0.102 -0.602,-0.195 z m -19.497,24.553 c 0.34,-0.065 0.663,-0.177 0.97,-0.337 0.302,-0.126 0.61,-0.239 0.922,-0.339 0.194,-0.166 0.141,-0.412 0.231,-0.629 0.044,-0.106 0.114,-0.22 0.196,-0.336 0.082,1.306 0.16,2.718 0.221,4.161 -0.028,0.006 -0.06,0.009 -0.085,0.016 0,0 0,0 0,0 -0.231,-0.27 -0.541,-0.321 -0.932,-0.153 -0.266,0.139 -0.532,0.279 -0.798,0.418 -0.131,0.24 -0.262,0.481 -0.393,0.722 0.035,0.381 0,0.753 -0.103,1.115 0.016,0.258 -0.101,0.424 -0.353,0.496 -0.292,0.221 -0.619,0.371 -0.983,0.451 -0.196,0.087 -0.385,0.229 -0.61,0.171 -0.223,-0.14 -0.42,-0.308 -0.592,-0.506 -0.162,-0.171 -0.332,-0.335 -0.509,-0.492 -0.336,-0.311 -0.754,-0.674 -1.25,-0.585 -0.351,0.063 -0.545,0.312 -0.929,0.228 -0.086,-0.722 0.089,-1.537 0.598,-2.099 0.266,-0.264 0.567,-0.472 0.905,-0.625 0.298,-0.119 0.544,-0.311 0.739,-0.574 0.135,-0.273 0.199,-0.625 0.177,-0.966 0.165,0.153 0.301,0.345 0.507,0.535 0.703,-0.208 1.353,-0.502 2.071,-0.672 z M 301.5,158.512 c 0.104,-0.298 0.328,-0.414 0.673,-0.348 0.544,0.048 1.011,0.334 1.135,-0.523 -0.013,-0.27 -0.027,-0.539 -0.04,-0.808 -0.287,-0.239 -0.386,-0.52 -0.299,-0.842 0.331,-0.193 0.638,-0.186 0.922,0.018 0.389,0.09 0.565,0.368 0.527,0.835 0.087,0.36 0.18,1.556 0.958,1.187 0.554,-0.263 1.195,-1.251 1.108,-1.848 -0.011,-0.041 -0.022,-0.083 -0.033,-0.124 0.26,-0.053 0.523,-0.165 0.776,-0.296 0.043,0.059 0.086,0.119 0.129,0.178 0.036,0.313 0.072,0.627 0.107,0.94 0.075,0.225 0.15,0.449 0.225,0.674 0.164,0.119 0.341,0.214 0.523,0.3 0.039,0.393 0.257,0.616 0.666,0.654 0.375,0.046 0.75,0.053 1.125,0.019 0.291,0.024 0.561,-0.044 0.81,-0.205 0.07,-0.142 0.101,-0.284 0.111,-0.427 0.181,0.197 0.411,0.323 0.703,0.358 0.417,0.223 0.802,0.13 1.154,-0.28 0.179,-0.427 0.457,-0.591 0.834,-0.492 0.121,0.271 0.21,0.551 0.284,0.835 -0.064,0.092 -0.158,0.169 -0.292,0.228 -0.448,0.016 -0.86,0.152 -1.237,0.406 -0.134,0.223 -0.269,0.447 -0.403,0.67 -0.002,0.016 0,0.033 -0.002,0.049 -0.171,-0.067 -0.335,-0.148 -0.492,-0.249 -0.544,-0.144 -1.407,0.272 -1.834,0.503 -0.193,0.113 -0.387,0.225 -0.581,0.338 -0.346,0.129 -0.666,0.308 -0.957,0.536 -0.13,0.192 -0.259,0.383 -0.388,0.575 -0.286,0.366 -0.296,0.721 -0.031,1.064 0.509,0.082 0.983,-0.001 1.421,-0.249 0.363,-0.119 0.703,-0.284 1.021,-0.495 0.507,0.312 0.908,0.819 1.456,1.05 0.286,0.158 0.596,0.164 0.929,0.018 0.367,-0.112 0.733,-0.153 1.1,-0.139 -0.231,0.307 -0.577,0.585 -0.781,0.805 0.33,0.242 0.884,0.325 1.259,0.488 0.169,0.074 0.337,0.147 0.506,0.22 0.029,0.149 0.112,0.277 0.261,0.379 0.065,-0.057 0.122,-0.122 0.185,-0.18 0.232,0.105 0.463,0.21 0.688,0.33 -0.08,0.236 -0.241,0.413 -0.483,0.531 -0.419,0.391 -0.615,0.87 -0.608,1.428 -0.526,0.064 -0.955,-0.087 -1.279,-0.471 -0.257,-0.17 -0.466,-0.385 -0.627,-0.645 -0.094,-0.266 -0.275,-0.397 -0.545,-0.391 -0.537,-0.123 -0.997,0.13 -1.492,-0.192 -0.131,-0.12 -0.262,-0.24 -0.393,-0.36 -0.341,-0.059 -0.623,0.03 -0.846,0.269 -0.413,0.309 -0.667,0.403 -1.148,0.202 -0.435,-0.17 -0.854,-0.375 -1.257,-0.614 -0.274,0.002 -0.547,0.005 -0.821,0.007 -0.218,0.236 -0.436,0.471 -0.654,0.706 -0.174,0.27 -0.348,0.539 -0.522,0.809 -0.437,0.383 -0.934,0.533 -1.489,0.45 -0.588,0.115 -1.115,-0.038 -1.58,-0.46 -0.157,-0.768 0.137,-1.331 0.884,-1.689 0.337,-0.159 0.673,-0.318 1.01,-0.478 0.451,-0.09 0.693,-0.351 0.726,-0.781 -0.056,-0.166 -0.04,-0.312 0.049,-0.438 0.044,-0.097 0.121,-0.164 0.23,-0.199 0.102,-0.201 0.1,-0.396 -0.004,-0.586 -0.057,-0.177 -0.339,-0.865 -0.588,-0.515 0.016,-0.158 0.051,-0.311 0.108,-0.46 0.07,-0.218 0.007,-0.357 -0.189,-0.418 -0.563,-0.547 -1.44,0.158 -0.472,0.357 -0.714,0.111 -1.751,-0.483 -2.108,-1.05 -0.403,-0.434 -0.446,-0.822 -0.128,-1.164 z m 0.332,24.941 c 0.556,0.285 1.221,0.329 1.46,-0.31 0.12,-0.321 -0.032,-0.792 0.007,-1.131 0.025,-0.225 0.017,-0.357 0.23,-0.439 0.149,-0.057 0.372,-0.019 0.526,0.004 0.338,0.051 0.531,0.204 0.789,0.376 0.206,0.137 0.527,0.171 0.765,0.342 0.526,0.381 0.565,1.11 1.016,1.56 0.197,-0.238 0.257,-0.533 0.414,-0.836 0.257,-0.494 1.163,-0.86 1.634,-0.391 0.18,0.179 0.247,0.629 0.344,0.862 0.197,0.472 0.467,1.081 0.29,1.6 -0.151,0.44 -0.551,0.667 -0.964,0.791 -0.243,0.073 -0.643,0.255 -0.756,0.508 -0.083,0.187 -0.013,0.679 0.167,0.778 0.244,0.135 0.715,-0.06 0.994,0.015 1.644,0.447 -0.095,2.112 -0.63,2.653 -0.419,0.424 -1.441,1.375 -2.007,0.746 -0.37,-0.411 -0.344,-1.336 -0.396,-1.85 -0.058,-0.577 -0.203,-0.524 -0.732,-0.362 -0.315,0.097 -0.687,0.311 -1.027,0.219 0.023,-0.461 0.375,-0.955 0.484,-1.411 0.103,-0.43 0.131,-0.992 0.068,-1.441 -0.349,0.024 -0.849,0.264 -1.193,0.112 -0.227,-0.1 -0.108,-0.371 -0.127,-0.621 -0.014,-0.177 -0.016,-0.475 -0.141,-0.616 -0.144,-0.163 -0.389,-0.086 -0.599,-0.053 -0.304,0.048 -0.59,0.088 -0.871,0.214 -0.559,0.25 -1.035,0.391 -1.635,0.212 -0.152,-0.045 -0.49,-0.103 -0.599,-0.232 -0.14,-0.165 -0.05,-0.461 -0.012,-0.641 0.091,-0.426 0.247,-1.256 0.796,-1.32 0.556,-0.061 1.238,0.423 1.705,0.662 z m -27.306,-23.856 c 0.72,0.754 1.434,1.483 2.128,2.2 -0.355,0.283 -0.754,0.516 -0.916,0.641 -0.46,0.357 -1.005,1.007 -1.672,0.86 -0.589,-0.13 -0.5,-0.656 -0.515,-1.176 -0.017,-0.623 -0.047,-1.429 -0.604,-1.856 -0.411,-0.315 -0.456,-0.185 -0.752,0.18 -0.143,0.176 -0.361,0.415 -0.473,0.618 -0.24,0.435 -0.089,0.997 -0.353,1.43 -0.203,0.332 -0.637,0.638 -0.964,0.799 -0.378,0.185 -1.035,0.375 -1.648,0.407 -0.159,-0.202 -0.162,-0.444 0.167,-0.751 0.268,-0.249 0.583,-0.432 0.892,-0.621 0.561,-0.343 0.913,-0.539 0.638,-1.27 -0.164,-0.434 -0.383,-0.863 -0.579,-1.284 -0.313,0.286 -0.719,0.175 -1.093,0.152 -0.097,-0.006 -0.193,0.001 -0.289,0.001 -0.14,-0.167 -0.213,-0.364 -0.185,-0.709 0.039,-0.49 0.453,-1.255 -0.156,-1.478 -0.424,-0.155 -0.509,0.065 -0.664,0.397 -0.337,0.723 -0.897,1.487 -1.715,1.664 -0.568,0.123 -1.219,0.126 -1.798,0.108 -0.017,-0.001 -0.037,-0.003 -0.055,-0.005 -0.153,-0.08 -0.3,-0.172 -0.434,-0.297 -0.629,-0.587 -0.093,-1.101 0.493,-1.356 0.251,-0.109 0.603,-0.154 0.821,-0.317 0.003,-0.002 0.005,-0.006 0.008,-0.008 -0.007,0.078 -0.008,0.156 0.009,0.234 0.122,0.576 0.693,0.954 1.251,0.828 0.223,-0.05 0.689,-0.127 0.733,-0.402 -0.044,-0.168 -0.078,-0.338 -0.102,-0.51 -0.031,-0.442 -0.039,-0.885 -0.024,-1.327 -0.001,-0.18 0.005,-0.381 -0.014,-0.573 0.307,-0.068 0.628,-0.09 0.927,-0.191 0.333,-0.113 0.463,-0.311 0.655,-0.579 0.231,-0.322 0.357,-0.687 0.54,-1.036 0.228,-0.435 0.551,-0.737 0.951,-0.994 1.544,2.413 3.229,4.583 4.792,6.221 z m -12.232,-36.6 c 0.02,0.023 0.04,0.039 0.061,0.065 0.079,0.096 0.139,0.206 0.191,0.32 -0.08,-0.132 -0.169,-0.255 -0.252,-0.385 z m -6.312,6.479 c 0.241,-0.021 0.516,0.205 0.72,0.317 0.203,0.112 0.417,0.207 0.628,0.308 -0.058,0.078 -0.116,0.155 -0.174,0.233 -0.206,0.284 -0.161,0.357 -0.403,0.249 -0.139,-0.117 -0.294,-0.209 -0.466,-0.276 -0.212,-0.061 -0.424,-0.122 -0.636,-0.183 -0.104,-0.026 -0.205,-0.025 -0.306,-0.032 0.154,-0.297 0.364,-0.592 0.637,-0.616 z m -34.854,-1.926 c -0.076,-0.074 -0.12,-0.168 -0.148,-0.271 0.062,0.001 0.122,-0.004 0.181,-0.01 -0.014,0.1 -0.025,0.195 -0.033,0.281 z m -24.185,-10.059 c 0.255,-0.097 0.276,-0.305 0.471,-0.431 0.176,-0.113 0.357,-0.043 0.584,0.016 0.452,0.119 1.283,0.325 1.494,0.806 0.217,0.495 -0.365,0.65 -0.607,0.978 0.248,0.169 0.515,0.315 0.728,0.532 0.314,0.319 0.232,0.587 0.079,0.947 -0.013,0.031 -0.035,0.056 -0.049,0.086 -0.163,0.092 -0.322,0.174 -0.457,0.174 -0.06,0 -0.119,-0.012 -0.178,-0.028 -0.367,-0.312 -0.687,-0.57 -0.959,-0.783 -0.084,-0.095 -0.164,-0.184 -0.239,-0.256 -0.023,0.003 -0.039,0.018 -0.06,0.025 -0.337,-0.256 -0.549,-0.405 -0.549,-0.405 l -0.349,0.132 c -0.097,-0.135 -0.175,-0.284 -0.22,-0.46 0.05,-0.311 0.042,-0.619 -0.026,-0.924 -0.018,-0.125 -0.049,-0.265 -0.089,-0.407 0.131,0.047 0.273,0.057 0.426,-0.002 z m -43.671,112.201 c 0.043,-0.263 0.086,-0.526 0.128,-0.789 -0.12,-0.359 -0.196,-0.726 -0.228,-1.102 0.288,-0.181 0.594,-0.347 0.956,-0.297 0.423,0.059 0.746,0.401 1.096,0.603 0.492,0.285 1.061,0.016 1.524,-0.23 0.019,-0.317 -0.072,-0.606 -0.271,-0.869 -0.198,-0.332 -0.219,-0.665 -0.065,-0.999 0.234,-0.105 0.469,-0.111 0.705,-0.018 0.372,0.071 0.742,0.15 1.11,0.237 0.231,0.028 0.463,0.057 0.694,0.085 0.442,-0.081 0.788,-0.305 1.037,-0.672 0.133,-0.122 0.253,-0.255 0.371,-0.389 -0.068,0.273 -0.394,0.792 -0.475,0.995 -0.231,0.582 -0.391,0.909 -0.385,1.554 0.003,0.387 -0.073,1.242 0.206,1.587 0.274,0.339 0.878,0.232 1.23,0.554 0.28,0.257 0.477,0.596 0.357,0.933 -0.076,0.214 -0.479,0.568 -0.707,0.654 -0.786,0.296 -1.112,-0.776 -1.755,-0.918 -0.148,-0.032 -0.528,0.064 -0.706,0.082 -0.549,0.053 -1.395,-0.038 -1.864,0.261 -0.234,1.167 1.24,2.334 2.329,2.045 0.448,-0.119 1.019,-0.872 1.567,-0.592 0.362,0.185 0.09,1.123 0.149,1.453 0.524,0.179 1.617,-0.34 1.91,0.36 0.087,0.208 -0.206,0.839 -0.257,1.081 -0.065,0.308 -0.047,0.683 -0.387,0.769 -0.724,0.182 -1.668,-0.83 -2.194,-0.435 -0.056,0.042 -0.096,0.111 -0.141,0.172 -1.564,-1.661 -3.089,-2.682 -5.284,-4.251 -0.49,-0.35 -0.933,-0.72 -1.346,-1.103 0.309,-0.097 0.673,-0.693 0.696,-0.761 z M 129.304,205.17 c 0.324,-0.145 0.475,-0.386 0.451,-0.721 0.066,-0.283 0.088,-0.57 0.064,-0.861 0.666,-0.121 1.387,0.358 1.8,-0.398 0.048,-0.35 0.221,-0.619 0.52,-0.807 0.264,-0.155 0.537,-0.188 0.819,-0.099 0.383,1.003 -0.414,2.052 -0.577,3.035 -0.078,0.473 -0.116,0.929 -0.073,1.407 0.028,0.311 0.076,0.792 0.381,0.984 -0.114,0.132 -0.248,0.241 -0.384,0.347 -0.616,-0.693 -1.54,-0.751 -2.436,-0.483 -0.148,-0.202 -0.022,-0.51 -0.013,-0.747 0.01,-0.263 0.048,-0.822 -0.25,-0.971 -0.566,-0.282 -1.192,0.238 -1.574,0.604 -0.155,-0.054 -0.209,-0.352 -0.261,-0.486 -0.138,-0.351 -0.256,-0.688 -0.529,-0.953 -0.163,-0.24 -0.401,-0.314 -0.713,-0.223 -0.182,0.1 -0.363,0.199 -0.545,0.299 -0.468,0.402 -0.533,0.959 -0.305,1.506 0.151,0.359 0.356,0.643 0.585,0.956 0.169,0.232 0.165,0.437 -0.05,0.638 -0.055,0.051 -0.112,0.085 -0.169,0.113 -0.115,-0.395 -0.309,-0.761 -0.597,-1.092 -0.424,-0.343 -0.603,-0.758 -0.535,-1.246 0.377,-0.179 0.66,-0.458 0.848,-0.838 0.062,-0.382 0.162,-0.753 0.302,-1.113 0.525,-0.092 1.019,0.019 1.481,0.331 0.555,0.347 1.141,0.619 1.76,0.818 z m -20.937,15.283 c 0.068,-0.043 0.18,-0.042 0.295,-0.029 -0.061,0.039 -0.121,0.083 -0.182,0.119 -0.053,0.031 -0.139,0.079 -0.234,0.139 0.009,-0.091 0.027,-0.169 0.121,-0.229 z m 2.864,3.789 c -0.075,0.2 -0.165,0.393 -0.324,0.569 -0.223,0.247 -0.702,0.503 -1.016,0.243 0.098,-0.208 0.391,-0.632 0.319,-0.871 -0.03,-0.098 -0.103,-0.158 -0.187,-0.204 0.393,0.078 0.796,0.166 1.208,0.263 z M 84.04,235.383 c 0.011,0.031 0.021,0.062 0.027,0.093 -0.008,-0.031 -0.017,-0.062 -0.027,-0.093 z m 26.558,6.216 c 0.004,-0.291 0.038,-0.579 0.163,-0.842 0.043,-0.091 0.101,-0.165 0.158,-0.238 0.351,0.264 0.918,-0.256 1.276,-0.003 0.37,0.262 -0.097,1.062 -0.174,1.308 -0.005,0.016 -0.005,0.027 -0.01,0.042 -0.477,-0.112 -0.948,-0.201 -1.413,-0.267 z m 3.341,0.607 c 0.184,-0.104 0.303,-0.252 0.358,-0.444 0.261,-0.038 0.549,0.356 0.712,0.544 0.214,0.196 0.317,0.44 0.341,0.717 -0.567,-0.264 -1.124,-0.486 -1.673,-0.676 0.087,-0.046 0.179,-0.082 0.262,-0.141 z m 6.694,2.584 c 0.09,0.334 -0.033,0.922 0.219,1.244 -0.468,-0.245 -0.958,-0.509 -1.469,-0.79 0.442,-0.064 0.871,-0.238 1.25,-0.454 z m 1.436,0.895 c 0.09,0.194 0.199,0.377 0.327,0.549 0.274,0.164 0.563,0.185 0.868,0.063 0.319,-0.058 0.599,-0.192 0.84,-0.402 0.108,-0.181 0.224,-0.358 0.346,-0.53 0.437,-0.48 1.08,0.32 1.315,0.668 0.253,0.251 0.31,0.528 0.169,0.833 -0.161,0.103 -0.219,0.236 -0.174,0.397 0.856,0.061 1.633,-0.259 2.43,-0.537 0.583,-0.203 1.268,-0.617 1.9,-0.46 0.246,0.055 0.486,0.127 0.723,0.215 0.249,0.199 0.243,0.431 -0.018,0.694 -0.312,0.644 -0.77,1.057 -1.303,1.506 0.021,0.115 0.077,0.21 0.169,0.283 0.13,0.117 0.206,0.266 0.227,0.447 -0.095,0.11 -0.19,0.22 -0.286,0.33 -0.375,0.198 -0.676,0.144 -0.903,-0.162 -0.402,-0.333 -0.523,-0.782 -0.787,-1.225 -0.455,0.215 -0.801,0.552 -1.218,0.789 -0.297,-0.187 -0.601,-0.369 -0.913,-0.546 -0.083,-0.19 -0.212,-0.348 -0.426,-0.445 -0.121,-0.026 -0.239,-0.012 -0.357,0.014 -1.175,-0.627 -2.479,-1.259 -3.994,-2.048 0.348,-0.134 0.712,-0.433 1.065,-0.433 z m 1.037,41.037 c -0.006,0.017 -0.014,0.031 -0.02,0.047 0.004,-0.015 0.009,-0.033 0.012,-0.047 0.003,-10e-4 0.006,0 0.008,0 z m 0.732,6.357 c 0.185,0.24 0.349,0.497 0.523,0.743 0.106,0.151 0.379,0.577 0.606,0.708 -0.346,-0.013 -0.646,-0.137 -0.891,-0.398 -0.273,-0.312 -0.347,-0.665 -0.238,-1.053 z m 10.503,33.454 c -0.002,0.045 -0.004,0.09 -0.009,0.134 -0.016,-0.011 -0.031,-0.021 -0.048,-0.032 0.02,-0.034 0.04,-0.067 0.057,-0.102 z m -2.606,1.034 c -0.06,-0.069 -0.086,-0.143 -0.107,-0.216 0.079,0.066 0.147,0.128 0.223,0.192 -0.041,0.009 -0.083,0.019 -0.116,0.024 z m 0.168,16.992 c 0.252,-0.084 0.503,-0.167 0.755,-0.257 -0.096,0.223 -0.17,0.502 -0.344,0.664 -0.112,-0.021 -0.225,-0.064 -0.339,-0.109 -0.011,-0.103 -0.036,-0.202 -0.072,-0.298 z m 29.442,-33.158 c 0.182,-0.321 0.463,-0.64 0.882,-0.582 0.311,0.044 0.67,0.204 0.807,0.503 0.201,-0.44 0.352,-0.936 0.645,-1.33 0.039,-0.053 0.085,-0.103 0.135,-0.151 0.083,0.108 0.171,0.21 0.242,0.331 0.428,0.728 -0.766,1.707 -1.239,2.071 -0.06,0.046 -0.113,0.073 -0.167,0.103 -0.44,-0.318 -0.875,-0.633 -1.305,-0.945 z m 30.027,8.88 c 0.182,0.268 0.335,0.603 0.467,0.96 -0.093,0.044 -0.183,0.09 -0.261,0.134 -0.194,-0.313 -0.323,-0.684 -0.484,-1.015 0.078,-0.064 0.176,-0.079 0.278,-0.079 z m -18.524,-14.064 c 0.05,0.192 0.069,0.439 10e-4,0.629 -0.097,0.269 -0.723,1.004 -1.063,0.792 -0.147,-0.092 -0.233,-0.576 -0.259,-0.724 -0.053,-0.302 -0.01,-0.519 0.084,-0.805 0.132,-0.4 0.231,-0.796 0.17,-1.162 0.351,0.28 0.693,0.567 1.021,0.865 -0.001,0.002 -0.004,0.004 -0.005,0.006 -0.067,0.155 0.011,0.25 0.051,0.399 z m -4.275,-17.089 c -0.028,-0.056 -0.058,-0.12 -0.089,-0.187 0.201,0.116 0.348,0.262 0.463,0.449 -0.156,-0.011 -0.268,-0.05 -0.374,-0.262 z m -3.266,-14.335 c -0.09,0.418 -0.512,0.482 -0.898,0.518 -0.659,0.061 -0.735,-0.214 -0.917,-0.762 -0.169,-0.507 -0.312,-0.904 -0.281,-1.427 0.417,0.091 0.823,0.184 1.203,0.278 0.318,0.079 0.626,0.183 0.937,0.28 0.027,0.392 0.023,0.8 -0.044,1.113 z m 28.369,3.754 c 0.027,-0.297 0.036,-0.594 0.006,-0.894 0.14,-0.362 0.088,-0.622 -0.158,-0.782 -0.132,0.39 -0.232,0.79 -0.315,1.193 -1.458,-1.482 -3.056,-2.871 -4.642,-4.135 0.374,-0.184 0.777,-0.301 1.194,-0.278 0.768,0.041 1.056,0.609 1.665,0.903 0.537,-0.583 1.256,-1.543 0.838,-2.371 -0.261,-0.066 -0.769,0.245 -0.995,0.279 -0.45,0.067 -0.91,0.035 -1.359,-0.012 -0.799,-0.084 -0.933,-0.251 -0.859,-1.015 0.042,-0.436 0.122,-0.786 0.286,-1.188 0.184,-0.45 0.418,-0.87 0.215,-1.364 -0.103,-0.249 -0.372,-0.569 -0.654,-0.733 0.065,-0.092 0.134,-0.18 0.186,-0.283 0.196,-0.269 0.712,-0.864 1.136,-0.801 0.564,0.083 0.282,1.218 0.273,1.604 -0.021,0.395 -0.008,0.789 0.04,1.182 0.034,0.351 0.052,0.703 0.053,1.055 0.052,0.187 0.103,0.374 0.155,0.562 0.326,0.431 0.764,0.636 1.315,0.614 0.452,0.01 1.177,-0.103 1.304,-0.643 -0.028,-0.246 -0.109,-0.475 -0.243,-0.685 -0.152,-0.175 -0.203,-0.37 -0.155,-0.586 0.241,-0.11 0.825,-0.345 1.085,-0.137 0.243,0.194 0.303,0.556 0.345,0.841 0.037,0.254 -0.143,1.055 0.182,1.247 0.304,0.179 0.632,0.046 0.913,-0.108 0.289,-0.158 0.644,-0.276 0.915,-0.455 0.351,-0.231 0.464,-0.513 0.465,-0.935 0.003,-0.797 -0.442,-1.766 0.215,-2.444 0.22,0.304 0.429,0.628 0.629,0.945 0.231,0.367 0.145,0.705 0.202,1.109 0.227,0.099 0.459,0.099 0.694,0 0.15,-0.124 0.269,-0.129 0.358,-0.015 0.068,0.207 -0.14,0.289 0.218,0.333 0.124,-0.025 0.236,-0.004 0.336,0.063 0.104,0.059 0.215,0.102 0.333,0.128 0.042,0.006 0.083,-0.008 0.125,-0.009 0.023,0.097 0.056,0.188 0.131,0.261 0.219,0.212 0.967,0.276 1.241,0.219 0.278,-0.058 0.512,-0.286 0.772,-0.4 0.428,-0.188 0.88,-0.353 1.338,-0.177 0.042,0.016 0.086,0.033 0.129,0.049 -0.185,0.509 -0.335,1.156 0.185,1.202 0.35,0.031 0.669,-0.079 0.91,-0.282 0.003,0.084 -0.007,0.174 -0.037,0.274 -0.065,0.221 -0.344,0.817 -0.151,1.061 0.174,0.219 0.533,0.118 0.702,0.404 0.38,0.643 -0.234,1.128 -0.736,1.409 -0.417,0.233 -0.859,0.417 -1.305,0.587 -0.335,0.128 -0.903,0.436 -1.281,0.365 -0.559,-0.105 -1.168,-0.607 -1.575,-0.97 -0.261,-0.233 -0.523,-0.793 -0.799,-1.003 -0.211,1.076 -0.57,1.915 -1.439,2.609 -0.253,-0.142 -0.034,-0.578 -0.024,-0.813 0.009,-0.236 -0.025,-0.448 -0.068,-0.679 -0.403,-0.154 -1.03,0.207 -1.406,0.37 -0.224,0.097 -1.14,0.467 -1.243,0.822 0.552,0.23 1.163,0.476 0.683,1.126 -0.537,0.447 -1.097,0.865 -1.679,1.252 -0.139,0.132 -0.299,0.234 -0.454,0.343 -0.065,-0.073 -0.129,-0.144 -0.195,-0.214 z m 14.52,-0.8 c 0.013,-0.13 0.051,-0.188 0.095,-0.225 -0.07,0.046 -0.154,0.088 -0.211,0.05 -0.046,0.07 -0.173,0.093 -0.262,0.122 -0.167,0.054 -0.222,0.085 -0.357,0.166 -0.166,0.099 -0.255,0.172 -0.349,0.345 -0.134,0.245 -0.415,0.357 -0.619,0.542 -0.15,0.137 -0.153,0.359 -0.119,0.554 0.045,0.268 0.235,0.555 0.013,0.802 -0.077,0.086 -0.239,0.142 -0.335,0.21 -0.214,0.151 -0.419,0.319 -0.627,0.479 -0.269,0.207 -0.606,0.456 -0.825,0.717 -0.142,0.169 -0.287,0.349 -0.206,0.583 0.116,0.338 0.391,0.652 0.66,0.87 0.331,0.269 0.435,0.494 0.214,0.873 -0.108,0.185 -0.24,0.306 -0.205,0.54 0.018,0.12 0.088,0.219 0.119,0.335 0.047,0.178 -0.013,0.269 -0.043,0.438 -0.019,0.106 -0.008,0.21 -0.042,0.314 -0.046,0.142 -0.146,0.269 -0.212,0.402 -0.141,0.287 -0.18,0.589 -0.05,0.885 0.061,0.138 0.308,0.397 0.315,0.568 0.006,0.126 -0.132,0.199 -0.217,0.257 -0.458,0.313 -0.966,0.194 -1.4,-0.078 -0.382,-0.239 -0.028,-0.973 0.056,-1.275 0.06,-0.217 0.085,-0.419 0.074,-0.642 -0.002,-0.031 0.011,-0.361 -0.034,-0.42 -0.157,0.138 -0.449,0.204 -0.626,0.253 -0.292,0.08 -0.619,0.181 -0.926,0.176 -0.186,-0.003 -0.725,-0.021 -0.715,-0.258 0.005,-0.129 0.208,-0.24 0.301,-0.304 0.182,-0.126 0.38,-0.228 0.515,-0.41 0.143,-0.194 0.201,-0.454 0.222,-0.695 -0.074,-0.087 -0.291,-0.004 -0.377,0.018 -0.169,0.041 -0.349,0.096 -0.524,0.085 -0.234,-0.015 -0.372,-0.157 -0.327,-0.405 0.04,-0.218 0.306,-0.366 0.475,-0.477 0.124,-0.082 0.404,-0.189 0.47,-0.329 0.041,-0.087 -0.006,-0.185 0.008,-0.275 0.016,-0.102 0.068,-0.195 0.139,-0.269 0.101,-0.105 0.153,-0.097 0.282,-0.071 0.229,0.046 0.986,-0.026 0.863,-0.405 -0.115,-0.015 -0.29,-0.008 -0.391,-0.074 -0.119,-0.077 -0.094,-0.118 -0.047,-0.244 0.042,-0.112 0.126,-0.201 0.167,-0.314 0.028,-0.078 0.039,-0.164 0.06,-0.244 0.053,-0.199 0.148,-0.332 0.242,-0.506 0.15,-0.279 0.268,-0.577 0.533,-0.776 0.097,-0.073 0.202,-0.116 0.294,-0.198 0.19,-0.159 0.377,-0.181 0.511,-0.227 0.22,-0.075 0.339,-0.137 0.444,-0.35 0.083,-0.169 0.146,-0.35 0.217,-0.524 0.109,-0.268 0.205,-0.527 0.291,-0.803 0.041,-0.13 0.077,-0.332 0.174,-0.436 0.282,-0.301 0.841,-0.059 1.16,0.004 0.251,0.05 0.697,0.006 0.815,-0.281 0.064,-0.157 0.004,-0.393 0.028,-0.561 0.026,-0.179 0.091,-0.371 0.193,-0.525 0.156,-0.232 1.163,-0.798 1.296,-0.336 0.05,0.176 -0.085,0.33 -0.15,0.476 -0.13,0.292 -0.24,0.613 0.007,0.865 0.18,0.184 0.516,0.532 0.287,0.807 -0.367,0.439 -0.875,0.342 -1.344,0.201 z m 91.977,-68.282 c 0.03,0.011 0.053,0.037 0.085,0.044 0.096,0.021 0.207,0.023 0.316,0.025 -0.025,0.42 -0.096,0.727 -0.421,1.079 -0.185,0.2 -0.453,0.503 -0.75,0.589 0.224,-0.595 0.476,-1.174 0.77,-1.737 z m 26.834,74.805 c -0.134,-0.306 0.1,-0.539 0.303,-0.784 0.065,-0.079 0.162,-0.19 0.253,-0.31 0.097,0.426 0.189,1.009 -0.132,1.359 -0.026,0.028 -0.054,0.038 -0.081,0.061 -0.138,-0.04 -0.259,-0.134 -0.343,-0.326 z m 0.354,-2.492 c -0.019,0.281 0.018,0.577 0.08,0.859 -0.138,0.008 -0.274,-0.013 -0.41,-0.096 -0.134,-0.082 -0.413,-0.356 -0.307,-0.549 0.061,-0.113 0.45,-0.158 0.523,-0.176 0.039,-0.01 0.074,-0.027 0.114,-0.038 z m -2.625,2.961 c 0.071,0.053 0.121,0.121 0.166,0.194 -0.071,0.051 -0.151,0.095 -0.235,0.135 -0.13,-0.13 -0.247,-0.262 -0.352,-0.397 0.131,-0.049 0.269,-0.046 0.421,0.068 z m -3.936,2.489 c 0.293,0.042 0.561,0.112 0.817,0.263 0.192,0.114 0.375,0.323 0.582,0.41 0.442,0.185 1.063,-0.416 1.231,-0.801 0.285,-0.035 0.75,0.139 1.054,0.272 -0.301,0.313 -1.01,0.802 -1.176,1.209 -0.151,0.37 0.028,0.678 0.167,1.074 0.233,0.662 0.539,1.801 1.384,1.873 0.652,0.055 1.32,-0.393 1.986,-0.527 0.076,0.118 0.162,0.214 0.312,0.282 0.234,0.106 0.573,0.075 0.831,-0.009 0.68,0.661 0.073,2.087 -0.629,2.523 -0.465,0.289 -1.436,0.458 -1.99,0.372 -0.568,-0.089 -0.646,-0.745 -1.111,-1.023 -0.56,-0.335 -1.324,-0.67 -1.965,-0.507 -0.518,0.132 -1.105,0.199 -1.321,0.697 -0.072,0.165 -0.143,0.328 -0.22,0.487 -0.009,-0.05 -0.018,-0.099 -0.027,-0.149 -0.116,-0.123 -0.222,-0.254 -0.318,-0.393 -0.17,-0.301 -0.232,-0.68 -0.145,-1.027 0.093,-0.373 0.362,-0.736 0.641,-0.984 0.267,-0.237 0.715,-0.34 0.923,-0.639 0.24,-0.345 0.311,-0.724 0.094,-1.1 -0.132,-0.228 -0.365,-0.399 -0.611,-0.544 0.063,-0.109 0.089,-0.214 0.022,-0.281 -0.058,-0.059 -0.209,-0.026 -0.283,-0.056 -0.131,-0.054 -0.164,-0.15 -0.229,-0.27 -0.113,-0.207 -0.204,-0.428 -0.313,-0.637 -0.104,-0.2 -0.17,-0.374 -0.182,-0.599 0.174,0.017 0.387,0.072 0.476,0.084 z m 13.423,19.41 c -0.513,0.12 -0.69,-0.03 -0.869,-0.354 0.476,-0.021 0.972,-0.045 1.488,-0.075 -0.012,0.014 -0.025,0.019 -0.037,0.036 -0.051,0.07 -0.083,0.148 -0.105,0.229 -0.145,0.076 -0.312,0.125 -0.477,0.164 z m 20.171,5.311 c -0.096,-0.12 -0.196,-0.246 -0.326,-0.331 -0.109,-0.071 -0.223,-0.091 -0.338,-0.084 0.045,-0.063 0.073,-0.135 0.13,-0.192 0.45,-0.449 0.992,-0.618 1.524,-0.467 -0.147,0.13 -0.26,0.243 -0.295,0.326 0.215,0.28 0.787,0.147 1.085,0.29 -0.188,0.285 -0.54,0.524 -0.831,0.69 -0.454,0.261 -0.652,0.137 -0.949,-0.232 z m 32.771,-3.63 c -0.274,-0.134 -0.471,-0.322 -0.662,-0.536 0.047,-0.041 0.087,-0.086 0.138,-0.124 0.676,-0.5 1.007,-0.016 1.501,0.355 -0.013,0.016 -0.031,0.027 -0.044,0.043 0.115,0.04 0.231,0.079 0.346,0.117 0.039,0.012 0.077,0.034 0.116,0.039 0.19,0.065 0.378,0.135 0.557,0.226 0.005,0.003 0.009,0.007 0.015,0.01 -0.004,0.012 -0.012,0.024 -0.015,0.036 -0.019,0.084 0.033,0.357 0.033,0.393 -10e-4,0.175 -0.02,0.331 -0.073,0.498 -0.196,0.616 -0.682,0.7 -1.249,0.591 -0.353,-0.068 -0.83,-0.197 -1.219,-0.11 -0.012,-0.009 -0.024,-0.016 -0.035,-0.025 -0.076,-0.072 -0.153,-0.143 -0.229,-0.215 -0.055,-0.08 -0.104,-0.162 -0.148,-0.242 -0.056,-0.475 0.604,-0.89 0.968,-1.056 z m 4.041,5.241 c -0.021,0.103 -0.07,0.192 -0.186,0.236 -0.23,0.086 -0.582,-0.021 -0.77,-0.157 -0.08,-0.058 -0.123,-0.13 -0.171,-0.201 0.377,0.04 0.752,0.081 1.127,0.122 z m 11.655,-28.394 c 0.084,-0.322 0.176,-0.75 0.379,-1.021 0.257,-0.343 0.791,-0.273 1.187,-0.327 -0.057,0.223 -0.097,0.459 -0.166,0.618 -0.241,0.555 -0.457,0.784 -1.003,0.757 -0.107,-0.005 -0.248,-0.011 -0.4,-0.015 0.002,-0.004 0.002,-0.008 0.003,-0.012 z m 4.355,-16.304 c -0.149,0.248 -0.336,0.336 -0.562,0.263 -10e-4,-0.107 -0.005,-0.229 -0.01,-0.346 0.043,-0.11 0.1,-0.211 0.204,-0.282 0.334,-0.224 0.75,-0.237 1.134,-0.155 -0.277,0.137 -0.536,0.305 -0.766,0.52 z m 18.373,-56.549 c -0.087,-0.009 -0.144,-0.031 -0.205,-0.051 0.112,-0.111 0.224,-0.222 0.336,-0.333 0.294,-0.104 0.558,0.083 0.766,0.337 -0.294,0.049 -0.589,0.08 -0.897,0.047 z m -44.99,4.008 c -0.015,-0.045 0.018,-0.092 0.105,-0.183 0.08,-0.084 0.182,-0.143 0.291,-0.195 -0.086,0.17 -0.22,0.3 -0.396,0.378 z m -9.508,1.184 c 0.291,-0.101 0.59,0.008 0.874,0.069 0.228,-0.314 0.037,-0.848 0.238,-1.169 0.118,-0.187 0.393,-0.12 0.612,-0.041 0.292,0.105 0.467,0.393 0.75,0.52 0.161,0.072 0.541,0.164 0.692,0.007 0.123,-0.128 0.069,-0.4 0.022,-0.543 -0.114,-0.346 -0.287,-0.648 -0.348,-1.015 -0.071,-0.427 -0.181,-1.092 0.031,-1.498 0.274,-0.525 1.005,-0.396 1.288,0.066 0.311,0.507 0.205,1.229 0.377,1.787 0.185,0.599 0.541,0.642 0.996,0.951 -0.152,0.29 -0.528,0.447 -0.584,0.799 -0.03,0.189 0.063,0.34 0.193,0.466 -1.947,0.448 -3.975,0.833 -6.038,1.176 -1.689,0.281 -3.427,0.34 -5.139,0.299 0.131,-0.119 0.262,-0.238 0.393,-0.357 0.142,-0.237 0.203,-0.511 0.224,-0.797 0.279,0.177 0.62,0.257 0.96,0.219 0.48,-0.053 1.327,-0.347 1.332,-0.959 0.002,-0.321 -0.29,-0.553 -0.295,-0.847 0.44,-0.31 0.88,-0.293 1.313,0.009 0.251,0.175 0.459,0.394 0.622,0.653 0.103,0.164 0.164,0.37 0.291,0.516 0.335,0.389 0.816,-0.18 1.196,-0.311 z m -7.154,-9.127 c -0.174,0.103 -0.544,0.178 -0.642,0.37 0.143,0.097 0.286,0.192 0.43,0.286 0.176,0.135 0.24,0.308 0.192,0.518 0.018,0.362 -0.023,0.72 -0.125,1.073 -0.026,0.406 -0.203,0.689 -0.531,0.85 -0.41,0.283 -0.85,0.341 -1.24,-0.002 -0.138,-0.122 -0.148,-0.247 -0.333,-0.158 -0.272,0.13 -0.383,0.394 -0.697,0.504 -0.026,0.009 -0.049,0.01 -0.074,0.017 -0.023,-0.055 -0.046,-0.11 -0.07,-0.164 0.105,-0.294 0.287,-0.532 0.547,-0.715 0.116,-0.142 0.231,-0.283 0.347,-0.425 0.118,-0.28 0.067,-0.508 -0.152,-0.683 -0.158,-0.249 -0.375,-0.432 -0.654,-0.551 -0.154,-0.003 -0.254,-0.063 -0.299,-0.179 0.164,-0.183 0.226,-0.389 0.236,-0.593 0.023,-0.069 0.045,-0.139 0.054,-0.221 0.045,-0.4 -0.119,-0.896 -0.334,-1.236 -0.289,-0.458 -0.744,-0.127 -1.166,-0.069 -0.267,0.037 -1.177,0.115 -1.194,-0.332 -0.008,-0.231 0.336,-0.38 0.41,-0.573 0.119,-0.31 0.065,-0.558 0.243,-0.884 0.243,-0.448 0.617,-0.634 1.055,-0.834 0.265,-0.057 0.481,-0.189 0.647,-0.395 0.076,-0.208 0.136,-0.42 0.181,-0.636 0.029,-0.08 0.044,-0.161 0.054,-0.242 0.059,0.044 0.121,0.074 0.176,0.08 0.388,0.047 0.434,-0.556 0.732,-0.619 0.284,-0.059 0.6,0.644 0.642,0.799 0.068,0.273 0.056,0.542 -0.036,0.806 -0.047,0.173 -0.106,0.342 -0.177,0.506 0.017,0.181 0.2,0.154 0.348,0.164 0.298,0.02 0.536,0.117 0.801,0.246 0.167,0.235 0.366,0.442 0.633,0.602 0.46,0.275 1.006,0.627 1.027,1.211 0.022,0.636 -0.51,1.171 -1.031,1.479 z m -37.262,-35.623 c 0.312,-0.115 0.624,-0.23 0.936,-0.344 1.008,0.172 0.631,1.362 0.482,2.064 -0.131,0.618 -0.201,1.139 -0.8,1.417 -0.482,0.224 -1.214,0.461 -1.458,0.991 -0.258,0.245 -0.233,0.508 0.074,0.789 0.194,0.14 0.389,0.281 0.583,0.421 0.096,0.06 0.193,0.104 0.288,0.146 -0.257,0.076 -0.523,0.136 -0.807,0.16 -0.894,-0.143 -1.521,0.125 -1.881,0.804 0.626,0.695 0.983,1.513 1.069,2.454 -0.31,0.957 -0.915,1.329 -1.817,1.118 -0.407,0.062 -0.801,0.045 -1.187,-0.012 0.619,-1.509 1.015,-3.016 1.583,-5.001 0.057,-0.201 0.135,-0.379 0.2,-0.572 0.251,-0.191 0.388,-0.398 0.542,-0.77 0.161,-0.387 0.238,-0.723 0.22,-1.068 0.374,-0.741 0.799,-1.434 1.276,-2.085 0.213,-0.193 0.441,-0.369 0.697,-0.512 z m -0.362,-11.277 c -0.207,-0.218 -0.137,-0.6 -0.228,-0.859 -0.121,-0.342 -0.351,-0.765 -0.535,-1.084 -0.278,-0.483 -0.512,-0.286 -0.925,-0.579 -0.368,-0.261 -0.209,-0.777 -0.614,-0.89 -0.459,-0.128 -1.731,0.152 -1.795,0.709 0.272,0.238 0.609,0.294 0.714,0.656 0.038,0.13 0.027,0.316 0.011,0.496 -0.206,-0.084 -0.394,-0.203 -0.544,-0.397 -0.737,-0.952 0.633,-2.18 1.546,-2.265 0.545,-0.051 1.489,0.231 1.947,0.555 0.469,0.333 0.246,0.955 0.537,1.411 0.352,0.55 0.885,1.19 1.532,1.33 0.094,0.02 0.189,0.043 0.283,0.066 -0.078,0.297 -0.24,0.543 -0.619,0.753 -0.35,0.193 -0.975,0.451 -1.31,0.098 z m -46.891,-20.952 c 0.026,0.084 0.079,0.177 0.109,0.264 -0.042,-0.01 -0.089,-0.02 -0.133,-0.031 0.003,-0.08 0.01,-0.158 0.024,-0.233 z m -14.018,-10.401 c -0.026,0.119 -0.05,0.235 -0.072,0.351 -0.079,-0.278 -0.161,-0.564 -0.243,-0.85 0.13,-0.013 0.256,-0.031 0.367,-0.051 0.098,0.131 -0.022,0.409 -0.052,0.55 z m -47.418,-13.179 c 0.365,0.238 0.736,0.465 1.115,0.681 0.256,0.073 0.449,0.218 0.58,0.433 -0.097,0.176 -0.268,0.306 -0.282,0.507 -0.022,0.313 0.247,0.514 0.503,0.636 0.279,0.198 0.579,0.189 0.902,-0.029 0.193,-0.152 0.387,-0.304 0.58,-0.456 0.111,-0.156 0.222,-0.311 0.332,-0.467 0.056,-0.094 0.111,-0.187 0.167,-0.281 0.005,-0.003 0.011,-0.002 0.016,-0.005 -0.001,0.136 0.048,0.252 0.188,0.335 0.187,-0.062 0.298,-0.175 0.408,-0.305 0.136,0.053 0.265,0.116 0.356,0.165 0.312,0.167 0.801,0.555 0.882,0.926 0.059,0.267 -0.086,0.316 -0.254,0.482 -0.276,0.274 -0.25,0.438 0.019,0.731 0.227,0.247 0.47,0.481 0.745,0.674 0.234,0.164 0.262,0.195 0.238,0.447 -0.055,0.062 -0.118,0.128 -0.185,0.209 -0.106,0.136 -0.212,0.272 -0.317,0.408 -0.021,0.121 -0.041,0.242 -0.061,0.363 0.137,0.171 0.301,0.232 0.491,0.186 0.024,0.38 0.131,0.741 0.425,1.055 0.238,0.255 0.515,0.447 0.797,0.653 0.287,0.21 0.675,0.541 0.713,0.932 -0.058,0.195 -0.116,0.391 -0.173,0.586 -0.207,0.18 -0.413,0.36 -0.62,0.54 -0.42,0.262 -0.831,0.2 -1.237,0.068 0.032,-0.152 0.141,-0.285 0.256,-0.434 0.243,-0.313 0.68,-0.652 0.865,-1.003 0.097,-0.184 0.252,-0.503 0.029,-0.663 -0.232,-0.167 -0.69,-0.104 -0.958,-0.097 -0.285,0.008 -0.524,0.07 -0.773,0.163 0.019,-0.037 0.042,-0.07 0.057,-0.113 -0.092,-0.167 -0.183,-0.334 -0.274,-0.5 -0.198,-0.108 -0.396,-0.216 -0.594,-0.324 -0.572,-0.065 -0.838,0.463 -1.142,0.846 -0.097,0.217 -0.261,0.342 -0.492,0.375 -0.194,0.139 -0.39,0.139 -0.589,0 -0.326,-0.109 -0.612,-0.374 -0.948,-0.404 -0.055,0.201 -0.187,0.323 -0.396,0.367 -0.332,-0.035 -0.502,-0.218 -0.51,-0.551 0.296,-0.298 0.649,-0.479 1.059,-0.543 0.416,-0.098 0.811,-0.254 1.183,-0.467 0.066,-0.42 -0.05,-0.791 -0.348,-1.114 -0.184,-0.199 -0.258,-0.419 -0.224,-0.66 0.017,-0.134 0.006,-0.266 -0.032,-0.397 -0.271,-0.187 -0.565,-0.254 -0.884,-0.201 -0.45,0.002 -0.961,0.177 -1.429,0.152 0.214,-0.133 0.427,-0.308 0.415,-0.527 -0.037,-0.631 -0.799,-0.916 -1.306,-1.066 -0.03,-0.161 0.202,-0.356 0.292,-0.468 0.236,-0.295 0.469,-0.564 0.564,-0.933 0.127,-0.261 0.073,-0.504 -0.161,-0.729 -0.168,-0.103 -0.336,-0.206 -0.504,-0.309 0.178,-0.005 0.352,0.023 0.516,0.126 z m -14.869,-13.924 c 0.153,0.13 0.38,0.299 0.28,0.533 -0.097,0.226 -0.417,0.407 -0.645,0.448 -0.097,0.018 -0.179,-0.001 -0.264,-0.015 0.008,-0.106 0.047,-0.217 0.1,-0.377 0.088,-0.261 0.18,-0.519 0.27,-0.778 0.087,0.063 0.18,0.122 0.259,0.189 z m -11.595,12.583 c 0.057,0.239 -0.012,0.506 0.087,0.698 -0.102,-0.035 -0.212,-10e-4 -0.33,0.117 -0.133,0.193 -0.266,0.387 -0.4,0.58 -0.09,0.135 -0.217,0.409 -0.371,0.618 -0.176,0.002 -0.351,-0.029 -0.518,-0.09 -0.038,-0.582 0.441,-1.158 0.254,-1.774 -0.058,-0.191 -0.131,-0.301 -0.216,-0.369 0.041,-0.022 0.085,-0.042 0.124,-0.064 0,-0.017 -0.011,-0.036 -0.013,-0.054 0.296,-0.064 0.575,-0.173 0.799,-0.351 0.346,0.116 0.5,0.337 0.584,0.689 z m 3.328,35.683 c -0.226,-0.086 -0.515,-0.178 -0.731,-0.336 0.114,-0.046 0.241,-0.095 0.276,-0.207 0.028,-0.09 -0.001,-0.163 -0.048,-0.228 0.495,-0.113 0.801,-0.338 1.093,-0.922 0.04,-0.076 0.067,-0.157 0.105,-0.234 0.54,0.257 0.882,0.794 0.959,1.406 0.009,0.073 0.013,0.16 0.014,0.249 -0.437,0.528 -1.1,0.487 -1.668,0.272 z m 6.725,-11.666 c 0.358,0.037 0.681,-0.036 0.969,-0.22 0.328,-0.096 0.436,-0.349 0.324,-0.759 0.024,-0.538 -0.243,-1.363 0.498,-1.501 0.149,-0.011 0.299,-0.022 0.448,-0.033 0.228,0.002 0.402,-0.072 0.533,-0.204 0.04,1.01 0.056,2.043 0.054,3.079 -0.057,0.078 -0.098,0.163 -0.175,0.231 -0.347,0.286 -0.731,0.348 -1.154,0.185 -0.238,-0.149 -0.484,-0.184 -0.737,-0.105 -0.055,0.122 -0.133,0.228 -0.231,0.318 -0.173,0.118 -0.364,0.181 -0.574,0.19 -0.273,-0.085 -0.534,-0.196 -0.785,-0.334 -0.141,0.007 -0.253,-0.037 -0.335,-0.133 0.306,-0.432 0.625,-0.589 1.165,-0.714 z m 2.417,14.892 c 0.137,1.189 0.334,2.409 0.562,3.616 -0.531,-0.621 -0.813,-1.71 -0.861,-2.428 -0.03,-0.46 0.11,-0.831 0.299,-1.188 z m -22.232,27.873 c -0.1,-0.028 -0.193,-0.068 -0.29,-0.122 -0.153,0.164 -0.295,0.295 -0.563,0.331 -0.004,0.001 -0.008,-0.001 -0.011,-0.001 0.016,-0.053 0.04,-0.102 0.04,-0.162 -0.002,-0.135 0.039,-0.254 0.124,-0.359 0.216,0.018 0.512,0.069 0.815,0.099 -0.043,0.063 -0.081,0.137 -0.115,0.214 z m -49.252,8.135 c 0.168,-0.055 0.306,-0.244 0.424,-0.372 0.09,-0.098 0.173,-0.2 0.255,-0.298 0.367,-0.168 0.844,-0.258 1.175,-0.137 0.27,0.098 0.44,0.37 0.647,0.553 0.427,0.378 0.951,0.579 1.422,0.885 1.246,0.813 -1.203,1.808 -0.62,2.476 -0.14,0.145 -0.269,0.305 -0.36,0.46 -0.162,0.275 -0.158,0.298 -0.486,0.169 -0.801,-1.18 -1.654,-2.317 -2.537,-3.399 0.012,-0.116 0.037,-0.229 0.08,-0.337 z m -5.022,-0.662 c -0.339,0.577 -0.337,1.301 -0.097,1.931 -0.297,-0.063 -0.593,-0.174 -0.843,-0.286 -0.212,-0.095 -0.334,-0.185 -0.492,-0.359 -0.275,-0.302 -0.814,-0.713 -0.876,-1.138 0.137,-0.146 0.513,-0.113 0.525,-0.336 -0.219,-0.226 -1.258,-0.883 -0.963,-1.253 0.509,0.055 1.049,0.173 1.499,0.428 0.352,0.199 0.458,0.446 0.702,0.727 0.193,0.222 0.38,0.281 0.56,0.261 -0.004,0.008 -0.011,0.017 -0.015,0.025 z m -2.83,20.732 c 0.002,-0.702 0.27,-0.553 0.737,-0.856 0.02,-0.013 0.046,-0.036 0.068,-0.052 0.148,0.472 -0.085,0.868 -0.459,1.214 -0.12,0.111 -0.191,0.147 -0.274,0.125 -0.004,-0.141 -0.022,-0.284 -0.072,-0.431 z m -20.5,13.037 c 0.064,-0.013 0.142,-0.018 0.209,-0.029 0.058,0.119 0.149,0.214 0.297,0.268 0.229,0.185 0.494,0.29 0.796,0.313 0.147,-0.046 0.261,-0.022 0.34,0.074 -0.097,0.226 -0.09,0.441 -0.034,0.637 0,0.073 0.002,0.146 0.02,0.227 0.085,0.393 0.399,0.811 0.711,1.064 0.42,0.341 0.746,-0.117 1.127,-0.307 0.241,-0.12 1.079,-0.485 1.237,-0.067 0.082,0.216 -0.196,0.467 -0.205,0.674 -0.014,0.332 0.117,0.55 0.053,0.915 -0.087,0.502 -0.381,0.798 -0.733,1.128 -0.233,0.139 -0.395,0.333 -0.487,0.581 -0.005,0.221 0.006,0.441 0.032,0.661 -0.004,0.196 0.04,0.38 0.134,0.553 0.179,0.065 0.36,0.124 0.543,0.177 0.174,0.082 0.351,0.189 0.513,0.314 -0.03,0.003 -0.058,0 -0.088,0.005 -0.141,-0.133 -0.309,-0.244 -0.547,-0.308 -0.3,-0.081 -0.58,-0.084 -0.871,-0.208 -0.344,-0.147 -0.614,-0.331 -0.635,-0.719 -0.025,-0.466 0.162,-1.034 -0.183,-1.437 -0.327,0.045 -0.548,-0.021 -0.87,-0.098 -0.331,-0.08 -0.588,-0.033 -0.708,-0.323 -0.24,-0.582 -0.411,-0.939 -0.922,-1.373 -0.178,-0.151 -0.451,-0.381 -0.744,-0.553 0.12,-0.104 0.236,-0.218 0.254,-0.341 -0.166,-0.046 -0.332,-0.09 -0.499,-0.134 -0.21,-0.072 -0.326,-0.215 -0.348,-0.43 -0.133,-0.337 -0.208,-0.69 -0.225,-1.057 -0.006,-0.02 -0.005,-0.038 -0.009,-0.059 0.718,-0.008 1.348,-0.05 1.842,-0.148 z m -4.241,10.152 c 0.272,0.111 -0.093,0.643 -0.18,0.763 -0.039,0.053 -0.09,0.087 -0.135,0.129 0.166,-0.003 0.326,-0.07 0.492,-0.031 0.171,0.04 0.308,0.174 0.443,0.28 0.238,0.188 0.278,0.319 0.127,0.601 -0.102,0.19 -0.231,0.37 -0.398,0.508 -0.264,0.216 -0.331,0.074 -0.478,-0.163 -0.204,0.277 -0.498,0.424 -0.783,0.603 -0.24,0.151 -0.453,0.515 -0.737,0.261 -0.263,-0.235 -0.549,-0.483 -0.753,-0.771 -0.193,-0.272 -0.462,-0.617 -0.539,-0.946 -0.107,-0.459 0.393,-0.855 0.577,-1.221 0.146,-0.289 -0.027,-0.526 -0.317,-0.597 -0.353,-0.087 -0.861,-0.284 -0.957,-0.696 -0.041,-0.178 0.052,-0.832 0.313,-0.826 0.135,0.195 0.401,0.605 0.66,0.428 0.179,-0.122 0.461,-0.243 0.645,-0.072 0.101,0.094 0.112,0.303 0.176,0.428 0.051,0.101 0.118,0.205 0.21,0.275 0.152,0.115 0.172,0.133 0.187,0.347 0.02,0.293 -0.022,0.562 0.255,0.747 0.378,0.25 0.812,-0.202 1.192,-0.047 z m -11.803,-2.912 c 0.212,0.031 0.276,-0.108 0.34,-0.286 0.175,-0.486 0.187,-1.024 0.373,-1.508 0.103,-0.268 0.363,-0.36 0.595,-0.507 0.235,-0.15 0.512,-0.076 0.756,-0.179 0.231,0.062 0.576,0.159 0.983,0.25 0.179,0.04 0.389,0.088 0.598,0.153 0.143,0.386 0.266,0.781 0.369,1.172 0.226,-0.139 0.352,-0.325 0.577,-0.429 0.034,0.119 0.049,0.25 0.019,0.406 -0.089,0.459 -0.512,0.741 -0.945,0.786 -0.285,0.072 -0.549,0.007 -0.792,-0.193 -0.147,-0.094 -0.293,-0.189 -0.44,-0.283 -0.495,0.003 -0.751,0.795 -1.1,1.08 -0.657,0.536 -1.026,0.068 -1.484,-0.449 -0.022,-0.025 -0.046,-0.058 -0.068,-0.086 0.073,0.027 0.146,0.063 0.219,0.073 z m 0.625,7.813 c 0.278,0.037 0.358,0.288 0.479,0.511 0.029,0.053 0.319,0.682 0.421,0.656 0.073,-0.189 0.32,-0.972 0.634,-0.85 0.156,0.06 0.375,0.213 0.484,0.344 0.195,0.236 0.339,0.536 0.5,0.795 0.071,0.114 0.175,0.23 0.175,0.372 0,0.161 -0.125,0.344 -0.174,0.496 -0.028,0.087 -0.045,0.174 -0.058,0.262 -1.005,-0.415 -1.939,-0.898 -2.778,-1.402 0.034,-0.314 0.059,-0.63 0.16,-0.934 -0.173,-0.072 -0.362,-0.119 -0.554,-0.158 0.235,-0.037 0.473,-0.124 0.711,-0.092 z m -1.964,-0.134 c -0.079,-0.021 -0.159,-0.04 -0.239,-0.06 0.069,-0.041 0.144,-0.069 0.238,-0.051 0.166,0.033 0.316,0.128 0.469,0.205 -0.16,-0.025 -0.317,-0.054 -0.468,-0.094 z m 36.41,31.941 c 0.155,0.096 0.31,0.197 0.483,0.288 0.084,-0.128 0.15,-0.261 0.212,-0.395 0.45,0.02 0.9,0.01 1.348,-0.047 0.183,-0.061 0.366,-0.121 0.549,-0.182 0.288,-0.216 0.512,-0.485 0.675,-0.806 0.073,-0.101 0.192,-0.247 0.333,-0.387 0.153,-0.058 0.308,-0.118 0.46,-0.173 0.215,0.007 0.438,0.06 0.65,0.089 0.103,0.388 -0.028,1.007 -0.035,1.274 -0.021,0.395 -0.008,0.789 0.04,1.182 0.017,0.17 0.017,0.342 0.026,0.512 -0.345,0.142 -0.937,-0.076 -1.216,-0.203 -0.347,-0.082 -0.539,-0.29 -0.578,-0.623 0.084,-0.172 0.064,-0.315 -0.059,-0.43 -0.763,0.394 -1.259,1.072 -1.794,1.724 -0.392,0.477 -0.761,1.187 -1.383,1.382 -0.239,0.081 -0.481,0.145 -0.729,0.193 -0.316,-0.04 -0.432,-0.241 -0.346,-0.601 -0.069,-0.712 0.107,-1.304 0.328,-1.964 -0.078,-0.088 -0.175,-0.139 -0.291,-0.154 -0.031,-0.006 -0.057,-0.023 -0.086,-0.033 0.476,-0.219 0.948,-0.434 1.413,-0.646 z m 7.69,56.246 c 0.084,0.067 0.164,0.132 0.245,0.198 -0.254,0.017 -0.551,0.131 -0.764,0.142 -0.089,-0.127 -0.15,-0.266 -0.186,-0.419 -0.076,-0.145 -0.149,-0.292 -0.224,-0.438 0.261,0.175 0.515,0.366 0.783,0.478 0.055,0.024 0.096,0.024 0.146,0.039 z m 5.569,25.133 c 0.296,0.065 0.761,-0.138 0.902,0.107 0.015,0.027 0.01,0.064 0.019,0.095 -0.081,-0.039 -0.169,-0.072 -0.284,-0.094 -0.187,-0.035 -0.471,0.015 -0.644,-0.069 -0.021,-0.01 -0.044,-0.038 -0.067,-0.056 0.025,0.005 0.049,0.012 0.074,0.017 z m 35.941,-34.067 c 0.135,0.043 0.276,0.057 0.425,0.019 0.006,-10e-4 0.012,0 0.018,0 -0.052,0.122 -0.077,0.264 -0.076,0.423 -0.023,0.008 -0.047,0.017 -0.069,0.025 -0.105,-0.021 -0.201,-0.028 -0.312,-0.059 0.026,-0.135 0.039,-0.284 0.014,-0.408 z m 22.081,4.114 c -0.242,-0.253 -0.523,-0.485 -0.747,-0.677 0.159,-0.188 0.373,-0.366 0.613,-0.499 0.086,0.388 0.123,0.781 0.134,1.176 z m -12.517,-15.606 c 0.141,-0.044 0.365,-0.066 0.484,-0.166 0.155,-0.129 0.183,-0.311 0.22,-0.488 0.32,0.302 0.654,0.427 0.846,0.163 0.003,0.263 -0.31,0.343 -0.495,0.411 -0.201,0.09 -0.412,0.148 -0.631,0.177 -0.299,0.009 -0.544,0.133 -0.737,0.372 0.026,0.414 0.229,0.716 0.61,0.905 0.237,-0.002 0.382,0.089 0.433,0.27 -0.285,0.141 -0.587,0.222 -0.907,0.242 -0.36,-0.039 -0.611,0.099 -0.755,0.413 0.012,0.445 0.104,0.875 0.277,1.288 0.056,0.081 0.097,0.158 0.124,0.233 -0.368,0.106 -0.806,0.232 -1.113,0.111 -0.059,-0.191 0.157,-0.501 -0.03,-0.623 -0.17,0.043 -0.579,0.236 -0.941,0.327 0.003,-0.011 0.007,-0.023 0.01,-0.034 0.097,-0.295 0.158,-0.597 0.182,-0.906 0.004,-0.01 0.004,-0.02 0.008,-0.03 0.098,-0.078 0.186,-0.169 0.292,-0.232 0.348,-0.206 0.614,-0.175 0.98,-0.248 0.972,-0.194 0.422,-1.181 0.319,-1.792 0.246,-0.186 0.534,-0.301 0.824,-0.393 z m -1.328,-14.793 c -0.149,0.137 -0.232,0.242 -0.417,0.182 -0.289,-0.093 -0.272,-0.267 -0.656,-0.225 -0.311,0.034 -0.546,0.219 -0.876,0.176 -0.423,-0.055 -0.732,-0.516 -1.139,-0.507 -0.294,0.007 -0.475,0.288 -0.556,0.544 -0.117,0.369 0.017,0.628 0.144,0.978 0.076,0.21 0.385,0.796 0.292,0.992 -0.081,0.171 -0.558,0.379 -0.659,0.421 -0.388,0.161 -0.755,0.236 -1.173,0.244 -0.261,0.005 -0.442,-0.059 -0.603,0.194 -0.174,0.274 -0.107,0.638 -0.075,0.934 0.02,0.18 0.116,0.438 -0.01,0.606 -0.253,0.338 -0.894,0.118 -1.197,0.312 -0.077,0.05 -0.053,0.604 -0.055,0.545 0.01,0.27 0.126,0.581 0.072,0.843 -0.339,0.167 -0.709,-0.154 -0.995,-0.291 -0.357,-0.171 -0.487,-0.105 -0.387,-0.53 0.082,-0.351 0.071,-0.636 -0.158,-0.885 -0.072,-0.078 -0.125,-0.079 -0.18,-0.191 -0.063,-0.128 -0.046,-0.281 -0.132,-0.399 -0.244,-0.336 -0.83,-0.124 -1.153,-0.075 -0.113,0.017 -0.382,0.007 -0.477,0.079 -0.148,0.112 -0.179,0.414 -0.214,0.584 -0.131,0.65 0.042,1.032 0.527,1.456 0.384,0.336 0.759,0.567 1.281,0.582 -0.065,0.273 -0.383,0.597 -0.34,0.904 0.066,0.478 0.79,0.286 1.114,0.198 -0.017,0.217 0.317,0.151 0.436,0.129 0.413,-0.077 0.31,-0.149 0.556,0.128 0.154,0.173 0.313,0.24 0.409,0.465 0.166,0.389 -0.015,0.833 -0.11,1.218 0.168,0.096 0.447,-0.041 0.621,-0.082 0.323,-0.076 0.643,-0.157 0.968,-0.222 0.079,0.239 -0.089,0.506 -0.175,0.726 -0.154,0.397 -0.342,0.698 -0.699,0.956 -0.414,0.3 -1.017,0.737 -1.54,0.514 -0.013,0.078 0.049,0.278 0.12,0.469 -0.637,-0.496 -1.283,-0.955 -1.925,-1.375 0.369,-0.536 0.728,-1.076 0.417,-1.649 -0.446,-0.825 -1.426,-0.237 -1.962,-0.961 -0.273,-0.369 -0.183,-0.612 -0.023,-0.993 0.127,-0.303 0.232,-0.61 0.017,-0.885 -0.276,-0.355 -0.476,-0.605 -0.631,-1.048 -0.19,-0.541 -0.161,-1.004 0.022,-1.543 0.149,-0.437 0.349,-0.836 0.658,-1.179 0.182,-0.201 0.834,-0.649 0.763,-0.942 -0.366,-0.071 -0.711,-0.063 -1.085,-0.054 -0.236,0.006 -0.473,0.014 -0.71,0.019 0,-0.1 0.016,-0.192 0.077,-0.254 0.071,-0.072 0.176,-0.089 0.27,-0.118 0.265,-0.084 0.511,-0.168 0.754,-0.306 0.462,-0.261 1.06,-0.652 1.171,-1.203 0.023,-0.114 0.023,-0.228 0.007,-0.339 0.221,-0.374 0.572,-0.928 0.879,-0.95 0.221,0.336 0.303,0.758 0.554,1.067 0.512,-0.102 1.166,-0.94 1.506,-1.284 -0.448,-0.69 -1.808,-1.085 -1.53,-2.133 0.281,-1.06 2.508,-1.365 3.393,-1.441 0.49,-0.042 0.591,0.087 0.442,0.514 -0.321,0.925 -0.73,1.512 -0.69,2.576 0.018,0.485 0.387,2.732 1.424,2.207 0.459,-0.233 0.406,-0.819 0.312,-1.208 -0.159,-0.661 -0.099,-0.865 0.094,-1.504 0.348,-1.151 0.357,-2.747 1.381,-3.506 0.617,0.055 0.478,1.953 0.561,2.376 0.094,0.482 1.048,2.48 1.91,1.877 0.001,-0.502 -0.592,-1.702 0.262,-1.755 0.075,-0.005 0.143,0.022 0.212,0.04 0.333,0.404 0.665,0.806 0.995,1.205 0.198,0.476 0.337,0.965 0.424,1.227 0.157,0.014 0.299,-0.077 0.424,-0.211 0.071,0.085 0.143,0.172 0.214,0.257 0.289,0.343 0.695,0.747 1.19,1.199 -0.417,0.272 -0.898,0.552 -1.264,0.164 -0.237,-0.252 -0.36,-0.594 -0.655,-0.79 -0.378,-0.25 -0.836,-0.197 -1.251,-0.058 -0.493,0.169 -0.81,0.654 -1.171,0.989 z M 247.5,287.06 c 0.037,0.029 0.06,0.068 0.104,0.093 0.445,0.252 1.016,0.126 1.509,0.185 0.374,0.044 0.593,0.016 0.929,-0.106 0.456,-0.165 0.88,0.189 1.204,0.502 0.254,0.245 0.261,0.284 -0.003,0.456 -0.248,0.162 -0.51,0.281 -0.791,0.377 -0.254,0.086 -0.348,0.065 -0.447,0.31 -0.096,0.237 -0.19,0.48 -0.214,0.736 -0.027,0.29 0.037,0.246 0.157,0.462 0.068,0.122 0.081,0.181 0.08,0.33 -0.001,0.144 -0.112,0.411 -0.064,0.541 0.126,0.338 0.714,0.143 0.956,0.074 0.271,-0.077 0.491,-0.204 0.736,-0.335 0.18,-0.096 0.509,-0.272 0.7,-0.081 0.381,0.379 -0.434,0.988 -0.663,1.118 -0.398,0.226 -0.882,0.568 -1.345,0.549 -0.36,-0.014 -0.647,0.094 -0.945,0.311 -0.2,0.146 -0.303,0.379 -0.495,0.515 -0.261,-0.085 -0.424,-0.308 -0.575,-0.547 -0.257,-1.859 -0.536,-3.688 -0.833,-5.49 z m 7.592,-1.356 c -0.245,0.076 -0.242,0.11 -0.288,0.371 -0.018,0.103 0.025,0.107 -0.047,0.179 -0.166,0.166 -0.611,0.12 -0.809,0.099 -0.553,-0.059 -1.087,-0.268 -1.591,-0.497 -0.273,-0.124 -0.456,-0.169 -0.765,-0.096 -0.185,0.044 -0.423,0.206 -0.616,0.199 -0.196,-0.007 -0.605,-0.287 -0.626,-0.497 -0.039,-0.388 0.667,-0.395 0.925,-0.455 0.367,-0.086 0.283,-0.288 0.075,-0.534 -0.305,-0.361 -0.883,-0.529 -1.334,-0.394 -0.201,0.06 -0.315,0.113 -0.383,0.325 -0.025,0.076 0.006,0.189 -0.027,0.26 -0.079,0.172 -0.13,0.144 -0.323,0.107 -0.855,-0.168 -1.193,0.442 -1.613,1.088 -0.209,0.02 -0.359,-0.215 -0.45,-0.478 -0.034,-0.196 -0.07,-0.387 -0.105,-0.582 0,-0.007 -0.001,-0.017 0,-0.023 0.029,-0.274 0.15,-0.526 0.022,-0.794 -0.048,-0.102 -0.132,-0.169 -0.212,-0.239 -0.07,-0.389 -0.138,-0.783 -0.21,-1.168 -0.988,-5.295 -2.119,-10.287 -3.307,-14.922 0.277,-0.176 0.626,-0.309 0.855,-0.553 0.031,0.005 0.066,0.012 0.093,0.017 0.229,0.039 0.379,0.023 0.533,-0.169 0.218,0.313 0.243,0.848 0.503,1.103 0.049,0.208 0.191,0.269 0.429,0.183 0.209,-0.093 0.378,-0.23 0.507,-0.413 0.108,0.096 0.224,0.181 0.35,0.254 0.23,0.184 0.458,0.193 0.682,0.027 0.055,-0.525 -0.022,-1.009 -0.055,-1.535 -0.027,-0.431 0.033,-0.632 0.389,-0.903 0.275,-0.21 0.571,-0.39 0.807,-0.649 0.278,-0.304 0.285,-0.579 0.41,-0.929 0.4,-0.121 0.519,0.413 0.625,0.682 0.189,0.478 0.355,0.886 0.268,1.403 0.386,0.244 0.887,-0.376 1.283,-0.171 0.402,0.209 0.049,1.065 0.006,1.319 -0.134,0.797 0.315,0.879 0.985,0.649 0.365,-0.091 0.688,-0.268 0.968,-0.531 0.168,-0.128 0.266,-0.291 0.294,-0.488 0.254,-0.073 0.592,0.277 0.779,0.441 0.271,0.187 0.428,0.443 0.471,0.766 0.003,0.275 0,0.55 -0.01,0.824 0.175,0.376 1.258,0.597 1.533,0.651 0.2,0.039 0.374,0.054 0.54,0.057 -0.137,2.581 -0.367,6.748 -0.756,11.393 -0.229,-0.202 -0.623,-0.341 -0.813,-0.393 -0.234,-0.064 -0.506,-0.039 -0.726,-0.146 -0.236,-0.115 -0.34,-0.37 -0.436,-0.598 -0.107,-0.256 -0.181,-0.465 0.06,-0.665 0.174,-0.145 0.441,-0.288 0.663,-0.309 0.421,-0.039 1.061,0.35 0.928,-0.35 -0.129,-0.682 -0.805,-1.53 -1.478,-1.74 -0.454,-0.142 -0.951,-0.084 -1.267,0.307 -0.181,0.224 -0.273,0.305 -0.588,0.293 -0.142,-0.006 -0.341,-0.074 -0.454,0.033 -0.229,0.216 0.099,0.552 0.147,0.77 0.084,0.376 0.047,0.816 -0.385,0.862 -0.311,0.033 -0.868,-0.135 -0.909,0.316 -0.037,0.404 0.091,0.642 -0.373,0.785 -0.358,0.11 -0.769,0.087 -1.135,0.055 -0.171,-0.015 -0.365,-0.081 -0.532,-0.033 0.018,0.535 0.577,1.044 1.002,1.288 0.452,0.26 0.568,0.178 1.018,0.021 0.158,-0.055 0.501,-0.252 0.659,-0.225 0.38,0.066 0.436,0.717 0.714,0.915 0.197,-0.057 0.302,-0.27 0.473,-0.368 0.23,-0.131 0.307,-0.066 0.568,0.084 0.338,0.195 0.661,0.457 0.904,0.761 0.216,0.271 0.389,0.547 0.663,0.767 0.052,-0.109 -0.053,-0.216 -0.076,-0.335 0.3,-0.305 0.847,0.108 1.059,0.328 0.034,0.035 0.057,0.092 0.088,0.135 -0.062,0.661 -0.128,1.327 -0.197,1.995 -0.116,0.017 -0.245,0.028 -0.382,0.07 z m 44.972,-57.175 c 0.106,-0.38 0.407,-0.977 0.867,-1.016 0.403,-0.034 0.872,-0.065 1.236,-0.272 0.322,-0.184 0.415,-0.355 0.213,-0.693 -0.094,-0.157 -0.2,-0.293 -0.321,-0.431 0.276,-0.106 0.826,-0.451 0.818,-0.8 -0.009,-0.397 -1.011,-0.636 -1.201,-0.777 -0.397,-0.178 -0.523,-0.453 -0.379,-0.824 0.283,-0.286 0.61,-0.507 0.981,-0.666 0.179,-0.114 0.358,-0.228 0.537,-0.341 0.117,-0.102 0.228,-0.21 0.343,-0.313 0.047,0.097 0.097,0.193 0.165,0.271 0.336,0.388 0.816,-0.181 1.196,-0.312 0.215,-0.074 0.433,-0.034 0.647,0.016 0.015,0.017 0.027,0.035 0.042,0.052 0.147,0.087 0.284,0.051 0.41,-0.107 0.263,-0.128 0.904,-0.366 1.024,0.134 0.007,0.288 -0.117,0.514 -0.372,0.678 -0.173,0.174 -0.346,0.35 -0.518,0.525 -0.3,0.304 -0.065,0.737 0.045,1.099 0.047,0.156 0.134,0.327 0.171,0.5 -0.006,0.003 -0.013,0.007 -0.019,0.01 -0.449,0.243 -1.305,0.31 -1.556,-0.278 -0.368,0.391 -1.045,0.504 -1.354,0.951 -0.277,0.401 -0.003,0.844 0.067,1.274 0.052,0.321 0.123,0.775 -0.109,1.057 -0.308,0.375 -0.892,0.345 -1.143,0.778 0.073,0.124 0.157,0.26 0.238,0.394 -0.112,0.02 -0.225,0.032 -0.336,0.025 -0.248,-0.014 -0.321,-0.099 -0.533,0.053 -0.215,0.154 -0.9,0.486 -1.134,0.198 -0.257,-0.319 -0.121,-0.839 -0.025,-1.185 z m 2.947,2.065 c 0.008,-0.019 0.015,-0.041 0.023,-0.06 0.013,0.01 0.026,0.019 0.04,0.029 -0.021,0.01 -0.043,0.022 -0.063,0.031 z m 2.124,12.745 c -0.048,0.008 -0.105,0.007 -0.179,-0.011 -0.594,-0.143 -0.751,-0.945 -0.876,-1.426 -0.067,-0.261 -0.1,-0.309 0.144,-0.469 0.164,-0.108 0.337,-0.205 0.499,-0.317 0.124,0.747 0.265,1.486 0.412,2.223 z m 23.693,36.827 c -0.067,0.066 -0.164,0.137 -0.263,0.208 -0.043,-0.131 -0.112,-0.24 -0.177,-0.39 -0.105,-0.241 -0.044,-0.521 0.172,-0.684 0.217,-0.164 0.525,-0.132 0.77,-0.072 0.059,0.014 0.124,0.034 0.192,0.055 -0.168,0.307 -0.396,0.591 -0.694,0.883 z m 20.809,34.272 c 0.044,-0.054 0.079,-0.113 0.13,-0.163 0.145,-0.007 0.261,0.099 0.358,0.26 -0.189,0.228 -0.349,0.109 -0.488,-0.097 z m 15.04,8.016 c -0.135,0.156 -0.191,0.525 -0.453,0.507 -0.186,-0.133 -0.372,-0.266 -0.559,-0.399 -0.37,-0.217 -0.74,-0.434 -1.11,-0.651 -0.342,-0.225 -0.684,-0.449 -1.025,-0.674 -0.058,-0.085 -0.115,-0.171 -0.173,-0.256 1.639,0.418 3.356,0.707 5.05,0.864 -0.024,0.078 -0.044,0.161 -0.076,0.228 -0.195,0.019 -0.354,-0.087 -0.543,-0.098 -0.437,-0.027 -0.822,0.146 -1.111,0.479 z m 38.274,-56.605 c -0.169,0.398 -0.311,0.551 -0.752,0.635 -0.34,0.065 -0.686,0.094 -1.012,0.221 -0.384,0.148 -0.514,0.391 -0.781,0.649 -0.412,-0.07 -0.28,-0.601 -0.255,-0.889 0.044,-0.512 0.078,-0.951 0.386,-1.375 -0.236,-0.391 -0.962,-0.06 -1.224,-0.42 -0.267,-0.366 0.432,-0.975 0.583,-1.183 0.315,-0.432 0.257,-0.696 -0.019,-0.854 0.112,0.015 0.228,0.031 0.352,0.041 0.302,0.024 0.735,-0.241 0.908,-0.017 0.229,0.297 0.004,0.947 -0.091,1.259 -0.097,0.317 -0.126,0.522 0.107,0.767 0.338,0.354 0.996,0.472 1.452,0.509 0.189,0.015 0.406,-0.007 0.622,-0.023 -0.094,0.222 -0.179,0.448 -0.276,0.68 z m 0.06,-73.109 c 0.057,0.061 0.108,0.127 0.18,0.173 0.327,-0.039 0.592,-0.184 0.795,-0.435 0.457,-0.409 0.784,-1.137 1.414,-1.293 0.134,0.588 0.249,1.76 1.101,1.607 0.29,-0.052 0.755,-0.391 0.98,-0.702 0.042,0.219 0.309,0.501 0.429,0.546 0.544,0.207 1.246,-0.091 1.68,-0.379 0.549,-0.363 1.085,-0.79 1.556,-1.25 0.098,0.153 0.204,0.288 0.313,0.422 -0.032,0.007 -0.057,0.02 -0.091,0.025 -0.603,0.093 -0.933,0.583 -1.019,1.154 -0.077,0.521 0.147,0.974 -0.498,1.149 -0.322,0.074 -0.635,0.05 -0.94,-0.073 -0.098,-0.113 -0.21,-0.157 -0.335,-0.13 -0.133,-0.004 -0.221,0.077 -0.263,0.242 -0.146,0.235 -0.356,0.376 -0.631,0.422 -0.431,0.064 -0.86,0.14 -1.286,0.23 -0.24,0.115 -0.481,0.135 -0.722,0.061 -0.044,-0.196 -0.002,-0.407 -0.125,-0.566 -0.191,-0.249 -0.526,-0.221 -0.798,-0.142 -0.34,0.036 -0.559,0.243 -0.656,0.62 -0.044,0.242 -0.088,0.484 -0.132,0.726 0.02,0.19 0.04,0.38 0.061,0.57 0.02,0.107 0.041,0.214 0.061,0.321 -0.08,0.314 -0.593,0.438 -0.85,0.5 -0.344,0.082 -0.968,0.116 -1.275,-0.108 -0.024,-0.017 -0.032,-0.034 -0.05,-0.051 0.405,-1.112 0.77,-2.31 1.101,-3.639 z m -31.162,11.109 c -0.356,-0.092 -0.711,-0.083 -1.066,0.028 -0.158,0.144 -0.316,0.288 -0.474,0.431 -0.157,0.369 -0.254,0.752 -0.29,1.149 0,0.188 0.094,0.285 0.282,0.291 0.348,0.274 1.069,0.262 0.919,0.88 -0.022,0.092 -0.081,0.171 -0.147,0.247 -0.114,0.061 -0.199,0.137 -0.263,0.224 -0.242,0.16 -0.529,0.286 -0.721,0.399 0.136,0.181 0.369,0.328 0.585,0.471 0.043,0.257 0.126,0.513 0.195,0.727 0.112,0.345 0.323,0.976 0.089,1.296 -0.012,0.018 -0.023,0.038 -0.035,0.057 -0.17,0.165 -0.513,0.181 -0.736,0.231 -0.394,0.089 -0.787,0.205 -1.173,0.324 -0.129,0.04 -0.206,0.024 -0.284,0.146 -0.084,0.13 -0.041,0.314 -0.041,0.46 0,0.206 0.002,0.426 -0.193,0.497 -0.397,0.145 -0.978,-0.055 -1.295,0.323 -0.097,0.116 -0.093,0.237 -0.105,0.373 -0.246,-0.006 -0.492,-0.023 -0.738,-0.013 -0.237,-0.033 -0.475,-0.067 -0.712,-0.1 -0.413,-0.201 -0.227,-0.634 -0.265,-0.99 -0.027,-0.256 -0.147,-0.54 -0.141,-0.797 0.011,-0.469 0.804,-0.641 1.109,-0.748 0.287,-0.1 0.571,-0.188 0.807,-0.39 0.349,-0.298 0.22,-0.654 0.25,-1.052 0.028,-0.376 0.089,-0.692 0.396,-0.94 0.228,-0.184 0.491,-0.291 0.724,-0.468 -0.149,-0.365 -0.281,-0.752 -0.46,-1.104 -0.069,-0.135 -0.243,-0.42 -0.416,-0.48 -0.462,0.537 -1.099,0.685 -1.775,0.512 -0.307,-0.022 -0.55,-0.165 -0.73,-0.428 -0.066,-0.142 -0.131,-0.284 -0.197,-0.427 -0.038,-0.091 -0.073,-0.181 -0.108,-0.272 0.053,-0.063 0.093,-0.133 0.103,-0.216 0.03,-0.247 -0.211,-0.696 -0.028,-0.906 0.145,-0.166 0.76,-0.143 0.937,-0.067 0.293,0.125 0.3,0.442 0.426,0.686 0.112,0.216 0.303,0.401 0.548,0.455 0.246,0.055 0.563,0.024 0.809,0.02 0.278,-0.005 0.65,0.011 0.876,-0.194 -0.003,-0.051 -0.02,-0.097 -0.052,-0.137 0.21,0.028 0.305,0.093 0.552,0.072 0.404,-0.035 0.829,-0.155 1.195,-0.319 0.634,-0.283 -0.171,-0.68 -0.33,-1.023 -0.177,-0.384 0.44,-0.7 0.743,-0.75 0.47,-0.077 0.879,0.489 1.071,0.851 0.111,0.208 0.171,0.423 0.251,0.634 -0.031,0.01 -0.052,0.032 -0.092,0.037 z m -28.042,-47.555 c -0.195,0.423 -0.798,0.826 -1.199,1.089 0.406,-0.369 0.806,-0.732 1.199,-1.089 z m -11.465,-1.343 c -0.568,0.123 -1.219,0.126 -1.798,0.108 -0.199,-0.006 -0.434,-0.07 -0.619,0.006 -0.576,0.238 -0.307,1.184 -0.69,1.483 -0.335,-0.077 -0.605,-0.262 -0.808,-0.554 -0.195,-0.276 -0.409,-0.537 -0.641,-0.783 -0.257,-0.09 -0.551,0.217 -0.735,0.337 -0.119,0.078 -0.219,0.143 -0.31,0.206 -0.01,-0.066 -0.03,-0.128 -0.034,-0.195 -0.081,-1.183 1.999,-1.223 2.762,-1.1 0.238,0.125 0.461,0.105 0.67,-0.058 0.589,-0.286 1.213,-0.431 1.872,-0.437 0.867,-0.02 0.832,0.102 1.382,0.343 -0.287,0.311 -0.635,0.554 -1.051,0.644 z m 4.123,-27.732 c -0.02,0.033 -0.053,0.057 -0.111,0.093 -0.015,0.009 -0.033,0.014 -0.048,0.023 0.01,-0.035 0.021,-0.07 0.031,-0.105 0.042,-0.005 0.085,-0.006 0.128,-0.011 z m -56.448,13.021 c -0.106,-0.034 -0.214,-0.053 -0.313,-0.046 0.096,-0.029 0.21,-0.042 0.299,-0.068 0.006,0.039 0.009,0.076 0.014,0.114 z m -40.321,-27.095 c -0.363,0.041 -1.124,0.011 -1.156,-0.521 -0.008,-0.137 0.115,-0.314 0.224,-0.469 0.02,-0.003 0.043,-0.002 0.063,-0.005 0.407,-0.065 0.333,-0.3 0.194,-0.558 0.071,-0.292 0.093,-0.645 -0.036,-0.893 0.209,-0.126 0.52,-0.172 0.702,-0.153 0.474,0.048 0.721,0.701 0.814,1.099 0.085,0.367 0.035,0.714 0.153,1.082 0,10e-4 0,10e-4 0.001,0.002 -0.242,0.256 -0.577,0.373 -0.959,0.416 z m -20.702,-11.49 c 0.143,0.197 0.288,0.391 0.44,0.581 0.004,0.009 0.006,0.018 0.01,0.027 -0.013,0.04 -0.027,0.08 -0.055,0.117 -0.202,0.272 -0.605,0.375 -0.838,0.61 -0.013,0.013 -0.016,0.025 -0.027,0.037 -0.179,-0.108 -0.323,-0.267 -0.419,-0.434 0.169,-0.213 0.456,-0.728 0.697,-0.89 0.06,-0.04 0.126,-0.05 0.192,-0.048 z m -3.009,15.636 c -0.236,0.309 -0.381,0.629 -0.539,0.983 -0.118,0.262 -0.297,0.361 -0.579,0.274 -0.648,-0.2 -0.462,-1.035 -0.769,-1.5 -0.485,0.301 -0.473,1.003 -0.771,1.457 -0.003,0.004 -0.006,0.005 -0.009,0.009 -0.008,-0.007 -0.016,-0.013 -0.024,-0.02 -0.078,-0.039 -0.156,-0.078 -0.234,-0.117 -0.213,0.083 -0.423,0.17 -0.632,0.263 -0.213,0.064 -0.385,0.016 -0.514,-0.143 -0.079,-0.064 -0.144,-0.135 -0.206,-0.206 0.09,-0.51 0.165,-1.122 0.45,-1.55 0.108,-0.162 0.235,-0.306 0.361,-0.451 0.298,0.015 0.583,0.09 0.876,0.279 0.512,0.33 1.085,0.182 1.528,-0.188 0.403,-0.338 0.536,-0.826 1.135,-0.529 0.29,0.158 0.508,0.384 0.655,0.677 -0.001,0.102 0.033,0.176 0.084,0.238 -0.313,0.062 -0.593,0.239 -0.812,0.524 z m -34.499,-6.162 c -0.022,0.015 -0.042,0.018 -0.065,0.038 -0.205,0.181 -0.367,0.426 -0.503,0.687 -0.122,0.01 -0.246,0.012 -0.369,0.015 -0.208,-0.301 0.091,-0.98 0.204,-1.169 0.029,-0.049 0.061,-0.104 0.091,-0.157 0.252,0.023 0.48,0.104 0.666,0.286 0,0.101 -0.015,0.2 -0.024,0.3 z m 16.769,35.354 c -0.382,0.186 -1.076,0.238 -1.495,0.217 -0.56,-0.028 -1.061,-0.357 -1.622,-0.411 -0.001,-10e-4 -0.002,-0.002 -0.003,-0.003 0.312,-0.394 0.62,-0.494 1.069,-0.692 0.268,-0.119 0.738,-0.212 0.853,-0.504 0.117,-0.297 -0.422,-1.423 0.31,-1.342 0.215,0.024 0.325,0.209 0.542,0.27 0.385,0.107 1.122,-0.168 1.45,-0.343 0.217,-0.116 0.474,-0.537 0.714,-0.588 0.024,-0.005 0.048,0.015 0.072,0.014 -0.557,-0.483 -1.197,-1.313 -1.105,-1.158 -0.023,-0.039 -0.038,-0.078 -0.06,-0.117 0.27,0.008 0.539,0.029 0.808,0.066 0.451,-0.003 0.808,0.163 1.07,0.496 -0.046,0.197 -0.121,0.381 -0.226,0.552 -0.075,0.081 -0.101,0.171 -0.103,0.265 -0.123,-0.061 -0.254,-0.108 -0.383,-0.104 0.147,0.128 0.288,0.232 0.409,0.287 0,0 0,0 0,0 -0.006,0.355 0.192,0.599 0.597,0.733 0.291,0.072 0.583,0.145 0.875,0.217 0.257,-0.093 0.515,-0.186 0.773,-0.279 0.227,-0.308 0.499,-0.563 0.817,-0.766 0.159,-0.204 0.357,-0.25 0.593,-0.138 0.044,0.003 0.085,0.018 0.129,0.024 -0.063,1.655 -0.168,3.257 -0.305,4.713 -0.173,-0.017 -0.349,-0.013 -0.528,0.025 -0.282,0.115 -0.564,0.336 -0.773,0.606 -0.022,-0.223 0.003,-0.458 -0.024,-0.737 -0.665,-0.31 -1.347,-0.521 -1.997,-0.869 -0.297,-0.177 -0.614,-0.307 -0.95,-0.391 -0.31,-0.106 -0.615,-0.226 -0.915,-0.358 -0.258,-0.006 -0.381,0.212 -0.592,0.315 z m 0.344,19.648 c -0.672,-0.596 -1.341,-1.163 -2.03,-1.708 0.651,0.074 1.392,0.271 1.817,0.743 0.264,0.293 0.277,0.631 0.213,0.965 z m -4.718,1.979 c -0.024,0.017 -0.057,0.037 -0.083,0.056 -0.47,-0.31 -0.875,-0.726 -0.977,-1.257 0.369,0.413 0.737,0.803 1.105,1.169 -0.015,0.01 -0.031,0.022 -0.045,0.032 z m -7.032,10.751 c 0.32,0.296 0.761,0.551 1.085,0.723 0.002,0.006 0.008,0.014 0.009,0.019 0.078,0.335 -0.267,0.497 -0.289,0.769 -0.004,0.043 0.011,0.082 0.034,0.118 -0.023,0.025 -0.054,0.057 -0.069,0.076 -0.063,0.079 -0.257,0.496 -0.358,0.583 -0.171,0.148 -0.426,-0.068 -0.613,-0.122 -0.145,0.16 -0.064,0.508 0.021,0.798 -0.139,-0.107 -0.261,-0.229 -0.398,-0.349 -0.323,-0.283 -0.655,-0.439 -1.072,-0.541 -0.301,-0.074 -0.542,-0.126 -0.742,0.137 -0.27,0.355 -0.395,0.709 -0.794,0.964 -0.242,0.154 -0.506,0.228 -0.777,0.278 -0.057,-0.064 -0.116,-0.125 -0.18,-0.177 0.27,-0.076 0.481,-0.236 0.542,-0.564 -0.168,-0.494 -0.413,-0.939 -0.724,-1.344 0.295,-0.032 0.582,-0.081 0.88,-0.142 0.362,-0.074 0.654,-0.114 1,0.024 0.291,0.116 0.768,0.599 1.093,0.432 0.521,-0.271 0.791,-1.425 1.352,-1.682 z m -27.108,0.321 c 0.232,-0.021 0.464,-0.041 0.696,-0.062 0.142,-0.09 0.285,-0.179 0.427,-0.269 0.071,-0.154 0.153,-0.301 0.246,-0.442 0.215,-0.27 0.544,-0.47 0.899,-0.519 0.237,-0.033 0.494,0.003 0.736,0.072 -0.041,0.034 -0.086,0.067 -0.116,0.102 0.181,0.114 0.381,0.137 0.595,0.095 0.235,0.14 0.448,0.369 0.693,0.497 0.159,0.261 0.273,0.546 0.304,0.869 0.081,0.856 -0.66,0.886 -1.268,0.687 -0.26,-0.085 -0.553,-0.285 -0.824,-0.307 -0.249,-0.021 -0.578,0.134 -0.826,0.186 -0.439,0.092 -0.846,0.175 -1.279,0.081 -0.477,-0.104 -0.832,-0.472 -1.274,-0.658 -0.324,-0.137 -0.552,-0.074 -0.874,-0.001 -0.133,0.03 -0.256,0.082 -0.381,0.13 0.005,-0.158 0.005,-0.317 0.012,-0.473 0.359,-0.181 0.717,-0.152 1.112,-0.117 0.375,0.031 0.749,0.073 1.122,0.129 z m -36.476,30.375 c -0.151,-0.336 -0.237,-0.693 -0.413,-1.021 -0.116,-0.216 -0.036,-0.368 0.009,-0.63 0.029,-0.169 0.069,-0.368 0.085,-0.564 0.388,0.208 0.719,0.536 0.783,0.969 0.072,0.491 -0.241,0.867 -0.464,1.246 z m -57.36,-10.425 c -0.048,-0.138 -0.103,-0.282 -0.157,-0.425 0.241,0.259 0.442,0.568 0.404,0.823 -0.007,0.046 -0.028,0.09 -0.04,0.136 -0.072,-0.177 -0.144,-0.354 -0.207,-0.534 z m 38.477,12.921 c 0.394,-0.332 0.846,-0.575 1.307,-0.798 0.392,-0.19 0.806,-0.43 1.214,-0.577 0.189,-0.068 0.448,-0.181 0.601,0.021 0.148,0.196 0.146,0.564 0.069,0.783 -0.094,0.267 -0.279,0.406 -0.527,0.516 -0.308,0.053 -0.615,0.11 -0.921,0.171 -0.237,0.024 -0.462,0.088 -0.676,0.191 -0.324,0.124 -0.632,0.266 -0.805,0.579 -0.063,0.113 -0.111,0.233 -0.127,0.353 -0.127,-0.066 -0.241,-0.152 -0.32,-0.282 -0.091,-0.148 -0.175,-0.326 -0.249,-0.506 0.136,-0.162 0.277,-0.318 0.434,-0.451 z m -3.757,11.693 c 0.111,0.221 0.293,0.44 0.366,0.671 0.14,0.448 -0.556,0.865 -0.812,1.063 -0.24,0.186 -0.481,0.36 -0.64,0.628 -0.235,0.394 0.001,0.691 0.1,1.077 0.041,0.162 0.069,0.314 0.073,0.462 -0.078,0.085 -0.1,0.173 -0.099,0.268 -0.021,0.087 -0.04,0.196 -0.062,0.306 -0.131,0.2 -0.294,0.367 -0.438,0.553 -0.3,0.041 -0.558,-0.244 -0.792,-0.399 -0.589,-0.392 -1.302,-0.524 -1.881,-0.939 -0.143,-0.102 -0.415,-0.294 -0.636,-0.504 0.088,-0.327 0.128,-0.671 0.127,-1.014 -0.003,-0.028 -0.01,-0.055 -0.013,-0.083 0.033,-0.023 0.068,-0.051 0.097,-0.068 0.279,-0.166 0.668,-0.153 0.806,-0.489 0.105,-0.255 0.016,-0.37 -0.179,-0.509 -0.324,-0.231 -0.752,-0.286 -1.101,-0.465 -0.037,-0.019 -0.054,-0.033 -0.084,-0.049 -0.037,-0.063 -0.069,-0.128 -0.114,-0.187 -0.032,-0.023 -0.067,-0.033 -0.101,-0.046 -0.009,-0.08 0.013,-0.181 0.056,-0.357 0.023,-0.094 0.054,-0.179 0.08,-0.268 1.878,0.131 3.688,0.282 5.247,0.349 z m -12.916,-0.433 c -0.091,0.18 -0.183,0.359 -0.274,0.539 -0.204,0.224 -0.529,0.354 -0.831,0.283 -0.335,-0.079 -0.558,-0.351 -0.73,-0.648 0.585,-0.106 1.205,-0.183 1.86,-0.233 -0.009,0.02 -0.017,0.04 -0.025,0.059 z m 35.084,113.227 c 0.022,0.117 0.106,0.249 0.203,0.357 -0.061,-0.02 -0.119,-0.043 -0.184,-0.061 -0.087,-0.024 -0.166,-0.034 -0.247,-0.048 0.09,-0.082 0.167,-0.164 0.228,-0.248 z m -0.898,17.502 c 0.135,0.04 0.268,0.079 0.364,0.13 0.012,0.154 -0.005,0.306 -0.052,0.455 -0.005,0.095 -0.011,0.191 -0.017,0.286 -0.211,-0.124 -0.428,-0.305 -0.4,-0.556 0.013,-0.11 0.059,-0.212 0.105,-0.315 z m 2.884,-1.357 c 0.196,0.069 0.39,0.158 0.536,0.258 -0.052,0.477 -0.161,0.974 -0.122,1.451 -0.075,-0.08 -0.15,-0.157 -0.22,-0.222 -0.288,-0.268 -0.773,-0.486 -1.004,-0.795 0.195,-0.291 0.486,-0.523 0.81,-0.692 z m 0.066,3.891 c 0.035,0.217 0.102,0.432 0.189,0.633 0.058,0.133 0.133,0.262 0.211,0.391 -0.234,-0.187 -0.693,-0.256 -0.69,-0.527 0.002,-0.174 0.131,-0.344 0.29,-0.497 z m 4.736,-7.593 c 0.014,-0.015 0.019,-0.027 0.035,-0.043 0.329,-0.333 0.301,-0.751 0.222,-1.201 -0.017,-0.096 -0.058,-0.231 -0.094,-0.37 0.26,-0.143 0.491,-0.293 0.644,-0.393 0.279,0.066 0.406,0.708 0.483,0.898 0.038,0.094 0.303,0.47 0.328,0.6 10e-4,0.006 -0.004,0.01 -0.003,0.016 -0.301,0.139 -0.72,0.117 -0.961,0.351 -0.152,0.031 -0.307,0.053 -0.455,0.091 -0.068,0.018 -0.133,0.034 -0.199,0.051 z m 10.064,2.032 c 0.22,-0.006 0.432,0.049 0.648,0.077 -0.023,0.161 -0.053,0.321 -0.103,0.479 -0.024,0.078 -0.059,0.191 -0.1,0.316 -0.116,-0.232 -0.394,-0.609 -0.445,-0.872 z m 7.576,-2.326 c -0.402,0.246 -0.935,-0.106 -1.34,-0.166 -0.32,-0.048 -0.492,0.19 -0.468,0.488 0.028,0.362 0,0.907 -0.362,1.127 -0.156,0.095 -0.807,0.211 -0.883,-0.039 0.143,-0.189 0.449,-0.57 0.2,-0.76 -0.073,-0.056 -0.148,-0.132 -0.206,-0.215 0.609,-0.128 1.04,-0.369 1.436,-0.91 0.401,-0.548 0.781,-0.82 1.492,-0.707 0.311,0.049 0.6,0.184 0.886,0.331 -0.01,0.014 -0.016,0.031 -0.026,0.044 -0.197,0.267 -0.44,0.63 -0.729,0.807 z m 44.186,-11.802 c 0.247,-0.013 0.38,0.045 0.451,0.171 -0.162,-0.046 -0.324,-0.101 -0.477,-0.17 0.008,0 0.017,-10e-4 0.026,-10e-4 z m 3.962,-26.022 c -0.095,0.5 -0.235,1.09 -0.598,1.476 0.249,-0.342 0.462,-0.669 0.174,-1.139 -0.28,-0.215 -0.427,-0.499 -0.442,-0.853 -0.004,-0.306 0.104,-0.56 0.321,-0.76 0.185,0.029 0.349,0.098 0.505,0.182 0.007,0.367 0.102,0.769 0.04,1.094 z m 0.858,-0.302 c 0.219,0.258 0.43,0.528 0.655,0.764 -0.141,0.085 -0.245,0.211 -0.388,0.374 -0.239,-0.199 -0.308,-0.757 -0.288,-1.052 0.002,-0.032 0.016,-0.056 0.021,-0.086 z m -1.359,-11.507 c -0.103,-0.114 -0.21,-0.234 -0.344,-0.312 -0.5,-0.288 -1.047,0.342 -1.369,0.632 -0.137,0.123 -0.104,1.025 -0.117,1.191 -0.019,0.25 0.076,0.388 -0.031,0.571 -0.119,0.203 -0.715,0.39 -0.924,0.35 -0.112,-0.048 -0.209,-0.116 -0.291,-0.206 -0.085,-0.063 -0.142,-0.144 -0.17,-0.244 -0.515,-0.296 -0.655,0.523 -0.818,0.798 -0.347,0.585 -0.659,-0.283 -0.889,-0.516 -0.448,-0.453 -0.907,0.054 -1.125,0.582 -0.568,-0.075 -0.9,0.708 -0.937,1.128 0.001,0.206 0.001,0.412 0.002,0.618 0.136,0.256 0.093,0.467 -0.129,0.633 -0.268,0.031 -0.535,0.061 -0.803,0.091 -0.693,-0.069 -1.358,-0.239 -1.994,-0.51 -0.178,-0.066 -0.403,-0.173 -0.649,-0.284 -0.177,-0.553 -0.489,-1.035 -0.059,-1.553 0.225,-0.27 0.503,-0.366 0.849,-0.344 0.189,0.012 0.262,0.05 0.44,-0.04 0.484,-0.243 0.615,-0.88 1.091,-1.166 0.18,-0.108 0.425,-0.119 0.548,-0.286 0.059,-0.08 0.217,-0.596 0.148,-0.682 -0.106,-0.132 -0.474,-0.179 -0.629,-0.161 -0.703,0.08 -1.161,1.045 -1.404,1.599 -0.073,-0.4 0.15,-0.907 -0.505,-0.943 -0.719,-0.039 -1.438,0.414 -2.113,0.609 -0.188,-0.265 -0.277,-0.738 -0.339,-1.053 -0.044,-0.224 -0.026,-0.585 -0.194,-0.769 -0.263,-0.288 -0.924,-0.347 -0.723,-0.918 0.176,-0.498 0.938,-0.405 1.305,-0.664 0.446,-0.315 0.421,-0.826 0.145,-1.245 -0.174,-0.265 -0.464,-0.502 -0.278,-0.862 0.063,-0.121 0.193,-0.191 0.304,-0.258 -0.208,-0.136 -0.399,-0.25 -0.221,-0.516 0.237,-0.2 0.503,-0.349 0.796,-0.448 0.459,-0.211 0.931,-0.39 1.415,-0.538 0.567,-0.192 1.137,-0.375 1.704,-0.568 0.066,-0.023 0.11,-0.039 0.164,-0.057 2.275,1.837 5.463,4.142 8.967,6.584 -0.342,0.171 -0.543,0.066 -0.823,-0.243 z m 7.846,7.316 c 0.141,-0.186 0.242,-0.258 0.222,-0.492 -0.018,-0.218 -0.205,-0.415 -0.066,-0.65 0.131,-0.223 0.344,-0.184 0.611,-0.187 0.214,-0.002 0.429,0.01 0.643,0.021 1.193,0.805 2.368,1.596 3.506,2.362 -0.111,0.338 -0.132,0.744 -0.25,1.034 -0.193,0.031 -0.359,-0.066 -0.547,-0.066 -0.438,-0.001 -0.812,0.193 -1.081,0.543 -0.126,0.163 -0.16,0.535 -0.422,0.533 -0.194,-0.122 -0.387,-0.243 -0.581,-0.365 -0.382,-0.195 -0.765,-0.389 -1.147,-0.584 -0.355,-0.204 -0.709,-0.408 -1.063,-0.612 -0.129,-0.168 -0.258,-0.337 -0.387,-0.506 -0.04,-0.336 0.382,-0.793 0.562,-1.031 z m 45.792,-12.548 c 0.12,0.029 0.242,0.05 0.365,0.059 0.323,0.025 0.62,0.004 0.947,0.064 0.267,0.049 0.535,0.146 0.809,0.144 -0.02,0.536 -1.128,0.763 -1.486,0.817 -0.154,0.27 0.417,0.677 0.549,0.741 0.474,0.232 1.018,0.279 1.535,0.318 0.306,0.023 0.741,-0.047 0.897,0.283 0.151,0.318 0.005,1.168 -0.121,1.454 -0.149,0.339 -0.715,1.125 -1.182,1.107 -0.468,-0.018 -0.953,-0.334 -1.377,-0.498 -0.133,-0.051 -0.268,-0.108 -0.404,-0.162 -0.163,-1.457 -0.342,-2.898 -0.532,-4.327 z m 80.01,-18.369 c 0.548,-0.193 1.093,-0.37 1.667,-0.285 -0.048,0.112 -0.081,0.227 -0.108,0.368 -0.013,0.065 -0.044,0.122 -0.062,0.185 -0.407,0.515 -1.019,0.938 -1.608,1.064 -0.14,-0.128 -0.255,-0.306 -0.377,-0.421 -0.423,-0.399 -0.991,-0.004 -1.514,0.035 -0.23,-0.116 -0.459,-0.242 -0.687,-0.371 -0.106,-0.19 -0.18,-0.413 -0.277,-0.587 -0.216,-0.383 -0.507,-0.654 -0.969,-0.593 -0.197,0.026 -0.393,0.087 -0.39,0.301 0.001,0.07 0.037,0.131 0.083,0.189 -0.02,-0.005 -0.04,-0.014 -0.06,-0.018 -0.681,0.68 -0.359,1.914 -0.839,2.681 -0.177,0.282 -0.527,0.555 -0.835,0.848 -0.007,-0.018 -0.018,-0.027 -0.023,-0.047 -0.114,-0.392 0.068,-0.975 0.085,-1.381 -0.132,-0.079 -0.276,-0.127 -0.431,-0.144 -0.134,-0.072 -0.268,-0.145 -0.403,-0.217 -0.104,-0.065 -0.216,-0.156 -0.326,-0.254 0.235,-0.633 0.514,-1.247 0.913,-1.805 0.707,-0.99 1.387,-2.246 2.618,-2.595 0.316,-0.235 0.581,-0.206 0.796,0.086 0.215,0.103 0.361,0.265 0.438,0.486 0.443,0.659 0.717,1.545 1.05,2.259 0.265,0.569 0.729,0.402 1.259,0.216 z m -9.669,8.462 c 0.306,-0.222 0.818,-0.458 1.22,-0.389 0.051,0.009 0.094,0.025 0.134,0.045 -0.017,0.115 -0.06,0.234 -0.1,0.316 -0.108,0.218 -0.271,0.422 -0.442,0.593 -0.145,0.146 -0.29,0.254 -0.265,0.488 0.039,0.352 0.396,1.27 -0.028,1.45 -0.204,0.033 -0.407,0.031 -0.611,0.013 -0.187,-0.239 -0.373,-0.549 -0.487,-0.82 -0.088,-0.21 -0.195,-0.535 -0.183,-0.761 0.021,-0.394 0.471,-0.724 0.762,-0.935 z m -12.282,25.963 c -0.003,10e-4 -0.006,0.004 -0.009,0.006 -0.002,-0.002 -0.005,-0.004 -0.007,-0.006 0.005,0 0.011,0 0.016,0 z m 76.615,4.691 c -0.308,-0.141 -0.565,-0.355 -0.69,-0.743 -0.074,-0.231 -0.082,-0.557 -0.029,-0.865 0.284,0.044 0.548,0.162 0.66,0.415 0.161,0.362 0.047,0.794 0.059,1.193 z m 11.231,4.557 c -0.156,-0.26 -0.082,-0.498 -0.019,-0.778 0.092,-0.407 0.151,-0.82 0.236,-1.227 0.069,-0.007 0.136,-0.015 0.209,-0.016 0.689,-0.014 1.22,0.246 1.555,0.868 0.196,0.363 0.139,0.64 -0.071,0.964 -0.032,0.049 -0.075,0.091 -0.116,0.134 -0.023,-0.05 -0.048,-0.098 -0.082,-0.142 -0.537,-0.684 -1.088,0.103 -1.712,0.197 z m 2.619,0.263 c 0.04,0.105 0.071,0.222 0.102,0.342 -0.067,0.016 -0.135,0.025 -0.208,0.031 0.037,-0.129 0.065,-0.263 0.106,-0.373 z m 18.313,-48.754 c 0.168,0.004 0.586,0.145 0.66,0.317 0.056,0.131 -0.083,0.491 -0.107,0.591 -0.051,0.217 -0.141,0.453 -0.148,0.675 -0.009,0.29 0.169,0.652 0.017,0.912 -0.545,-0.013 -1.057,-0.224 -1.593,-0.228 -0.041,0.135 -0.012,0.277 -0.075,0.405 -0.098,0.199 -0.373,0.345 -0.539,0.474 -0.186,0.145 -0.379,0.323 -0.577,0.487 -0.261,-0.04 -0.703,0.179 -0.703,-0.25 0,-0.459 0.311,-0.823 0.186,-1.326 -0.043,-0.172 -0.127,-0.423 -0.247,-0.666 0.44,-0.093 0.886,-0.339 1.158,-0.534 0.365,-0.263 0.652,-0.635 1.128,-0.635 0.231,-10e-4 0.779,0.144 0.84,-0.222 z m -0.181,-6.183 c 0.178,0.772 0.842,0.725 1.409,1.041 -0.066,0.205 -0.188,0.478 -0.351,0.689 0.061,-0.276 0.189,-0.566 0.051,-0.764 -0.229,-0.33 -0.768,0.021 -0.927,0.212 -0.142,0.253 -0.284,0.506 -0.427,0.759 -0.149,0.222 -0.263,0.461 -0.343,0.716 -0.044,0.223 -0.021,0.43 0.044,0.628 -0.224,-0.09 -0.423,-0.163 -0.514,-0.195 -0.461,-0.165 -1.401,-0.551 -1.738,0.054 -0.008,0.245 0.007,0.488 0.047,0.73 0.005,0.408 0.039,0.814 0.1,1.217 0.12,0.341 0.041,0.611 -0.237,0.81 -0.207,0.116 -0.416,0.228 -0.628,0.334 -0.309,0.159 -0.654,0.375 -0.633,0.698 -0.304,0.131 -0.607,0.359 -0.869,0.49 -0.229,0.115 -0.472,0.221 -0.682,0.367 0.109,-0.196 0.107,-0.442 0.142,-0.661 0.043,-0.27 0.272,-0.868 0.17,-1.125 -0.057,-0.145 -0.364,-0.414 -0.647,-0.613 0.027,-0.028 0.053,-0.057 0.08,-0.085 0.14,-0.318 0.179,-0.648 0.164,-0.984 0.191,-0.002 0.685,-0.125 0.747,-0.062 -0.081,0.141 -0.165,0.285 -0.265,0.413 0.557,-0.286 1.057,-0.559 1.434,-1.077 0.255,-0.351 0.738,-0.913 0.508,-1.37 -0.184,-0.367 -0.251,-0.759 -0.449,-1.122 -0.049,-0.09 -0.106,-0.165 -0.162,-0.236 1.407,-0.661 2.7,-1.132 3.855,-1.463 0.054,0.196 0.075,0.398 0.121,0.599 z m -4.366,-0.85 c -0.219,-0.204 -0.41,-0.165 -0.631,-0.31 -0.148,-0.096 -0.118,-0.152 -0.165,-0.361 -0.108,-0.483 -0.036,-0.388 0.38,-0.629 0.607,-0.351 0.69,-0.794 0.397,-1.436 -0.152,-0.333 -0.409,-0.592 -0.377,-0.969 0.028,-0.331 0.205,-0.758 -0.248,-0.892 -0.803,-0.236 -1.608,0.82 -1.877,1.394 -0.235,0.502 -0.151,0.881 0.131,1.358 0.352,0.596 0.31,1.355 -0.196,1.865 -0.221,0.223 -0.639,0.594 -0.908,0.344 -0.107,-0.099 -0.146,-0.259 -0.298,-0.319 -0.233,-0.092 -0.615,0.089 -0.836,0.158 -0.208,-0.18 -0.136,-0.447 -0.42,-0.543 -0.29,-0.099 -0.722,0.189 -1.015,0.244 -0.105,-0.113 -0.185,-0.243 -0.241,-0.389 -0.216,-0.304 -0.43,-0.61 -0.641,-0.917 -0.144,-0.214 -0.48,-0.557 -0.568,-0.813 0.227,-0.038 0.453,-0.007 0.682,-0.011 0.623,-0.014 1.259,-0.233 1.784,-0.559 0.277,-0.172 0.545,-0.369 0.661,-0.686 0.053,-0.144 0.007,-0.277 0.042,-0.403 0.039,-0.138 0.304,-0.336 0.395,-0.437 0.173,-0.191 0.27,-0.263 0.515,-0.341 0.67,-0.213 1.093,-0.513 1.437,-1.152 0.322,-0.598 0.662,-0.919 1.382,-0.904 0.774,0.016 1.495,0.525 2.259,0.596 0.211,0.02 0.702,-0.249 0.86,-0.056 -0.015,0.122 -0.029,0.245 -0.044,0.367 -0.099,0.417 -0.229,0.823 -0.392,1.219 -0.183,0.489 -0.479,0.986 -0.423,1.51 0.553,0.096 1.168,0.107 1.701,0.289 0.142,0.055 0.283,0.11 0.425,0.165 0.194,0.056 0.26,0.168 0.2,0.335 0.077,0.34 -0.249,0.698 -0.442,1.031 -1.226,0.326 -2.401,0.767 -3.529,1.252 z m -22.549,-54.639 c -0.103,-0.067 -0.196,-0.141 -0.259,-0.232 0.066,-0.109 0.19,-0.126 0.322,-0.131 -0.015,0.125 -0.039,0.247 -0.063,0.363 z m -40.543,-66.278 c 0.05,0.259 0.145,0.536 0.159,0.738 0.018,0.265 0.004,0.464 -0.051,0.632 -0.15,0.02 -0.268,0.04 -0.298,0.049 -0.349,0.094 -0.593,0.285 -0.886,0.487 -0.179,0.124 -0.544,0.496 -0.752,0.373 0.104,-0.73 0.234,-1.516 0.876,-1.967 0.257,-0.192 0.543,-0.311 0.859,-0.357 0.037,0.008 0.06,0.033 0.093,0.045 z m -3.862,8.18 c 0.039,0.384 -0.258,0.744 -0.191,1.139 0.156,0.028 0.594,0.019 1.082,0.028 -0.838,0.704 -1.652,1.281 -2.426,1.709 -0.009,-0.013 -0.02,-0.026 -0.029,-0.038 -0.42,-0.595 -0.601,-1.135 -0.704,-1.837 -0.06,-0.408 -0.092,-1.068 -0.427,-1.396 -0.506,0.019 -1.218,0.818 -1.208,1.325 0.009,0.417 0.267,0.345 0.53,0.586 0.528,0.483 -0.098,1.211 0.154,1.799 0.058,0.135 0.194,0.242 0.37,0.333 -0.446,0.287 -0.919,0.622 -1.405,0.981 -0.027,-0.025 -0.04,-0.059 -0.07,-0.081 -0.411,-0.315 -0.456,-0.185 -0.752,0.18 -0.143,0.176 -0.361,0.415 -0.473,0.618 -0.066,0.119 -0.1,0.249 -0.124,0.382 -0.857,0.69 -1.743,1.444 -2.645,2.241 -0.415,0.044 -0.821,0.018 -1.128,-0.12 0.249,-0.054 0.492,-0.119 0.693,-0.267 0.19,-0.14 0.309,-0.321 0.39,-0.52 0.389,-0.182 0.793,-0.407 0.912,-0.629 0.286,-0.531 -0.421,-1.443 -0.783,-1.748 -0.335,-0.283 -0.58,-0.432 -0.68,-0.726 0.412,0.052 0.824,0.054 1.239,-0.007 0.418,0.096 0.784,0.025 1.097,-0.213 -0.255,-0.471 -0.443,-1.234 -0.869,-1.584 -0.13,-0.107 -0.534,-0.243 -0.719,-0.315 -0.694,-0.274 -1.54,-0.437 -2.007,-1.074 -0.642,0.829 -2.178,1.253 -3.172,0.993 -0.724,-0.189 -1.014,-0.495 -0.616,-1.09 0.35,-0.522 1.035,-0.838 1.621,-0.996 0.906,-0.245 1.545,-0.48 2.212,-1.187 -0.057,-0.356 -0.452,-0.546 -0.647,-0.825 -0.227,-0.324 -0.33,-0.597 -0.266,-0.95 0.012,0.193 0.039,0.383 0.137,0.547 0.256,0.429 0.659,0.766 1.166,0.836 0.061,0.008 0.119,0.003 0.178,-0.002 -0.144,0.256 0,0.624 0.305,0.846 0.281,0.205 0.76,0.207 1.066,0.07 0.156,-0.07 0.427,-0.187 0.461,-0.374 0.02,0.212 0.38,0.373 0.543,0.446 0.823,0.369 1.516,-0.019 2.223,-0.438 0.219,-0.13 0.474,-0.255 0.665,-0.428 0.062,-0.056 0.107,-0.122 0.179,-0.15 0.405,-0.158 0.587,0.172 0.594,0.523 0.011,0.551 -0.323,0.865 -0.833,0.991 -0.326,0.08 -0.923,0.037 -0.935,0.486 -0.01,0.384 0.413,0.884 0.712,1.078 0.467,0.302 0.561,-0.353 0.618,-0.7 0.061,-0.368 0.193,-0.518 0.497,-0.735 0.365,-0.261 0.712,-0.548 1.077,-0.809 0.208,-0.148 0.266,-0.081 0.502,-0.048 0.352,0.049 0.669,-0.097 0.997,-0.198 0.29,-0.089 0.662,-0.15 0.948,-0.013 -0.033,0.05 -0.067,0.1 -0.089,0.158 -0.212,0.558 -0.019,0.717 0.03,1.203 z m -41.231,-15.554 c 0.318,0.12 0.379,0.506 0.591,0.73 0.234,-0.04 0.544,-0.147 0.858,-0.227 -0.267,0.316 -0.534,0.633 -0.805,0.946 -0.202,0.371 -0.499,0.568 -0.89,0.59 -0.479,-0.09 -0.689,-0.782 -0.933,-1.2 0.238,-0.488 0.637,-1.043 1.179,-0.839 z m -0.218,6.322 c -0.082,0.15 -0.112,0.315 -0.028,0.552 0.104,0.293 0.297,0.339 0.433,0.571 0.012,0.021 0.017,0.037 0.024,0.054 -0.584,-0.086 -1.136,-0.321 -1.748,-0.301 -0.639,0.021 -0.434,0.281 -0.775,0.71 -0.06,0.075 -0.146,0.168 -0.244,0.265 -0.007,-0.793 -0.055,-1.56 -0.163,-2.285 0.367,0.026 0.72,0.089 0.965,0.132 0.316,0.056 0.968,0.129 1.536,0.302 z m -3.469,-4.098 c 0.169,0.141 0.224,0.293 0.179,0.514 -0.06,-0.171 -0.116,-0.345 -0.179,-0.514 z m -4.921,1.574 c -0.164,0.434 -0.273,0.838 -0.488,1.207 -0.453,-0.181 -0.893,-0.441 -0.974,-0.901 -0.117,-0.665 0.461,-1.372 0.984,-1.707 0.744,-0.478 0.798,-0.029 0.974,0.401 -0.193,0.323 -0.367,0.658 -0.496,1 z m -4.48,-12.386 c 0.256,0.057 0.499,0.141 0.677,0.311 -0.041,0.029 -0.084,0.054 -0.125,0.082 -0.254,-0.072 -0.407,-0.224 -0.552,-0.393 z m -1.31,4.739 c 0.587,-1.242 2.948,-1.296 3.194,0.239 0.059,0.202 0.042,0.402 -0.051,0.598 0.091,0.161 0.225,0.275 0.38,0.366 -0.43,0.261 -0.933,0.387 -1.412,0.108 -0.366,-0.214 -0.312,-0.29 -0.294,-0.686 0.015,-0.331 0.002,-0.658 0.051,-0.99 -1.118,0.491 -2.707,0.66 -3.752,-0.074 -0.558,-0.392 -0.6,-0.844 -0.637,-1.457 -0.389,-0.085 -0.766,-0.194 -1.076,-0.459 -0.114,-0.098 -0.192,-0.224 -0.252,-0.364 0.11,0.035 0.217,0.091 0.351,0.168 0.372,0.213 0.703,0.466 1.107,0.625 0.209,0.083 0.546,0.237 0.781,0.152 0.276,-0.1 0.503,-0.425 0.765,-0.574 0.367,-0.208 0.795,-0.32 1.229,-0.376 -0.015,0.055 -0.046,0.101 -0.057,0.159 -0.014,0.038 -1.372,2.74 -0.327,2.565 z m -5.707,-1.7 c 0.125,0.019 0.19,0.112 0.253,0.205 -0.276,0.154 -0.479,0.085 -0.628,-0.084 0.109,-0.084 0.236,-0.143 0.375,-0.121 z m -2.745,0.271 c 0.173,0.244 0.276,0.524 0.221,0.883 -0.011,0.074 -0.044,0.159 -0.073,0.242 0.056,-0.47 -0.154,-0.696 -0.483,-1.009 0.088,-0.064 0.21,-0.093 0.335,-0.116 z m -5.123,2.828 c 0.049,0.278 0.055,0.568 0.02,0.754 -0.108,0.585 -0.587,0.87 -1.144,0.968 -0.429,0.075 -0.654,-0.047 -0.812,-0.257 0.28,-0.304 0.504,-0.707 0.667,-1.004 0.203,-0.371 0.262,-0.687 0.714,-0.628 0.194,0.027 0.377,0.087 0.555,0.167 z m -6.812,-2.558 c -0.099,0.023 -0.197,0.047 -0.295,0.071 0.016,-0.241 0.016,-0.481 0.006,-0.735 -0.012,-0.287 0.105,-0.455 0.395,-0.503 0.542,-0.089 0.782,0.435 1.109,0.787 -0.408,0.118 -0.816,0.289 -1.215,0.38 z m -51.628,-25.148 c 0.255,-0.097 0.276,-0.305 0.471,-0.43 0.176,-0.113 0.357,-0.043 0.584,0.016 0.452,0.119 1.283,0.324 1.494,0.806 0.073,0.167 0.051,0.294 -0.014,0.404 -0.016,-0.017 -0.032,-0.035 -0.047,-0.052 -0.083,-0.092 -0.5,-0.632 -0.722,-0.727 -0.079,0.169 -0.122,0.327 -0.211,0.502 -0.187,0.365 -0.426,0.715 -0.579,1.096 -0.068,0.17 -0.092,0.311 -0.091,0.445 -0.006,-0.006 -0.012,-0.012 -0.017,-0.018 -0.113,0.017 -0.192,0.081 -0.236,0.192 -0.09,-0.012 -0.181,-0.025 -0.271,-0.037 -0.348,-0.191 -0.572,-0.479 -0.67,-0.863 0.05,-0.311 0.042,-0.619 -0.026,-0.924 -0.018,-0.125 -0.049,-0.265 -0.089,-0.407 0.129,0.046 0.271,0.056 0.424,-0.003 z m -4.408,-1.752 c -0.068,-0.116 -0.145,-0.229 -0.196,-0.334 0.103,0.044 0.209,0.102 0.317,0.163 -0.035,0.059 -0.075,0.114 -0.121,0.171 z m -21.504,7.795 c 0.15,0.1 0.522,0.377 0.67,0.652 -0.005,0.016 -0.007,0.032 -0.011,0.047 -0.013,0.111 0.008,0.196 0.048,0.266 -0.01,0.025 -0.014,0.051 -0.033,0.074 -0.127,0.155 -0.407,0.094 -0.6,0.136 0.021,-0.129 0.011,-0.258 -0.066,-0.389 -0.369,-0.624 -0.998,0.299 -1.152,0.634 -0.036,0.078 -0.064,0.233 -0.102,0.358 -0.292,0.007 -0.573,-0.063 -0.877,-0.156 -0.101,-0.057 -0.205,-0.089 -0.31,-0.114 0.05,-0.195 0.099,-0.391 0.149,-0.586 0.065,-0.369 0.129,-0.738 0.194,-1.108 0.139,-0.268 0.472,-0.4 0.714,-0.544 0.216,-0.129 0.422,-0.27 0.628,-0.41 -0.034,0.107 -0.06,0.213 -0.076,0.313 -0.09,0.536 0.47,0.59 0.824,0.827 z m -21.55,39.963 c 0.191,0.069 0.355,0.179 0.492,0.33 0.081,0.07 0.133,0.147 0.195,0.221 -0.354,-0.197 -0.688,-0.408 -1.032,-0.613 -0.002,-0.004 -0.003,-0.008 -0.005,-0.013 0.118,-0.065 0.235,-0.054 0.35,0.075 z m 1.745,1.107 c 0.793,-0.175 1.562,-0.557 2.361,-0.705 -0.007,0.063 -0.015,0.126 -0.037,0.168 -0.093,0.178 -0.361,0.284 -0.526,0.391 -0.253,0.164 -0.319,0.166 -0.604,0.184 -0.32,0.02 -0.356,0.098 -0.49,0.331 -0.238,-0.121 -0.47,-0.246 -0.704,-0.369 z m 18.993,7.326 c 0.712,0.209 1.453,0.59 2.212,0.607 0.954,0.021 1.31,-0.802 1.525,-1.576 -0.377,0.03 -0.752,0.003 -1.125,-0.078 -0.31,-0.121 -0.619,-0.242 -0.929,-0.363 -0.64,-0.797 0.431,-1.438 1.008,-1.865 0.508,-0.376 0.906,-0.719 1.539,-0.53 0.51,0.152 1.214,0.46 1.748,0.225 0.355,-0.012 0.511,-0.225 0.468,-0.639 -0.052,-0.234 -0.105,-0.468 -0.157,-0.702 -0.031,-0.107 -0.074,-0.206 -0.116,-0.299 0.242,0.113 0.479,0.245 0.708,0.415 0.574,0.699 1.221,0.915 1.941,0.646 -0.008,-0.936 0.268,-1.784 0.828,-2.546 0.866,-0.51 1.567,-0.388 2.101,0.369 0.912,0.589 1.496,1.442 1.754,2.561 0.503,0.778 0.471,1.352 -0.095,1.721 -0.648,0.573 -0.94,-0.234 -1.566,-0.308 -0.591,-0.069 -1.121,0.572 -1.72,0.643 -0.239,0.136 -0.476,0.121 -0.712,-0.045 -0.415,-0.335 -0.88,-0.576 -1.396,-0.724 -0.564,-0.127 -0.826,-0.092 -1.329,0.153 -0.664,0.323 -1.056,0.665 -1.25,1.433 -0.099,0.393 -0.404,1.342 -0.168,1.667 1.559,-0.183 3.133,-0.444 4.676,-0.072 1.183,0.286 2.602,0.447 3.385,1.458 0.336,0.205 0.408,0.462 0.218,0.771 -0.015,0.238 -0.111,0.434 -0.287,0.588 -0.445,0.658 -1.165,1.243 -1.703,1.818 -0.43,0.46 -0.101,0.827 0.269,1.249 0.42,0.477 0.835,0.951 0.931,1.596 -0.859,-0.029 -1.908,-0.61 -2.306,-1.347 -0.684,-1.267 0.136,-2.914 -0.111,-4.289 -0.885,-0.377 -1.909,0.383 -2.8,0.224 -0.719,-0.128 -1.705,-1.06 -2.412,-0.505 -0.251,0.197 -0.191,0.655 -0.068,1.081 -1.64,-1.106 -3.525,-2.15 -5.947,-3.212 0.256,-0.168 0.562,-0.22 0.886,-0.125 z m -13.79,22.173 c 0.205,0.132 0.409,0.264 0.614,0.396 0.365,0.059 0.613,-0.08 0.742,-0.419 0.499,-0.569 1.246,-0.716 1.931,-0.267 0.395,0.259 0.678,0.62 0.999,0.937 -0.103,-0.042 -0.208,-0.076 -0.328,-0.069 -0.182,0.01 -0.349,0.111 -0.53,0.131 -0.314,0.033 -0.552,-0.132 -0.844,-0.181 -0.192,-0.032 -0.652,-0.05 -0.83,0 -0.193,0.054 -0.283,0.244 -0.45,0.39 -0.404,0.353 -1.069,0.794 -1.579,0.957 -0.407,0.13 -0.673,-0.205 -0.896,-0.521 -0.381,-0.542 -0.179,-0.744 0.206,-1.175 0.228,-0.255 0.424,-0.477 0.654,-0.667 0.047,0.165 0.132,0.329 0.311,0.488 z M 157.488,166.17 c 0.324,0.162 0.633,0.18 0.986,0.223 0.216,0.026 0.736,-0.011 0.81,0.22 -0.562,0.477 -1.181,0.98 -1.96,0.891 -0.319,-0.027 -0.612,-0.128 -0.879,-0.303 -0.021,-0.03 -0.022,-0.064 -0.04,-0.096 0.135,-0.227 0.247,-0.497 0.37,-0.658 0.162,-0.21 0.305,-0.35 0.458,-0.439 0.126,0.085 0.227,0.148 0.255,0.162 z m -2.473,5.762 c -0.246,0.155 -0.623,0.165 -0.898,0.224 0.01,0.159 0.151,0.285 0.25,0.397 0.25,0.284 0.598,0.485 0.899,0.71 0.116,0.086 0.278,0.173 0.346,0.306 0.101,0.197 -0.003,0.562 0.041,0.767 0.058,0.175 0.116,0.35 0.173,0.525 0.042,0.138 0.084,0.276 0.126,0.415 -0.054,0.227 -0.363,0.38 -0.557,0.446 -0.884,0.299 -1.77,-0.513 -2.551,-0.826 -0.042,0.038 -0.074,0.084 -0.109,0.128 -0.023,-0.034 -0.051,-0.065 -0.07,-0.103 0.077,-0.2 0.632,-0.399 0.796,-0.513 0.411,-0.286 0.963,-0.821 0.691,-1.39 -0.293,-0.612 -0.795,-0.191 -1.251,-0.067 -0.605,0.165 -1.204,0.004 -1.764,0.315 -0.354,0.196 -0.696,0.393 -1.006,0.348 0.208,-0.21 0.427,-0.354 0.708,-0.495 0.349,-0.176 0.666,-0.454 0.908,-0.76 0.133,-0.167 0.237,-0.386 0.385,-0.539 0.27,-0.279 0.686,-0.228 1.011,-0.401 0.276,-0.147 0.469,-0.342 0.672,-0.573 0.208,-0.236 0.331,-0.379 0.645,-0.413 0.172,-0.03 0.345,-0.027 0.519,0.008 0.072,0.006 0.144,0.011 0.216,0.017 0.122,0.089 0.079,0.462 0.091,0.591 0.036,0.361 0.068,0.669 -0.271,0.883 z m -30.376,8.974 c 0.637,-0.008 1.361,0.171 1.641,0.807 -0.076,-0.035 -0.151,-0.07 -0.228,-0.101 -0.166,-0.068 -0.589,-0.336 -0.769,-0.315 -0.168,0.019 -0.211,0.134 -0.321,0.243 -0.141,0.139 -0.347,0.278 -0.546,0.313 -0.28,0.049 -1.218,-0.127 -1.214,-0.523 0.427,-0.263 0.88,-0.417 1.437,-0.424 z m -9.114,2.267 c 0.35,0.112 0.672,0.279 1.02,0.386 -0.429,0.135 -0.889,0.215 -1.295,0.044 -0.158,-0.122 -0.3,-0.26 -0.444,-0.395 0.257,-0.152 0.433,-0.127 0.719,-0.035 z m -46.948,27.643 c -0.008,-0.112 0.037,-0.335 0.115,-0.501 0.017,0.003 0.026,0 0.046,0.004 0.155,0.031 0.546,0.005 0.749,-0.13 0.205,0.033 0.425,0.087 0.627,0.074 0.148,-0.009 0.308,-0.068 0.467,-0.107 0.004,0.02 10e-4,0.038 0.008,0.059 0.078,0.227 0.231,0.441 0.403,0.625 -0.033,0.31 -0.074,0.618 -0.047,0.927 0.139,0.028 0.276,-0.015 0.41,0.036 0.048,0.018 0.093,0.048 0.138,0.082 -0.012,0.025 -0.014,0.046 -0.03,0.073 -0.108,0.185 -0.24,0.306 -0.205,0.54 0.018,0.12 0.088,0.219 0.119,0.335 0.047,0.178 -0.013,0.269 -0.043,0.438 -0.019,0.106 -0.008,0.21 -0.042,0.314 -0.046,0.141 -0.146,0.269 -0.212,0.402 -0.141,0.287 -0.18,0.589 -0.05,0.885 0.061,0.139 0.308,0.397 0.315,0.568 0.006,0.126 -0.132,0.199 -0.217,0.257 -0.458,0.313 -0.966,0.194 -1.4,-0.078 -0.18,-0.113 -0.194,-0.336 -0.153,-0.571 0.145,0.031 0.307,-0.01 0.488,-0.175 0.657,-0.599 -0.023,-1.697 -0.446,-2.179 -0.297,-0.339 -0.694,-0.589 -0.739,-1.063 -0.023,-0.23 0.068,-0.789 -0.301,-0.815 z m 16.016,10.538 c -0.656,-0.387 -1.262,0.039 -1.864,0.328 -0.328,-0.231 -0.472,-0.561 -0.627,-0.926 -0.151,-0.345 -0.289,-0.695 -0.416,-1.05 -0.127,-0.195 -0.255,-0.39 -0.382,-0.585 -0.146,-0.083 -0.292,-0.167 -0.438,-0.25 -0.169,0.01 -0.338,0.007 -0.506,-0.009 -0.34,-0.063 -0.67,-0.258 -0.881,-0.548 -0.226,-0.311 -0.332,-0.751 -0.342,-1.123 -0.01,-0.357 0.198,-0.767 0.103,-1.117 -0.111,-0.406 -0.356,-0.704 -0.783,-0.779 -0.445,-0.078 -0.956,0.173 -1.353,0.33 -0.205,0.083 -0.409,0.167 -0.614,0.25 -0.118,0.051 -0.235,0.103 -0.352,0.154 -0.207,0.029 -0.357,-0.18 -0.461,-0.364 0.219,-0.184 0.539,-0.197 0.801,-0.286 0.54,-0.183 0.975,-0.538 1.475,-0.794 1.399,-0.715 0.924,2.252 1.997,1.716 0.747,-0.373 -0.566,-1.005 -0.719,-1.279 0.227,-0.357 0.611,-0.57 0.863,-0.907 -0.343,-0.198 -0.641,-0.87 -0.693,-1.225 -0.085,-0.589 0.278,-1.013 0.774,-1.283 0.801,-0.437 1.038,0.22 1.552,0.666 0.641,0.557 1.73,-0.399 2.283,0.27 0.232,0.281 0.274,0.779 0.477,1.107 0.271,0.438 0.677,0.773 0.92,1.232 0.543,-0.236 1.017,-0.726 1.527,-1.039 0.571,-0.35 1.115,-0.744 1.752,-0.962 0.471,-0.161 1.045,-0.421 1.369,-0.012 0.198,0.25 0.183,0.553 0.454,0.793 0.47,0.416 1.393,0.884 1.949,0.362 0.605,-0.568 0.248,-1.484 0.472,-2.152 0.43,-0.247 0.778,0.327 1.125,0.427 0.418,0.12 1.151,-0.252 1.373,-0.61 0.31,-0.498 -0.166,-0.616 -0.257,-1.015 -0.066,-0.289 0.197,-0.541 0.366,-0.701 0.467,-0.441 0.59,-0.721 0.65,-1.395 0.058,-0.639 0.349,-1.081 0.917,-1.414 0.061,-0.036 0.112,-0.043 0.168,-0.067 0.233,0.139 0.408,0.315 0.505,0.647 0.129,0.443 0.158,0.915 0.358,1.335 0.111,0.234 0.2,0.367 0.423,0.468 0.155,0.07 0.357,0.077 0.552,0.053 -0.046,0.45 -0.063,1.003 0.436,1.151 0.197,0.059 0.34,-0.18 0.521,-0.268 0.318,-0.155 0.608,-0.149 0.93,-0.13 -0.056,0.127 -0.116,0.253 -0.187,0.376 -0.48,0.826 -1.398,1.429 -1.54,2.418 -0.061,0.425 -0.07,0.833 -0.18,1.25 -0.088,0.454 -0.283,0.865 -0.584,1.232 -0.145,0.261 -0.29,0.521 -0.436,0.781 -0.163,0.746 0.341,1.553 0.56,2.247 0.173,-0.454 0.407,-0.896 0.76,-1.235 0.096,-0.096 0.197,-0.187 0.304,-0.271 0.109,-0.215 0.188,-0.44 0.237,-0.676 0.222,-0.803 0.459,-1.957 1.542,-1.858 0.254,0.062 0.508,0.125 0.762,0.187 0.189,0.131 0.39,0.241 0.601,0.33 0.018,-0.364 0.012,-0.728 0.076,-1.087 10e-4,-0.006 0.004,-0.011 0.005,-0.017 0.013,0 0.026,0.005 0.039,0.004 0.086,-0.006 0.333,-0.133 0.368,-0.143 0.168,-0.048 0.323,-0.075 0.498,-0.072 0.647,0.012 0.865,0.455 0.922,1.029 0.035,0.357 0.048,0.852 0.242,1.2 -0.005,0.014 -0.009,0.028 -0.014,0.041 -0.072,0.144 -0.145,0.288 -0.217,0.433 -0.448,0.352 -1.118,-0.24 -1.403,-0.567 -0.067,0.396 -0.238,0.69 -0.466,1.019 -0.205,-0.142 -0.329,-0.343 -0.373,-0.603 -0.133,-0.069 -0.267,-0.137 -0.4,-0.206 -0.403,-0.095 -0.866,0.517 -0.983,0.817 -0.213,0.545 0.037,0.925 0.401,1.313 0.387,0.413 0.818,0.536 0.925,1.117 -0.32,0.181 -0.618,0.32 -0.89,0.574 -0.257,0.24 -0.488,0.671 -0.823,0.777 -0.303,0.096 -0.659,-0.05 -0.984,0.026 -0.369,0.085 -0.543,0.422 -0.768,0.685 -1.015,-0.009 -2.066,-0.026 -3.127,-0.046 0.003,-0.089 0.02,-0.172 0.014,-0.265 -0.172,-0.075 -0.277,0.096 -0.386,0.258 -0.211,-0.004 -0.422,-0.008 -0.633,-0.013 -0.226,-0.283 -0.355,-0.63 -0.738,-0.817 -0.422,-0.206 -1.453,-0.546 -1.789,-0.057 -0.148,0.215 -0.201,0.521 -0.244,0.817 -0.418,-0.008 -0.833,-0.016 -1.242,-0.024 -0.056,-0.05 -0.113,-0.098 -0.166,-0.115 -0.146,-0.048 -0.54,0.011 -0.871,0.099 -0.434,-0.007 -0.861,-0.012 -1.276,-0.016 -1.007,-0.009 -2.255,0.115 -3.621,0.324 -0.094,-0.095 -0.189,-0.189 -0.319,-0.265 z m -15.277,40.661 c 0.108,-0.401 0.629,-0.51 1.109,-0.476 0.273,0.02 0.606,0.143 0.874,0.099 0.125,-0.02 0.259,-0.089 0.39,-0.167 -0.022,0.168 -0.079,0.328 -0.212,0.415 -0.216,0.141 -0.377,-0.013 -0.586,10e-4 -0.224,0.015 -0.468,0.052 -0.702,0.069 -0.274,0.021 -0.582,0.036 -0.873,0.059 z m 12.219,2.131 c -0.042,-0.055 -0.085,-0.123 -0.129,-0.189 0.1,0.069 0.198,0.142 0.279,0.235 -0.003,0.024 -0.029,0.053 -0.043,0.08 -0.042,-0.048 -0.082,-0.093 -0.107,-0.126 z m 34.533,9.212 c -0.063,0.115 -0.136,0.223 -0.228,0.313 -0.284,0.278 -0.885,0.247 -1.246,0.387 -0.062,0.143 0.006,0.266 0.103,0.368 -0.343,-0.087 -0.941,0.204 -1.123,0.336 0.173,0.477 0.499,0.797 0.786,1.205 0.148,0.21 0.335,0.714 0.694,0.531 0.009,-0.03 0.019,-0.069 0.04,-0.19 0.014,0.029 0.022,0.069 0.036,0.094 0.322,0.579 0.525,1.036 0.463,1.756 -0.054,0.621 -0.652,0.623 -1.119,0.733 -0.02,0.005 -0.032,0.018 -0.049,0.026 -0.232,-0.077 -0.469,-0.118 -0.713,-0.095 -0.297,-0.018 -0.587,0.025 -0.87,0.13 -0.321,0.078 -0.659,0.149 -0.96,0.287 -0.263,0.121 -0.453,0.331 -0.636,0.545 -0.164,-0.079 -0.343,-0.132 -0.516,-0.179 0,0.062 0.005,0.131 0.01,0.2 -0.509,-0.321 -1.262,-0.832 -1.506,-0.235 -0.123,0.302 -0.245,0.302 -0.54,0.357 -0.334,-0.405 -0.327,-0.801 0.242,-1.029 0.561,-0.225 1.349,-0.179 1.948,-0.256 0.084,-0.449 -0.441,-0.716 -0.095,-1.187 0.23,-0.314 0.451,-0.445 0.57,-0.861 0.108,-0.381 0.204,-0.784 -0.204,-0.968 -0.302,-0.136 -0.278,-0.032 -0.495,0.128 -0.442,-0.176 -0.786,-0.499 -1.15,-0.801 -0.025,-0.021 -0.055,-0.04 -0.082,-0.06 2.301,-0.361 4.572,-0.899 6.64,-1.535 z m -2.832,8.205 c 0.119,0 0.239,0.018 0.363,0.07 0.111,0.046 0.209,0.112 0.304,0.185 -0.07,0.018 -0.147,0.022 -0.245,-0.012 -0.142,-0.049 -0.291,-0.14 -0.422,-0.243 z m 3.893,-3.847 c -0.085,-0.063 -0.174,-0.087 -0.263,-0.11 0.261,-0.274 0.589,-0.505 0.878,-0.581 0.484,-0.129 0.533,0.237 0.846,0.515 0.192,0.17 0.219,0.15 0.466,0.055 0.097,-0.037 0.079,-0.077 0.178,-0.052 0.228,0.057 0.419,0.462 0.502,0.641 0.046,0.098 0.066,0.206 0.102,0.308 -0.091,0.047 -0.176,0.091 -0.229,0.192 -0.104,0.199 -0.107,0.446 -0.216,0.654 -0.169,0.323 -0.396,0.547 -0.695,0.742 -0.043,-0.419 0.162,-0.936 -0.033,-1.331 -0.144,-0.126 -0.287,-0.253 -0.431,-0.379 -0.328,-0.294 -0.696,-0.511 -1.105,-0.654 z m 1.306,9.685 c 0.174,-0.208 0.426,-0.288 0.603,-0.471 0.112,-0.116 0.168,-0.28 0.266,-0.408 0.14,-0.182 0.306,-0.415 0.535,-0.482 0.107,-0.031 0.192,-0.015 0.308,-0.073 0.299,-0.151 0.667,-0.497 0.703,-0.848 0.022,-0.218 -0.098,-0.339 -0.177,-0.535 -0.08,-0.2 -0.118,-0.424 -0.086,-0.642 0.029,-0.204 0.148,-0.492 0.399,-0.501 0.035,-10e-4 0.066,0.013 0.097,0.024 0.069,0.066 0.146,0.116 0.227,0.158 0.055,0.052 0.11,0.103 0.17,0.134 0.043,0.022 0.098,0.027 0.158,0.023 0.106,0.342 0.273,0.646 0.504,0.911 -0.088,0.075 -0.17,0.133 -0.227,0.159 -0.25,0.116 -0.527,0.143 -0.691,0.391 -0.169,0.256 -0.136,0.565 -0.132,0.867 0.009,0.629 0.192,1.478 0.784,1.815 0.044,0.025 0.081,0.029 0.122,0.044 -0.009,0.033 -0.027,0.068 -0.025,0.098 0.014,0.143 0.083,0.202 0.007,0.337 -0.063,0.113 -0.249,0.21 -0.358,0.286 -0.183,0.128 -0.555,0.404 -0.733,0.177 -0.188,-0.24 -0.047,-0.679 -0.271,-0.9 -0.201,0.066 -0.365,0.212 -0.567,0.276 -0.118,0.037 -0.264,-10e-4 -0.362,0.029 -0.305,0.094 -0.627,0.788 -1.041,0.539 -0.141,-0.084 -0.352,-0.623 -0.389,-0.765 -0.066,-0.251 0.013,-0.449 0.176,-0.643 z m 1.529,6.906 c 0.005,-0.273 -0.18,-0.37 -0.223,-0.598 -0.039,-0.205 0.093,-0.348 0.234,-0.536 0.072,-0.096 0.158,-0.213 0.255,-0.334 0.298,0.213 0.552,0.467 0.756,0.768 0.208,0.154 0.26,0.35 0.154,0.589 -0.018,0.365 -0.113,0.713 -0.285,1.043 -0.06,0.206 -0.072,0.442 -0.26,0.577 -0.25,0.081 -0.506,0.124 -0.768,0.129 -0.236,0.014 -0.47,0.039 -0.703,0.074 -0.454,0.058 -1.001,0.145 -1.251,0.583 -0.177,0.31 -0.111,0.618 -0.422,0.859 -0.144,-0.094 -0.281,-0.205 -0.41,-0.326 0.139,-0.175 0.221,-0.375 0.161,-0.628 -0.073,-0.308 -0.599,-0.627 -0.96,-0.799 -0.003,-0.018 -0.012,-0.035 -0.015,-0.053 -0.032,-0.373 0.002,-0.738 0.102,-1.095 0.016,-0.048 0.015,-0.097 0.026,-0.145 0.304,-0.187 0.631,-0.465 0.915,-0.22 0.217,0.188 0.313,0.342 0.583,0.482 0.312,0.162 0.643,0.309 0.995,0.338 0.452,0.036 1.106,-0.147 1.116,-0.708 z m -9.922,35.372 c 0.111,0.053 0.184,0.153 0.282,0.222 -0.131,-0.006 -0.26,-0.023 -0.387,-0.052 0.032,-0.06 0.063,-0.121 0.105,-0.17 z m 0.976,0.1 c 0.005,0.019 0.026,0.028 0.036,0.044 -0.054,0.013 -0.109,0.025 -0.163,0.039 0.042,-0.027 0.085,-0.056 0.127,-0.083 z m 5.345,-2.038 c -0.164,-0.301 -0.185,-0.603 -0.065,-0.905 0.16,-0.101 0.326,-0.189 0.499,-0.265 0.17,-0.074 0.283,-0.015 0.341,0.176 0.116,0.15 0.223,0.31 0.33,0.47 -0.132,0.236 -0.314,0.45 -0.558,0.626 -0.109,0.113 -0.233,0.191 -0.369,0.238 -0.068,-0.103 -0.129,-0.215 -0.178,-0.34 z m 3.86,2.257 c 0.082,-0.218 0.153,-0.435 0.188,-0.662 0.316,0.218 0.544,0.636 0.808,0.848 0.793,-0.311 1.128,-0.895 1.254,-1.717 0.034,0.017 0.065,0.044 0.098,0.064 -0.048,0.1 -0.096,0.157 -0.057,0.283 0.046,0.147 0.214,0.233 0.327,0.327 0.158,0.132 0.328,0.272 0.257,0.467 -0.145,0.397 -0.67,0.715 -0.584,1.2 0.026,0.148 0.122,0.224 0.218,0.32 -0.163,0.185 -0.333,0.362 -0.484,0.557 -0.178,0.161 -0.356,0.321 -0.534,0.481 -0.419,0.188 -0.632,-0.233 -0.929,-0.433 -0.214,-0.143 -0.509,-0.234 -0.701,-0.403 -0.353,-0.311 0.024,-1.029 0.139,-1.332 z m 1.642,11.453 c -0.216,-0.286 -0.485,-0.702 -0.831,-0.898 -0.003,-0.014 -0.007,-0.028 -0.01,-0.042 -0.013,-0.161 -0.027,-0.322 -0.04,-0.483 0.199,-0.534 1.079,-0.378 1.493,-0.247 -0.149,-0.373 -0.156,-0.713 -0.133,-1.113 0.249,0.015 0.459,0.122 0.633,0.32 0.149,-0.011 0.299,-0.022 0.449,-0.033 0.394,-0.129 0.47,-0.893 0.414,-1.209 -0.051,-0.29 -0.182,-0.483 -0.363,-0.621 0.496,0.06 1.057,-0.173 1.428,-0.419 0.051,-0.034 0.1,-0.075 0.151,-0.11 -0.024,0.086 -0.047,0.173 -0.078,0.258 0.018,0.24 0.069,0.474 0.15,0.701 0.228,0.801 0.628,1.909 -0.348,2.389 -0.249,0.079 -0.499,0.158 -0.748,0.237 -0.23,-0.013 -0.458,-0.002 -0.685,0.031 0.175,0.32 0.369,0.628 0.501,0.968 0.003,0.007 0.003,0.015 0.006,0.023 -0.01,0.006 -0.027,0.005 -0.037,0.012 -0.07,0.049 -0.215,0.287 -0.239,0.314 -0.119,0.129 -0.237,0.233 -0.387,0.321 -0.561,0.326 -0.978,0.062 -1.326,-0.399 z m -1.267,13.508 c 0.369,-0.007 0.633,0.39 0.911,0.599 0.203,0.153 0.414,0.25 0.633,0.269 -0.008,0.267 0.026,0.675 -0.056,0.907 -0.201,-0.111 -0.36,-0.276 -0.542,-0.413 -0.498,-0.375 -1.132,-0.597 -1.747,-0.666 -0.122,-0.014 -0.245,-0.02 -0.366,-0.018 0.382,-0.208 0.712,-0.67 1.167,-0.678 z m 6.838,2.77 c -0.041,0.036 -0.076,0.073 -0.112,0.11 0.025,-0.159 -0.011,-0.305 -0.162,-0.502 -0.237,-0.313 -0.534,-0.552 -0.912,-0.666 -0.021,-0.139 0.068,-0.266 0.117,-0.391 0.142,-0.361 0.28,-0.727 0.301,-1.115 0.005,-0.093 -0.002,-0.195 -0.017,-0.296 0.102,-0.093 0.195,-0.185 0.254,-0.261 0.419,-0.538 0.689,-1.227 0.911,-1.863 0.067,-0.192 0.137,-0.373 0.22,-0.545 0.508,-0.441 1.129,-0.807 1.606,-0.248 0.264,0.31 0.542,0.605 0.847,0.815 -0.011,0.003 -0.026,0.008 -0.036,0.01 -0.409,0.072 -1.052,0.091 -1.094,0.684 -0.006,0.082 0.039,0.177 0.097,0.273 -0.13,0.055 -0.327,0.287 -0.397,0.366 -0.247,0.278 -0.321,0.509 -0.183,0.866 0.179,0.464 0.721,0.846 1.035,1.201 0.201,0.228 0.386,0.497 0.479,0.791 0.095,0.299 0.05,0.518 0.235,0.773 -0.155,0.023 -0.304,0.057 -0.436,0.103 -0.419,0.147 -0.482,0.417 -0.717,0.727 -0.347,-0.27 -0.706,-0.597 -0.974,-0.943 -0.333,-0.429 -0.669,-0.232 -1.062,0.111 z m 36.215,-10.979 c 0.098,-0.123 0.295,-0.291 0.458,-0.288 0.21,0.005 0.447,0.108 0.636,0.186 0.131,0.053 0.575,0.249 0.598,0.473 0.011,0.109 -0.032,0.117 -0.119,0.183 -0.225,0.17 -0.505,0.263 -0.727,0.437 -0.159,0.124 -0.272,0.276 -0.406,0.424 -0.007,0.008 -0.018,0.019 -0.027,0.027 -0.301,-0.273 -0.582,-0.566 -0.825,-0.896 0.139,-0.181 0.272,-0.371 0.412,-0.546 z m 6.343,-14.784 c -0.489,-0.694 -1.776,-0.027 -2.152,-0.809 -0.158,-0.328 -0.079,-0.822 -0.198,-1.189 -0.159,-0.49 -0.472,-0.913 -0.598,-1.417 -0.584,0.099 -1.161,0.461 -1.731,0.643 -0.638,0.204 -1.261,0.455 -1.931,0.514 -0.201,0.018 -0.42,0.039 -0.626,0.036 0.046,-0.339 0.13,-0.668 0.271,-0.982 0.116,-0.242 0.296,-0.406 0.538,-0.495 0.099,-0.017 0.153,-0.075 0.163,-0.173 0.11,-0.213 0.166,-0.59 0.198,-0.827 0.011,-0.255 -0.017,-0.405 -0.041,-0.556 -0.039,-0.352 0.022,-0.96 0.422,-1.118 0.238,-0.094 0.679,-0.072 0.916,-0.042 0.371,0.067 0.72,0.197 1.046,0.39 0.26,0.205 0.543,0.267 0.85,0.187 0.32,-0.156 0.497,-0.805 0.277,-1.099 -0.055,-0.093 -0.139,-0.131 -0.253,-0.113 -0.261,-0.048 -0.499,-0.151 -0.715,-0.307 -0.305,-0.22 -0.97,-0.934 -0.773,-1.378 0.108,-0.245 0.444,-0.371 0.572,-0.618 0.126,-0.244 0.176,-0.494 0.244,-0.736 0.132,0.068 0.273,0.126 0.426,0.166 0.285,0.075 0.672,0.206 0.957,0.074 0.343,-0.159 0.415,-0.609 0.459,-0.954 0.044,-0.347 -0.027,-0.595 -0.087,-0.885 0.032,-0.047 0.063,-0.093 0.095,-0.14 0.536,0.424 1.07,0.847 1.595,1.271 0.014,0.057 0.028,0.115 0.042,0.172 0.213,0.296 0.425,0.592 0.638,0.889 0.306,0.23 0.579,0.277 0.821,0.145 0.463,0.37 0.925,0.74 1.389,1.1 -0.095,0.221 -0.113,0.453 -0.035,0.7 -0.025,0.452 0.221,0.741 0.739,0.868 0.279,0.106 0.875,0.105 1.377,-0.036 0.148,0.104 0.301,0.2 0.451,0.302 -0.131,0.053 -0.267,0.104 -0.412,0.153 0.536,0.971 1.397,1.737 2.336,2.323 0.149,0.208 0.24,0.453 0.218,0.766 -0.031,0.445 -0.37,1.121 -0.799,1.333 -0.257,0.127 -0.571,0.063 -0.847,0.086 -0.568,0.048 -1.075,0.289 -1.622,0.417 -1.53,0.359 -0.357,-2.408 -1.527,-2.145 -0.814,0.183 0.308,1.111 0.392,1.414 -0.306,0.292 -0.73,0.406 -1.055,0.674 0.285,0.275 0.414,0.998 0.379,1.355 -0.059,0.592 -0.513,0.916 -1.059,1.06 -0.885,0.232 -0.958,-0.463 -1.35,-1.019 z m 32.537,-8.127 c -0.206,0.07 -0.411,0.141 -0.623,0.205 0.216,-0.519 0.573,-1.159 0.467,-1.664 -0.156,-0.743 -1.184,-0.585 -1.751,-0.626 0.05,-0.218 0.283,-0.275 0.276,-0.52 -0.43,-0.275 -0.784,-0.029 -1.164,0.243 -0.373,0.267 -0.673,0.551 -0.85,0.981 -0.014,-0.012 -0.023,-0.034 -0.036,-0.047 0.108,-0.217 0.13,-0.46 0.048,-0.734 -0.144,-0.288 -0.353,-0.493 -0.619,-0.624 -0.022,-0.117 -0.043,-0.236 -0.053,-0.332 -0.137,-0.048 -0.339,-0.01 -0.535,0.054 -0.312,-0.259 -0.134,-0.445 -0.16,-0.916 -0.016,-0.295 -0.16,-0.877 -0.35,-1.083 -0.256,-0.121 -0.519,-0.197 -0.788,-0.238 -0.303,-0.607 -0.854,-1.219 -1.511,-1.358 -0.331,-0.07 -0.806,-0.066 -1.137,0.119 -0.009,-0.015 -0.011,-0.032 -0.021,-0.046 -0.054,-0.044 -0.094,-0.101 -0.146,-0.146 0.366,-0.346 1.043,-0.607 1.472,-0.708 0.064,-0.296 -0.27,-0.822 -0.418,-1.023 -0.056,-0.076 -0.224,-0.202 -0.282,-0.317 0.073,-0.045 0.147,-0.088 0.218,-0.135 0.705,-0.073 1.44,-0.109 2.086,-0.423 0.667,-0.324 1.423,-1.064 1.489,-1.866 0.01,-0.12 0.005,-0.258 -0.01,-0.398 0.076,0.041 0.146,0.089 0.227,0.126 0.284,0.13 0.725,0.327 1.043,0.159 0.113,0.318 0.109,0.656 0.194,0.978 0.107,0.406 0.213,0.605 0.658,0.512 0.337,-0.069 0.672,-0.144 1.005,-0.226 0.265,0.047 0.486,-0.013 0.664,-0.182 0.047,-0.281 -0.018,-0.537 -0.196,-0.769 -0.229,-0.094 -0.32,-0.234 -0.273,-0.42 0.546,0.023 1.119,0.126 1.664,0.093 0.36,-0.022 0.758,-0.185 1.107,-0.14 0.372,0.048 0.721,0.319 1.099,0.422 0.38,0.104 1.023,0.133 1.4,-0.005 0.43,-0.158 0.66,-0.343 0.73,-0.811 0.042,-0.284 -0.085,-0.563 -0.064,-0.839 0.024,-0.307 0.244,-0.456 0.41,-0.735 0.174,-0.294 0.37,-0.617 0.48,-0.94 0.123,-0.361 -0.085,-0.666 -0.014,-1.063 0.027,-0.152 0.087,-0.298 0.148,-0.442 0.407,0.274 0.811,0.546 1.206,0.812 2.511,1.692 5.135,3.149 7.674,4.393 0.092,0.165 0.296,0.282 0.439,0.395 0.059,0.047 0.235,0.142 0.261,0.213 0.06,0.167 -0.177,0.38 -0.355,0.393 -0.384,0.027 -0.772,-0.343 -1.167,-0.14 -0.366,0.188 -0.161,1.01 -0.039,1.307 0.042,0.103 0.107,0.189 0.117,0.301 0.024,0.266 -0.339,0.565 -0.527,0.724 -0.222,0.188 -0.48,0.367 -0.77,0.428 -0.227,0.048 -0.495,0 -0.728,0.027 -0.794,0.094 -0.78,0.703 -0.734,1.367 -0.006,0.229 0.029,0.449 0.103,0.662 -0.007,0.127 0.05,0.193 0.17,0.198 0.241,0.15 0.752,-0.053 1.003,-0.153 0.278,-0.111 0.555,-0.277 0.766,-0.491 0.052,-0.053 0.16,-0.288 0.281,-0.269 0.155,0.024 0.234,0.224 0.298,0.346 0.131,0.247 0.245,0.504 0.368,0.755 0.132,0.269 0.261,0.646 0.639,0.468 0.562,-0.266 0.904,-1.207 0.583,-1.755 0.492,-0.288 1.084,-0.441 1.65,-0.488 0.363,-0.03 0.408,0.163 0.382,0.528 -0.011,0.155 -0.114,0.404 -0.083,0.551 0.129,0.615 1.619,-0.452 1.728,-0.549 0.271,-0.24 0.404,-0.52 0.575,-0.831 0.105,-0.19 0.265,-0.687 0.507,-0.669 0.233,0.7 0.467,1.461 0.094,2.151 -0.144,0.286 -0.347,0.52 -0.609,0.703 -0.284,0.067 -0.54,0.005 -0.768,-0.185 -0.205,-0.151 -0.431,-0.219 -0.68,-0.205 -0.21,0.158 -0.354,0.364 -0.434,0.619 -0.18,0.387 -0.281,0.745 -0.657,0.967 -0.017,0.002 -0.034,0.005 -0.052,0.007 -0.26,-0.173 -0.54,-0.592 -0.892,-0.521 -0.289,0.058 -0.515,0.462 -0.667,0.745 -0.836,0.122 -1.675,0.248 -2.509,0.378 -0.336,-0.097 -0.642,-0.043 -0.923,0.145 -1.351,0.214 -2.677,0.435 -3.936,0.658 -0.056,-0.224 -0.19,-0.44 -0.305,-0.626 -0.407,-0.662 -1.031,-1.07 -1.768,-1.292 -0.478,-0.223 -0.974,-0.238 -1.488,-0.044 -0.297,0.148 -0.594,0.296 -0.89,0.444 -0.522,0.319 -1.018,0.741 -1.419,1.197 -0.434,0.492 -0.735,0.975 -1.35,1.252 -0.32,0.143 -0.629,0.288 -0.845,0.582 -0.087,0.113 -0.12,0.247 -0.133,0.386 z m 77.955,-58.214 c -0.107,0.113 -0.213,0.234 -0.32,0.336 -0.008,0.008 -0.018,0.016 -0.026,0.023 0.072,-0.155 0.202,-0.268 0.346,-0.359 z m 0.827,-0.124 c 0.035,0.033 0.067,0.081 0.102,0.121 -0.022,0.023 -0.047,0.045 -0.061,0.073 -0.109,-0.121 -0.222,-0.234 -0.358,-0.289 -0.017,-0.007 -0.026,-0.008 -0.041,-0.013 0.118,-0.026 0.233,-0.007 0.358,0.108 z m 4.144,-5.121 c -0.209,0.515 -1.051,0.673 -1.504,0.877 -0.026,0.111 0.004,0.208 0.09,0.291 -0.045,0.079 -0.09,0.158 -0.135,0.237 -0.307,0.252 -0.658,0.351 -1.051,0.299 -0.27,-0.163 -0.559,-0.27 -0.867,-0.322 -0.123,-0.03 -0.266,-0.052 -0.413,-0.067 0.093,-0.104 0.156,-0.232 0.158,-0.397 0.005,-0.273 -0.18,-0.37 -0.223,-0.598 -0.039,-0.205 0.093,-0.348 0.234,-0.536 0.279,-0.375 0.78,-1.069 1.306,-1.085 0.54,-0.016 0.466,0.581 0.68,0.928 0.249,-0.167 0.485,-0.36 0.765,-0.476 0.413,-0.172 0.631,0.004 0.908,0.281 0.023,0.023 0.039,0.053 0.062,0.078 0.024,0.187 0.041,0.365 -0.01,0.49 z m 4.765,10.455 c 0.006,-0.102 0.019,-0.204 0.045,-0.306 0.062,-0.292 0.122,-0.585 0.181,-0.878 0.128,-0.629 0.296,-1.113 0.824,-1.486 0.498,-0.352 0.575,-0.939 0.397,-1.488 -0.163,-0.501 -0.566,-0.806 -0.066,-1.25 0.255,-0.209 0.546,-0.328 0.873,-0.354 0.138,0.057 0.258,0.046 0.358,-0.033 0.121,-0.056 0.163,-0.167 0.127,-0.333 0.026,-0.276 0.151,-0.495 0.376,-0.659 0.357,-0.249 0.707,-0.509 1.048,-0.78 0.164,-0.21 0.37,-0.335 0.619,-0.376 0.127,0.156 0.183,0.363 0.365,0.451 0.282,0.137 0.569,-0.037 0.778,-0.229 0.288,-0.184 0.392,-0.467 0.311,-0.847 -0.069,-0.236 -0.137,-0.472 -0.206,-0.708 -0.103,-0.161 -0.206,-0.322 -0.309,-0.483 -0.066,-0.087 -0.132,-0.173 -0.198,-0.26 -0.069,-0.317 0.335,-0.657 0.538,-0.827 0.271,-0.227 0.815,-0.536 1.189,-0.472 0.269,0.046 0.261,0.198 0.352,0.416 0.15,0.359 0.313,0.395 0.685,0.256 0.314,-0.118 0.622,-0.256 0.904,-0.439 0.264,-0.172 0.273,-0.18 0.57,-0.02 0.673,0.362 1.349,0.771 2.126,0.471 0.325,-0.126 0.608,-0.311 0.904,-0.495 0.194,-0.121 0.451,-0.252 0.71,-0.308 -1.189,1.359 -2.663,2.64 -4.214,3.883 -0.161,10e-4 -0.324,0.026 -0.492,0.09 -0.253,0.096 -0.485,0.082 -0.695,-0.039 -0.118,-0.066 -0.245,-0.105 -0.38,-0.118 -0.275,0.181 -0.447,0.429 -0.517,0.744 -0.144,0.362 -0.186,0.814 -0.323,1.205 -0.383,0.295 -0.763,0.59 -1.139,0.884 -0.355,-0.056 -0.707,-0.123 -1.056,-0.207 -0.627,0.051 -0.864,0.661 -0.717,1.211 0.035,0.129 0.076,0.229 0.116,0.319 -0.339,0.28 -0.669,0.559 -0.988,0.84 -0.509,0.444 -1.623,1.381 -3.096,2.625 z m 36.173,-4.027 c -0.038,0.209 -0.087,0.418 -0.095,0.534 -0.022,0.314 0.047,0.683 -0.279,0.815 -0.692,0.279 -1.766,-0.595 -2.232,-0.131 -0.165,0.163 -0.213,0.457 -0.393,0.639 -0.192,0.194 -0.566,0.488 -0.817,0.632 -0.756,0.434 -2.098,0.281 -2.878,0.025 -0.307,-0.101 -0.539,-0.264 -0.742,-0.458 2.522,-0.726 5.146,-1.372 7.436,-2.056 z m -11.863,10.854 c 0.295,-0.789 0.821,-1.413 1.578,-1.874 0.863,-0.271 1.305,-0.791 1.325,-1.559 -0.871,-0.342 -1.555,-0.915 -2.052,-1.719 -0.149,-0.995 0.226,-1.598 1.127,-1.811 0.887,-0.626 1.897,-0.849 3.031,-0.67 0.91,-0.176 1.43,0.068 1.561,0.732 0.289,0.816 -0.569,0.785 -0.871,1.337 -0.285,0.522 0.111,1.254 -0.046,1.836 0.014,0.102 -0.012,0.187 -0.037,0.272 -0.568,0.328 -1.068,0.824 -1.506,1.297 -0.32,0.346 -0.62,0.647 -1.082,0.798 -0.434,0.142 -0.93,0.052 -1.293,0.375 -0.272,0.241 -0.5,0.604 -0.462,0.97 0.038,0.374 0.015,0.488 -0.332,0.627 -0.434,0.174 -0.576,0.568 -0.683,1.012 -0.004,0.016 -0.006,0.041 -0.009,0.059 -0.082,-0.079 -0.16,-0.16 -0.273,-0.219 -0.361,-0.518 -0.352,-1.006 0.024,-1.463 z m -2.24,4.975 c 0.153,0.128 0.317,0.243 0.484,0.335 0.16,0.088 0.283,0.131 0.37,0.205 -0.044,0.066 -0.087,0.132 -0.13,0.198 -0.138,0.214 -0.311,0.44 -0.404,0.68 -0.03,0.078 -0.041,0.157 -0.093,0.214 -0.292,0.322 -0.602,0.108 -0.765,-0.202 -0.256,-0.488 -0.097,-0.919 0.303,-1.259 0.064,-0.055 0.148,-0.111 0.235,-0.171 z m -9.316,28.234 c -0.326,-0.145 -0.477,-0.384 -0.453,-0.72 0.026,-0.035 0.027,-0.068 0.042,-0.102 0.813,-0.061 1.624,-0.104 2.433,-0.133 -0.166,0.141 -0.314,0.299 -0.419,0.495 -0.037,0.208 -0.082,0.414 -0.136,0.618 -0.239,0.604 -1.124,0.083 -1.467,-0.158 z m 1.852,3.401 c 0.246,-0.253 1.093,-0.413 1.405,-0.395 0.369,0.022 1.304,0.277 1.45,0.722 0.146,0.445 0.019,1.01 0.014,1.464 -0.004,0.329 -0.033,0.678 0.013,1.005 0.027,0.194 0.102,0.331 0.097,0.54 -0.01,0.445 -0.299,0.779 -0.279,1.223 0.017,0.388 0.361,0.564 0.393,0.888 0.015,0.147 -0.281,0.531 -0.419,0.716 -0.246,-0.019 -0.49,-0.052 -0.73,-0.113 -0.455,-0.264 -0.178,-0.783 -0.101,-1.192 0.072,-0.371 0.112,-0.746 0.121,-1.124 0.003,-0.385 -0.082,-0.749 -0.255,-1.092 -0.133,-0.236 -0.185,-0.487 -0.156,-0.753 -0.021,-0.294 -0.158,-0.506 -0.409,-0.637 -0.31,-0.251 -0.72,-0.383 -1.114,-0.361 -0.092,-0.289 -0.272,-0.643 -0.03,-0.891 z m 4.431,6.827 c 0.519,-0.134 0.88,-0.549 1.242,-0.949 0.032,0.034 0.054,0.076 0.083,0.111 -0.322,0.497 -0.414,1.275 -1.045,1.324 -0.021,0.002 -0.044,-0.005 -0.066,-0.005 -0.103,-0.138 -0.174,-0.299 -0.214,-0.481 z m 74.6,-6.31 c 0.01,-0.008 0.022,-0.013 0.031,-0.022 0.186,-0.178 0.25,-0.191 0.51,-0.142 0.126,0.024 0.306,0.097 0.478,0.139 -0.207,0.048 -0.402,0.124 -0.564,0.275 -0.173,0.161 -0.254,0.374 -0.313,0.599 -0.038,-0.002 -0.068,0.005 -0.109,-10e-4 -0.055,-0.008 -0.109,-0.02 -0.164,-0.031 0.181,-0.241 0.343,-0.484 0.407,-0.746 -0.09,-0.024 -0.183,-0.048 -0.276,-0.071 z m 11.734,10.595 c -0.037,-0.068 -0.077,-0.141 -0.11,-0.202 -0.106,-0.198 -0.237,-0.289 -0.421,-0.419 -0.092,-0.065 -0.164,-0.149 -0.243,-0.226 -0.044,-0.117 -0.125,-0.229 -0.205,-0.345 -0.12,-0.173 -0.219,-0.367 -0.314,-0.558 -0.041,-0.258 -0.039,-0.586 0.085,-0.75 0.165,-0.218 0.531,-0.231 0.767,-0.328 0.668,-0.274 0.305,-1.261 0.786,-1.711 0.27,-0.252 0.731,-0.135 1.078,-0.165 0.176,-0.015 0.335,-0.058 0.477,-0.122 0.088,0.085 0.197,0.15 0.343,0.179 0.372,0.073 1.03,-0.44 1.28,-0.683 0.23,-0.223 0.413,-0.479 0.572,-0.755 -0.336,-0.286 -0.708,-0.449 -0.948,-0.843 -0.173,-0.284 -0.283,-0.817 0.056,-1.043 0.171,0.152 0.494,0.555 0.744,0.553 0.15,-0.001 0.25,-0.11 0.339,-0.223 0.158,-0.036 0.271,-0.156 0.359,-0.376 0.003,-0.006 0.004,-0.016 0.007,-0.022 0.012,-0.012 0.023,-0.023 0.035,-0.035 0.109,-0.098 0.227,-0.133 0.355,-0.105 0.169,-0.053 0.15,0.03 0.14,-0.246 -0.012,-0.283 -0.016,-0.566 -0.012,-0.849 0.034,-0.178 0.067,-0.356 0.101,-0.534 0.184,-0.224 0.409,-0.168 0.649,-0.083 0.411,0.145 0.744,0.609 1.034,0.915 0.126,0.133 0.26,0.259 0.402,0.374 -0.444,-0.01 -0.452,0.371 -0.716,0.714 -0.209,0.271 -0.445,0.21 -0.734,0.397 -0.522,0.339 -0.383,1.051 -0.372,1.585 -0.142,0.092 -0.288,-0.038 -0.438,-0.05 -0.295,-0.023 -0.671,0.037 -0.936,0.174 -0.328,0.17 -0.592,0.507 -0.857,0.755 -0.144,0.135 -0.407,0.289 -0.489,0.465 -0.048,0.103 0.017,0.215 -0.014,0.313 -0.041,0.132 -0.141,0.174 -0.256,0.289 -0.549,0.55 -0.358,1.111 -0.094,1.758 -0.483,0.519 -1.26,0.642 -1.664,1.238 -0.233,0.346 -0.509,0.655 -0.786,0.964 z m 13.151,-5.957 c -0.136,0.047 -0.272,0.077 -0.401,0.033 -0.011,-0.064 -0.013,-0.128 -0.019,-0.191 0.157,0.026 0.3,0.076 0.42,0.158 z m 11.797,-52.486 c -0.306,0.577 -0.096,1.179 0.069,1.773 -0.626,0.128 -1.308,-0.076 -1.854,-0.375 -0.523,-0.286 -0.64,-0.579 -0.954,-1.043 -0.16,-0.237 -0.314,-0.346 -0.52,-0.398 0.336,-0.078 0.662,-0.21 0.973,-0.393 0.489,-0.199 0.837,-0.553 1.043,-1.062 0.093,-0.318 0.186,-0.637 0.279,-0.955 0.009,-0.043 0.008,-0.09 0.016,-0.133 0.402,0.549 1.033,1.015 1.657,1.255 0.111,0.043 0.539,0.138 0.503,0.324 -0.454,0.308 -0.945,0.504 -1.212,1.007 z m 7.617,-23.801 c -0.076,-0.188 -0.161,-0.372 -0.22,-0.568 -0.12,-0.336 -0.237,-0.884 -0.431,-1.383 0.083,0.115 0.2,0.2 0.37,0.23 0.03,0.062 0.057,0.123 0.096,0.189 0.601,0.001 1.181,-0.076 1.784,-0.041 0.132,0.014 0.263,0.016 0.394,0.012 -0.605,0.569 -1.276,1.088 -1.993,1.561 z m -2.639,-0.409 c -0.2,0.171 -0.462,-0.017 -0.633,-0.115 -0.198,-0.097 -0.378,-0.22 -0.54,-0.37 -0.199,-0.223 -0.452,-0.332 -0.759,-0.326 -0.301,0.286 -0.402,0.635 -0.302,1.049 0.153,0.181 0.177,0.349 0.071,0.505 -0.094,-0.042 -0.179,-0.097 -0.266,-0.15 -0.068,-0.129 -0.103,-0.406 -0.207,-0.494 -0.113,-0.096 -0.251,-0.071 -0.385,0 -0.189,-0.213 -0.424,-0.289 -0.711,-0.21 -0.334,0.295 -0.603,0.642 -0.809,1.04 -0.052,0.19 -0.133,0.326 -0.242,0.41 -0.093,-0.333 0.16,-0.895 0.261,-1.063 0.236,-0.393 0.488,-0.928 0.901,-1.14 0.32,-0.165 0.517,-0.4 0.669,-0.736 0.102,-0.225 0.077,-0.479 0.177,-0.692 0.521,-0.105 0.979,0.419 1.474,0.505 0.308,0.054 0.704,-0.015 0.98,-0.16 0.135,-0.071 0.252,-0.16 0.387,-0.224 -0.539,0.777 -0.73,2.217 -0.066,2.171 z m -6.205,-3.652 c -0.278,0.131 -0.622,0.405 -0.92,0.195 -0.104,-0.073 -0.207,-0.226 -0.3,-0.405 0.045,-0.109 0.072,-0.214 0.066,-0.308 -0.015,-0.237 -0.217,-0.413 -0.377,-0.616 -0.026,-0.264 0.023,-0.824 0.202,-1.203 0.195,-0.051 0.462,-0.066 0.602,-0.029 0.665,0.175 0.375,1.046 0.738,1.445 0.084,0.092 0.384,0.208 0.511,0.28 0.126,0.072 0.268,0.169 0.414,0.267 -0.323,0.095 -0.636,0.233 -0.936,0.374 z m 14.788,-31.524 c 0.001,0.002 0.001,0.003 0.002,0.005 -0.011,-0.001 -0.021,0 -0.032,-0.001 0.01,0 0.02,-0.002 0.03,-0.004 z m -5.38,-19.341 c 0.04,0.181 -0.017,0.362 -0.106,0.532 -0.134,0.028 -0.267,0.056 -0.397,0.106 -0.384,0.148 -0.514,0.391 -0.781,0.649 -0.412,-0.07 -0.28,-0.601 -0.255,-0.889 0.024,-0.285 0.051,-0.545 0.118,-0.794 0.084,0.059 0.156,0.095 0.318,0.069 0.261,-0.043 1.023,-0.035 1.103,0.327 z m -27.395,-4.025 c 0.014,-0.007 0.031,-0.015 0.044,-0.021 0.002,0.002 0.003,0.004 0.005,0.006 -0.017,0.007 -0.033,0.009 -0.049,0.015 z M 390.582,159.83 c -0.138,-0.131 -0.262,-0.264 -0.362,-0.384 0.135,-0.048 0.319,-0.096 0.516,-0.145 -0.049,0.177 -0.101,0.353 -0.154,0.529 z m 1.036,-4.324 c -0.813,-0.391 -2.032,-0.028 -2.65,-0.827 -0.737,-0.952 0.633,-2.18 1.546,-2.265 0.417,-0.039 1.063,0.117 1.55,0.338 -0.116,0.846 -0.262,1.777 -0.446,2.754 z m -46.299,-21.148 c 0.075,0.201 -0.208,0.718 -0.256,0.912 -0.118,0.487 -0.177,1.253 0.405,1.499 0.625,0.264 0.722,-0.384 0.98,-0.78 0.343,-0.525 0.899,-0.801 1.111,-1.405 0.135,-0.381 0.26,-0.756 0.522,-0.927 -0.017,0.295 -0.085,0.548 -0.201,0.84 -0.144,0.364 -0.197,0.781 -0.176,1.171 0.012,0.213 0.078,0.446 0.069,0.659 -0.017,0.388 -0.362,0.626 -0.491,0.971 -0.109,0.294 -0.124,0.566 -0.124,0.875 0,0.315 0.003,0.503 -0.209,0.737 -0.109,0.136 -0.24,0.249 -0.393,0.338 -0.058,0.044 -0.115,0.087 -0.173,0.131 -0.151,0.014 -0.366,-0.293 -0.46,-0.382 -0.266,-0.25 -0.494,-0.46 -0.381,-0.844 0.081,-0.279 0.357,-0.537 0.523,-0.763 -0.113,-0.113 -0.302,-0.113 -0.451,-0.132 -0.376,-0.047 -0.769,0.033 -1.144,0.065 -0.144,0.012 -0.323,0.055 -0.462,0.001 -0.206,-0.08 -0.371,-0.423 -0.539,-0.546 -0.159,-0.093 -0.319,-0.185 -0.478,-0.278 -0.123,-0.076 -0.246,-0.151 -0.37,-0.227 -0.11,-0.206 0.02,-0.525 0.121,-0.703 0.463,-0.81 1.665,-0.79 2.456,-1.074 0.006,-0.056 0,-0.112 -0.003,-0.169 0.044,0.011 0.085,0.016 0.124,0.031 z m -26.797,-10.604 c 0.271,0.206 0.149,0.305 -0.047,0.502 0.197,0.084 0.352,0.216 0.5,0.358 -0.277,0.192 -0.557,0.351 -0.726,0.45 -0.182,0.106 -0.469,0.261 -0.766,0.365 0.06,-0.528 0.064,-1.179 -0.166,-1.543 0.022,-0.046 0.043,-0.093 0.064,-0.138 0.127,-0.275 0.246,-0.345 0.555,-0.263 0.208,0.055 0.413,0.138 0.586,0.269 z M 295.364,135.4 c -0.333,0.061 -0.666,0.067 -0.998,-0.019 -0.602,-0.173 -0.887,-0.562 -0.867,-1.187 0.005,-0.169 0.071,-0.312 0.145,-0.448 0.279,-0.076 0.66,-0.077 0.851,-0.208 0.077,-0.053 0.132,-0.12 0.179,-0.193 0.226,0.684 0.458,1.371 0.69,2.055 z m -15.042,-23.798 c 0.093,-0.41 0.386,-0.636 0.732,-0.757 -0.204,0.154 -0.367,0.372 -0.478,0.626 -0.21,0.483 -0.111,0.979 -0.78,0.98 -0.021,-10e-4 -0.038,-0.009 -0.059,-0.011 0.184,-0.022 0.358,-0.071 0.467,-0.192 0.168,-0.183 0.07,-0.434 0.118,-0.646 z m -1.354,8.557 c 0.313,-0.118 0.626,-0.119 0.939,-0.005 0.1,0.342 0.136,0.689 0.25,1.026 0.363,0.021 0.576,-0.719 0.893,-0.876 0.497,-0.247 1.233,0.193 1.707,0.341 0.063,-0.044 0.094,-0.105 0.11,-0.174 0.198,0.235 0.378,0.487 0.535,0.772 0.252,0.458 0.254,0.736 0.728,0.893 0.289,0.095 0.604,0.012 0.898,-0.039 0.333,0.3 0.746,0.525 1.144,0.424 0.106,-0.051 0.213,-0.1 0.321,-0.148 0.091,0.013 0.177,0.046 0.266,0.066 -0.455,0.286 -0.976,0.529 -1.384,0.785 0.135,0.535 0.844,0.562 0.704,1.253 -0.094,0.461 -0.27,0.715 -0.19,1.231 0.074,0.472 0.173,0.962 0.712,0.957 0.4,-0.004 0.32,-0.105 0.478,-0.39 0.277,-0.014 0.547,0.021 0.814,0.078 -0.232,0.133 -0.45,0.312 -0.648,0.48 -0.307,0.262 -0.606,0.235 -0.922,0.003 -0.621,-0.456 -0.986,-1.503 -0.822,-2.245 0.042,-0.19 0.213,-0.483 0.144,-0.688 -0.077,-0.105 -0.154,-0.211 -0.231,-0.316 -0.278,-0.246 -0.528,-0.246 -0.75,0 -0.285,0.112 -0.442,0.33 -0.472,0.656 -0.163,0.308 -0.266,0.635 -0.309,0.98 -0.057,0.263 -0.083,0.86 -0.228,1.115 -0.03,0.053 -0.073,0.089 -0.121,0.117 -0.202,-0.2 -0.438,-0.367 -0.696,-0.491 0.072,-0.32 0.366,-0.585 0.467,-0.889 0.088,-0.267 -0.031,-0.384 -0.245,-0.527 -0.135,-0.09 -0.566,-0.186 -0.637,-0.356 -0.07,-0.167 0.106,-0.363 0.08,-0.538 -0.095,-0.633 -0.88,0.102 -1.1,0.277 -0.181,0.144 -0.197,0.17 -0.425,0.06 -0.312,-0.151 -0.588,-0.367 -0.851,-0.592 -0.162,-0.138 -0.6,-0.438 -0.625,-0.687 0.027,-0.084 0.054,-0.169 0.081,-0.253 0.018,-0.141 0.036,-0.282 0.054,-0.424 -0.015,-0.6 -0.758,-0.865 -1.22,-0.944 -0.465,-0.079 -0.931,-0.078 -1.398,-0.141 0.009,-0.377 0.723,-0.47 0.99,-0.553 0.31,-0.116 0.63,-0.196 0.959,-0.238 z m -8.05,10.564 c -0.023,0.244 -0.174,0.327 -0.357,0.519 -0.139,0.146 -0.314,0.319 -0.446,0.505 0.002,-0.165 10e-4,-0.33 -0.033,-0.477 -0.117,-0.502 -0.395,-0.949 -0.477,-1.462 -0.07,0.006 -0.141,0.025 -0.211,0.038 0.081,-0.43 -0.117,-0.92 -0.065,-1.358 0.073,-0.614 0.545,-0.835 1.11,-0.924 0.28,-0.044 0.32,-0.007 0.406,0.297 0.146,0.516 0.386,1.141 0.317,1.683 -0.051,0.403 -0.205,0.774 -0.244,1.179 z m -22.15,-23.629 c 0.161,0.066 0.288,0.148 0.364,0.257 -0.07,0.076 -0.137,0.153 -0.207,0.228 0.118,0.259 0.303,0.453 0.553,0.582 0.185,0.121 0.349,0.269 0.512,0.418 -0.186,0.255 -0.415,0.512 -0.448,0.836 -0.001,0.014 0.005,0.027 0.004,0.041 -0.091,0.003 -0.179,0.009 -0.254,0.014 -0.232,0.016 -0.502,-0.001 -0.701,0.137 0.092,0.346 0.123,0.64 -0.019,0.96 -0.097,-0.03 -0.193,-0.066 -0.285,-0.11 -0.235,-0.112 -0.72,-0.45 -1.088,-0.5 0.24,-0.284 0.292,-0.731 0.366,-1.069 -0.206,-0.189 -0.43,-0.355 -0.673,-0.498 -0.444,-0.198 -0.689,-0.521 -0.736,-0.968 0.777,-0.363 1.774,-0.669 2.612,-0.328 z m -2.013,3.094 c -0.074,0.088 -0.148,0.176 -0.221,0.264 -0.008,0.015 -0.015,0.031 -0.023,0.046 -0.031,-0.03 -0.052,-0.065 -0.085,-0.093 -0.177,-0.148 -0.284,-0.328 -0.322,-0.54 0.213,0.137 0.419,0.312 0.651,0.323 z m -1.333,0.564 c -0.233,-0.114 -0.441,-0.238 -0.664,-0.356 -0.016,-0.196 -0.027,-0.395 -0.074,-0.576 0.025,0.019 0.051,0.045 0.088,0.089 0.072,0.166 0.17,0.318 0.293,0.455 0.162,0.149 0.325,0.298 0.488,0.447 0.009,0.008 0.02,0.011 0.029,0.018 -0.053,-0.025 -0.106,-0.051 -0.16,-0.077 z m -3.389,-2.271 c -0.062,0.029 -0.137,0.032 -0.206,0.049 -0.178,-0.136 -0.364,-0.269 -0.533,-0.407 0.27,0.072 0.529,0.164 0.739,0.358 z M 218.13,97.646 c 0.157,-0.175 0.302,-0.351 0.302,-0.597 0,-0.257 0.035,-0.313 0.249,-0.467 0.166,-0.119 0.525,-0.245 0.644,-0.439 0.094,-0.153 0.169,-0.355 0.252,-0.518 -0.2,-0.225 -0.353,-0.349 -0.487,-0.63 0.796,-0.948 2.042,0.024 2.908,0.28 -0.067,-0.281 -0.378,-0.99 0.034,-1.159 0.147,0.264 0.312,0.497 0.504,0.703 -0.052,0.063 -0.1,0.128 -0.134,0.202 -0.141,0.307 -0.102,0.772 -0.306,1.067 -0.175,-0.104 -0.357,-0.192 -0.565,-0.217 -0.075,0.117 -0.143,0.255 -0.202,0.399 -0.743,-0.175 -1.8,-0.689 -1.817,0.201 -0.01,0.502 -0.032,0.851 -0.449,1.18 -0.198,0.156 -0.412,0.291 -0.62,0.434 -0.052,-0.07 -0.095,-0.145 -0.154,-0.211 -0.1,-0.112 -0.239,-0.273 -0.393,-0.379 0.075,0.055 0.147,0.115 0.234,0.151 z m -9.665,-2.475 c 0.358,-0.11 0.789,-0.009 1.175,-0.071 0.055,-0.009 0.122,-0.029 0.184,-0.045 -0.019,0.075 -0.026,0.154 -0.011,0.244 -0.047,0.291 -0.006,0.573 0.124,0.846 0.113,0.105 0.149,0.216 0.105,0.332 -0.245,0.028 -0.428,0.141 -0.57,0.288 -0.063,0.036 -0.126,0.074 -0.188,0.13 -0.085,0.077 -0.16,0.173 -0.229,0.277 -0.113,-0.083 -0.222,-0.175 -0.32,-0.292 -0.293,-0.349 -0.396,-0.843 -0.831,-1.059 -0.096,-0.048 -0.202,-0.084 -0.31,-0.113 0.289,-0.175 0.563,-0.443 0.871,-0.537 z m -27.174,12.668 c -0.177,0.061 -0.361,0.112 -0.539,0.177 0.005,-0.217 -0.033,-0.397 -0.131,-0.521 0.06,-0.096 0.134,-0.19 0.212,-0.28 0.063,-0.004 0.126,-0.01 0.194,-0.003 0.147,0.185 0.289,0.375 0.4,0.567 -0.047,0.018 -0.088,0.043 -0.136,0.06 z m -17.026,9.712 c 0.223,-0.015 0.557,-0.029 0.89,0.004 -0.018,0.042 -0.029,0.086 -0.048,0.127 -0.079,0.167 -0.203,0.199 -0.372,0.093 -0.272,-0.053 -0.544,-0.134 -0.818,-0.201 0.135,-0.01 0.254,-0.017 0.348,-0.023 z m -2.954,6.134 c 0.077,-0.091 0.167,-0.166 0.284,-0.205 0.138,-0.115 0.274,-0.098 0.41,0.053 0.191,0.069 0.355,0.179 0.492,0.33 0.292,0.25 0.445,0.519 0.605,0.867 0.607,-0.018 1.191,-0.227 1.777,-0.435 -0.11,0.142 -0.283,0.35 -0.283,0.528 0,0.217 0.234,0.323 0.413,0.437 0.26,0.166 0.5,0.325 0.794,0.418 0.584,0.184 1.034,0.393 1.365,0.926 0.084,0.134 0.299,0.402 0.295,0.571 -0.005,0.216 -0.268,0.379 -0.416,0.487 -0.351,0.259 -1.018,0.776 -1.471,0.46 -0.46,-0.322 -0.65,-1.137 -0.841,-1.625 -0.227,-0.582 -0.696,-1.057 -1.298,-0.736 -0.303,0.161 -0.501,0.614 -0.755,0.842 -0.169,0.152 -0.25,0.256 -0.463,0.176 -0.15,-0.057 -0.291,-0.233 -0.391,-0.352 -0.22,-0.262 -0.262,-0.505 -0.341,-0.805 -0.063,-0.239 -0.282,-0.477 -0.345,-0.764 -0.092,-0.405 0.057,-0.786 0.169,-1.173 z m 8.808,30.934 c -0.001,0 -0.001,0 -0.002,-0.001 0,0 0,-0.001 -10e-4,-0.001 10e-4,0.001 0.002,0.001 0.003,0.002 z m 5.918,13.496 c 0.507,0.285 0.996,0.715 1.417,1.111 0.145,0.136 0.279,0.341 0.468,0.406 0.589,0.204 1.015,-0.682 1.5,-0.652 0.2,0.28 0.279,0.597 0.237,0.95 -0.037,0.336 -0.05,0.673 -0.039,1.011 0.133,0.238 0.556,0.203 0.773,0.235 0.141,0.021 0.259,0.038 0.368,0.052 -0.036,0.055 -0.063,0.116 -0.104,0.169 -0.724,0.94 -2.307,-0.41 -2.797,-1.008 -0.095,-0.251 -0.275,-0.385 -0.54,-0.401 -0.63,-0.177 -1.194,-0.481 -1.691,-0.914 -0.662,-0.56 -0.555,-0.628 -0.807,-1.175 0.422,-0.043 0.844,0.007 1.215,0.216 z m -7.145,3.13 c -0.22,0.049 -0.474,0.146 -0.737,0.234 -0.102,-0.177 -0.214,-0.343 -0.321,-0.514 0.018,0.007 0.035,0.02 0.053,0.025 0.471,0.139 0.677,-0.43 1.095,-0.55 0.373,-0.107 0.684,0.39 0.987,0.67 -0.377,-0.017 -0.781,0.069 -1.077,0.135 z m -11.984,-6.742 c -0.044,0.053 -0.092,0.107 -0.14,0.16 -0.149,0.027 -0.334,0.042 -0.435,0.109 -0.14,0.094 -0.126,0.234 -0.035,0.389 -0.119,0.124 -0.247,0.264 -0.372,0.412 -0.127,-0.031 -0.259,-0.043 -0.397,-0.032 -0.44,-0.023 -0.82,0.027 -1.176,-0.268 0.053,-0.307 0.36,-0.739 0.157,-1.047 -0.062,-0.093 -0.173,-0.154 -0.299,-0.203 0.03,-0.027 0.061,-0.055 0.085,-0.075 -0.016,-0.156 -1.113,-0.857 -1.275,-1.031 -0.065,-0.07 -0.107,-0.152 -0.161,-0.229 1.251,0.494 2.651,1.102 4.048,1.815 z m -12.05,19.1 c -0.127,0.131 -0.328,0.091 -0.487,0.107 -0.318,0.033 -0.651,0.096 -0.747,0.436 -0.016,0.055 -0.036,0.123 -0.06,0.191 -0.259,-0.187 -0.437,-0.422 -0.334,-0.76 0.094,-0.31 0.3,-0.574 0.346,-0.895 0.115,-0.026 0.232,-0.043 0.346,-0.035 0.279,0.018 1.271,0.611 0.936,0.956 z m -43.688,6.818 c 0.322,-0.03 0.432,-0.302 0.338,-0.586 -0.036,-0.109 -0.065,-0.237 -0.087,-0.37 0.092,0.091 0.178,0.187 0.243,0.315 0.155,0.31 0.107,0.635 0.137,0.964 0.013,0.145 0.051,0.258 0.1,0.359 -0.075,0.084 -0.131,0.182 -0.135,0.328 -0.012,0.437 0.559,0.573 0.659,0.947 -0.094,0.085 -0.185,0.172 -0.27,0.271 -0.177,0.031 -0.383,0.022 -0.459,0.017 -0.066,-0.004 -0.121,-0.03 -0.181,-0.046 0.006,0.009 0.014,0.016 0.021,0.025 -0.013,-0.005 -0.024,-0.012 -0.037,-0.017 0.033,0.203 0.156,0.334 0.308,0.435 0.002,0.006 0.001,0.013 0.002,0.019 -0.041,0.055 -0.086,0.115 -0.123,0.163 -0.137,0.178 -0.165,0.335 -0.208,0.556 -0.011,0.056 -0.038,0.105 -0.053,0.159 -0.023,0.003 -0.039,0.009 -0.064,0.011 -0.215,0.014 -0.436,0.002 -0.642,-0.067 -0.323,-0.109 -0.239,-0.241 -0.116,-0.491 -0.343,-0.026 -0.624,-0.196 -0.927,-0.342 -0.256,-0.123 -0.677,-0.11 -0.612,-0.486 0.059,-0.347 0.118,-0.722 0.253,-1.047 0.128,-0.308 0.277,-0.719 0.515,-0.959 0.328,-0.333 0.93,-0.12 1.338,-0.158 z m -10.772,0.098 c -0.002,0 -0.004,-0.001 -0.006,-0.001 -0.247,-0.034 -0.494,-0.053 -0.736,-0.116 -0.005,-10e-4 -0.008,-10e-4 -0.012,-0.002 -0.022,0.049 -0.051,0.102 -0.077,0.151 -0.014,0.025 -0.032,0.055 -0.048,0.083 -0.025,-0.02 -0.045,-0.029 -0.074,-0.056 -0.219,-0.208 -0.405,-0.606 -0.575,-0.854 -0.016,-0.023 -0.042,-0.062 -0.065,-0.096 0.158,0.053 0.314,0.099 0.451,0.13 0.384,0.085 0.913,0.027 1.268,0.177 -0.01,0.196 -0.056,0.393 -0.126,0.584 z m -20.229,1.055 c 0.009,0.073 -0.009,0.131 -0.028,0.187 -0.182,0.375 -0.395,0.725 -0.401,1.17 -0.009,0.656 0.002,1.29 -0.832,1.296 -0.221,0.002 -0.516,-0.228 -0.713,-0.162 -0.164,0.055 -0.28,0.337 -0.398,0.449 -0.03,-0.325 -0.109,-0.641 -0.269,-0.958 0.2,0.068 0.4,0.089 0.59,0.014 0.642,-0.254 0.538,-1.213 0.296,-1.683 -0.158,-0.307 -0.439,-0.5 0.023,-0.627 0.4,-0.11 0.806,-0.181 1.212,-0.251 -0.015,0.035 -0.035,0.069 -0.041,0.108 0.255,-0.019 0.528,0.203 0.561,0.457 z m 0.042,37.506 c 0.112,0.108 0.236,0.346 0.369,0.417 0.555,0.296 0.693,-1.531 0.689,-1.677 -0.01,-0.362 -0.139,-0.643 -0.268,-0.975 -0.022,-0.056 -0.059,-0.133 -0.098,-0.215 0.2,-0.039 0.487,-0.095 0.834,-0.163 0.338,0.209 0.629,0.476 0.785,0.87 0.127,0.294 0.176,0.6 0.147,0.918 -0.131,0.261 -0.343,0.417 -0.635,0.47 -0.247,0.06 -0.445,0.19 -0.594,0.389 -0.014,0.262 0.052,0.505 0.196,0.73 0.186,0.399 0.41,0.71 0.318,1.164 -0.296,0.098 -0.821,0.031 -0.997,0.354 -0.171,0.314 0.112,0.897 0.214,1.167 0.183,0.484 0.438,0.9 0.057,1.298 -0.445,-0.079 -0.894,-0.181 -1.242,-0.467 -0.294,-0.242 -0.432,-0.559 -0.449,-0.905 0.139,-0.008 0.256,-0.072 0.308,-0.271 0.058,-0.222 0.025,-0.479 -0.069,-0.722 0.048,-0.125 0.09,-0.25 0.101,-0.375 0.048,-0.545 -0.535,-0.576 -0.987,-0.543 0.104,-0.539 0.355,-1.066 0.67,-1.512 0.211,-0.295 0.388,-0.206 0.651,0.048 z m -0.402,42.502 c 0.047,-0.003 0.093,-0.006 0.151,-0.007 0.557,-0.012 1.052,0.054 1.475,0.462 0.362,0.349 0.481,0.874 0.657,1.344 -0.252,-0.159 -0.527,-0.341 -0.726,-0.358 -0.43,-0.037 -0.85,0.303 -1.18,0.553 -0.252,0.192 -0.648,0.474 -0.999,0.354 -0.312,-0.106 -0.39,-0.373 -0.285,-0.632 0.059,-0.145 0.27,-0.326 0.356,-0.474 0.21,-0.359 0.445,-0.811 0.551,-1.242 z m 4.115,1.388 c 0.032,0.023 0.041,0.056 0.067,0.081 -0.44,-0.126 -0.931,-0.191 -1.164,-0.617 -0.218,-0.12 -0.257,-0.287 -0.116,-0.5 0.099,-0.116 0.204,-0.225 0.316,-0.328 0.122,-0.142 0.17,-0.238 0.18,-0.347 0.048,0.036 0.105,0.064 0.147,0.107 0.308,0.322 0.175,0.738 0.076,1.093 0.178,0.156 0.343,0.327 0.494,0.511 z m 2.487,-7.175 c -0.452,0.425 -0.68,-0.147 -1.13,-0.186 -0.115,-0.01 -0.226,0.021 -0.335,0.067 0.001,-0.019 0.001,-0.039 0.002,-0.058 -0.41,0.108 -0.719,-0.178 -1.04,-0.371 -0.736,-0.442 -1.572,-0.651 -2.36,-0.98 -0.5,-0.209 -1.039,-0.448 -1.471,-0.794 0.566,-0.011 1.096,0.149 1.589,0.493 0.427,0.489 0.896,0.629 1.407,0.42 -0.026,-0.671 0.153,-1.286 0.537,-1.845 0.61,-0.385 1.116,-0.313 1.516,0.218 0.667,0.402 1.106,1.002 1.315,1.798 0.378,0.548 0.368,0.96 -0.03,1.238 z m 6.063,0.145 c -0.032,0.062 -0.055,0.129 -0.075,0.198 -0.083,-0.016 -0.168,-0.04 -0.249,-0.072 0.107,-0.045 0.214,-0.091 0.324,-0.126 z m 28.837,28.064 c 0.124,-0.302 0.236,-0.614 0.243,-0.944 0.003,-0.166 -0.048,-0.293 0.084,-0.404 0.133,-0.112 0.495,-0.06 0.647,-0.056 0.256,0.008 0.451,0.065 0.507,-0.206 0.051,-0.241 -0.148,-0.399 -0.283,-0.567 -0.273,-0.341 -0.507,-0.981 -0.179,-1.348 0.354,-0.396 1.021,-0.396 1.389,-0.771 -0.104,-0.211 -0.213,-0.411 -0.441,-0.503 -0.239,-0.096 -0.277,-0.149 -0.34,-0.406 -0.048,-0.199 -0.031,-0.578 -0.166,-0.761 -0.107,-0.144 -0.267,-0.29 -0.386,-0.428 -0.284,0.102 -0.456,0.197 -0.767,0.216 -0.582,-1.093 0.786,-1.885 1.346,-2.592 -0.285,-0.042 -1.06,-0.02 -1.062,-0.465 0.437,-0.055 0.828,-0.169 1.189,-0.375 0.042,0.092 0.093,0.18 0.185,0.206 0.303,0.085 0.422,-0.369 0.584,-0.524 0.279,-0.266 0.675,-0.462 0.937,-0.115 0.189,0.249 0.332,0.813 0.74,0.615 0.365,-0.177 0.503,-0.409 0.865,-0.086 0.279,0.25 0.471,0.613 0.633,0.944 0.012,0.023 0.021,0.051 0.032,0.076 -0.086,0.023 -0.176,0.033 -0.269,0.033 -0.134,0 -0.255,-0.066 -0.385,-0.052 0.081,0.241 -0.066,0.562 -0.303,0.657 -0.144,0.057 -0.26,-0.013 -0.377,0.035 -0.221,0.09 -0.478,0.705 -0.557,0.885 -0.111,0.19 -0.16,0.391 -0.146,0.605 0.069,0.065 0.149,0.1 0.243,0.107 0.348,0.112 0.645,0.004 0.99,-0.038 0.252,-0.03 0.592,-0.063 0.585,0.245 -0.027,0.13 -0.091,0.243 -0.191,0.339 -0.118,0.134 -0.243,0.26 -0.374,0.38 -0.004,0.104 0.051,0.177 0.164,0.22 0.102,0.101 0.186,0.215 0.25,0.342 0.166,0.26 0.341,0.493 0.533,0.738 0.099,0.2 0.248,0.341 0.448,0.423 0.263,-0.064 0.524,-0.135 0.783,-0.212 0.37,-0.023 0.733,0.052 0.744,0.514 0.011,0.497 -0.568,0.858 -1.012,0.874 -0.18,0.006 -0.433,-0.043 -0.597,-0.079 -0.494,-0.106 -1.15,-0.65 -1.67,-0.39 -0.133,0.066 -0.168,0.123 -0.173,0.249 0.067,0.223 0.123,0.449 0.168,0.678 0.029,0.124 0.044,0.249 0.043,0.375 -0.171,0.056 -0.318,0.179 -0.451,0.313 -0.211,-0.114 -0.433,-0.196 -0.66,-0.187 -0.36,0.015 -0.587,0.101 -0.943,-0.028 -0.117,0.138 -0.233,0.275 -0.35,0.412 -0.263,0.62 -0.261,1.221 0.007,1.805 0.028,0.417 0.199,0.757 0.513,1.02 0.249,0.265 0.465,0.555 0.652,0.867 -0.192,0.272 -0.621,0.578 -0.961,0.366 0.068,-0.219 0.301,-0.679 0.197,-0.906 -0.093,-0.202 -0.356,-0.21 -0.534,-0.265 -0.123,-0.046 -0.246,-0.092 -0.369,-0.138 -0.134,-0.059 -0.215,-0.152 -0.243,-0.28 -0.118,-0.132 -0.034,-0.149 -0.282,-0.026 -0.253,0.128 -0.509,0.248 -0.768,0.362 -0.176,0.043 -0.352,0.086 -0.528,0.128 -0.28,-0.075 -0.322,-0.303 -0.343,-0.557 -0.035,-0.435 0.249,-0.93 0.409,-1.32 z m 4.803,18.12 c -0.101,-0.46 0.01,-0.814 0.333,-1.062 0.158,-0.232 0.376,-0.331 0.652,-0.303 0.132,0.175 0.284,0.328 0.495,0.416 0.134,0.056 0.271,0.073 0.41,0.072 0.007,0.005 0.015,0.01 0.022,0.015 0.155,0.352 0.304,0.707 0.449,1.064 0.285,10e-4 0.538,-0.084 0.76,-0.257 0.251,-0.157 0.517,-0.286 0.796,-0.387 0.082,0.094 0.165,0.188 0.248,0.283 0.073,0.186 0.146,0.372 0.219,0.557 0.177,0.325 0.695,0.495 0.74,0.856 0.039,0.315 -0.191,0.547 -0.422,0.737 -0.259,0.214 -1.042,0.647 -0.995,1.051 0.084,0.18 0.168,0.359 0.252,0.538 0.172,0.216 0.344,0.432 0.517,0.649 0.156,0.263 0.285,0.554 0.232,0.836 -1.486,-1.086 -2.815,-2.202 -3.763,-3.322 -0.296,-0.35 -0.614,-0.72 -0.941,-1.098 -0.002,-0.214 -0.003,-0.43 -0.004,-0.645 z m 0.725,4.33 c -0.102,0.132 -0.194,0.275 -0.267,0.442 -0.334,0.498 -0.431,1.028 -0.29,1.588 0.032,0.068 0.032,0.137 0.05,0.206 -0.248,-0.238 -0.532,-0.336 -0.853,-0.285 -0.188,-0.565 -0.174,-1.178 -0.228,-1.768 -0.015,-0.327 -0.058,-0.65 -0.123,-0.971 0.168,-0.119 0.31,-0.268 0.425,-0.445 0.44,0.443 0.87,0.855 1.286,1.233 z m 6.028,26.204 c 0.144,-0.011 0.286,0.007 0.422,0.077 0.155,0.079 0.319,0.187 0.477,0.302 -0.032,0.209 -0.071,0.417 -0.136,0.612 -0.02,0.058 -0.051,0.111 -0.073,0.168 -0.312,0.007 -0.617,0.011 -0.914,0.011 0.175,-0.24 0.315,-0.491 0.302,-0.799 -0.006,-0.131 -0.028,-0.259 -0.078,-0.371 z m -4.788,12.774 c 0.269,-0.051 0.549,0.184 0.788,0.27 0.044,0.016 0.083,0.014 0.124,0.02 -0.047,0.019 -0.094,0.035 -0.139,0.062 -0.131,0.081 -0.177,0.213 -0.283,0.29 -0.116,0.084 -0.447,0.076 -0.581,0.099 -0.241,0.041 -0.368,0.034 -0.585,-0.044 0.102,-0.236 0.405,-0.645 0.676,-0.697 z m 11.918,7.129 c -0.232,-0.233 -0.461,-0.499 -0.726,-0.695 -0.157,-0.116 -0.307,-0.159 -0.453,-0.309 -0.256,-0.262 -0.333,-0.602 -0.534,-0.881 0.176,-0.038 0.338,-0.048 0.445,-0.01 0.405,0.142 0.303,0.616 0.63,0.783 0.265,0.135 0.538,-0.07 0.592,-0.325 0.079,-0.372 -0.256,-0.521 -0.284,-0.833 -0.05,-0.554 0.916,-0.543 1.236,-0.423 0.076,0.028 0.16,0.063 0.247,0.096 0.06,0.122 0.126,0.225 0.16,0.265 0.054,0.065 0.129,0.108 0.19,0.166 -0.111,0.069 -0.206,0.168 -0.291,0.283 -0.314,0.425 -0.169,0.717 -0.062,1.178 0.116,0.497 0.217,1.433 0.776,1.604 -0.311,0.141 -0.648,0.228 -0.87,0.118 -0.421,-0.208 -0.736,-0.695 -1.056,-1.017 z m 45.187,-21.887 c -0.001,-0.048 -0.001,-0.093 -0.002,-0.133 0.204,-0.202 0.816,0.032 1.018,0.068 0.099,0.018 0.559,-0.007 0.683,0.041 0.165,0.064 0.159,0.275 0.167,0.456 -0.193,-0.081 -0.379,-0.199 -0.521,-0.266 -0.202,-0.094 -0.553,-0.142 -0.764,0.008 -0.188,-0.051 -0.385,-0.113 -0.581,-0.174 z m 2.822,-0.065 c 0.011,-0.01 0.025,-0.03 0.037,-0.042 -0.037,0.058 -0.079,0.113 -0.116,0.173 -0.071,0.117 -0.154,0.304 -0.273,0.381 -0.083,0.054 -0.175,0.071 -0.27,0.068 -0.014,-0.002 -0.027,-0.004 -0.041,-0.006 0.251,-0.135 0.516,-0.44 0.663,-0.574 z m 31.05,-18.668 c 0.308,-0.144 0.839,-0.322 1.165,-0.161 0.106,0.052 0.174,0.126 0.231,0.207 -0.444,0.08 -0.877,0.16 -1.302,0.24 -0.036,-0.092 -0.069,-0.186 -0.094,-0.286 z m 27.831,27.316 c -0.311,-0.172 -0.548,-0.526 -0.711,-0.853 -0.18,-0.362 -0.459,-0.853 -0.206,-1.247 0.412,0.727 0.71,1.425 0.917,2.1 z m 70.868,-74.387 c 0.006,0.018 0.009,0.03 0.015,0.048 0.192,0.572 0.375,1.242 1.048,1.256 0.302,0.006 0.744,-0.124 0.998,-0.305 0.397,-0.283 0.446,-0.714 0.711,-1.108 0.424,-0.627 1.195,-0.804 1.907,-0.616 0.331,0.087 0.852,0.317 0.918,0.718 0.059,0.354 -0.228,0.474 -0.327,0.748 -0.107,0.294 -0.196,0.626 -0.306,0.934 -0.167,0.469 -0.392,1.022 -0.535,1.494 -0.137,0.451 0.011,0.476 0.219,0.91 0.227,0.475 0.276,0.738 0.572,1.168 0.546,-0.022 1.125,0.003 1.663,-0.118 -0.04,0.091 -0.091,0.169 -0.172,0.201 -0.094,0.038 -0.196,0.011 -0.294,0.001 -0.277,-0.029 -0.536,-0.05 -0.814,-0.021 -0.528,0.055 -1.232,0.174 -1.554,0.635 -0.107,0.153 -0.156,0.331 -0.172,0.513 -0.024,-0.004 -0.054,-0.015 -0.076,-0.017 -0.552,-0.062 -0.344,0.566 -0.241,0.902 0.11,0.356 0.058,0.549 -0.117,0.88 -0.211,0.396 -0.393,0.808 -0.603,1.204 -0.12,0.226 -0.202,0.191 -0.428,0.267 -0.337,0.113 -0.555,0.385 -0.804,0.622 -0.296,0.281 -0.747,0.588 -1.174,0.353 -0.249,-0.137 -0.403,-0.43 -0.524,-0.673 -0.057,-0.115 -0.132,-0.469 -0.251,-0.542 -0.387,-0.237 -0.855,1.032 -0.901,1.171 -0.132,0.395 -0.148,0.837 0.047,1.217 -0.273,0.266 -1.021,0.413 -1.322,0.155 -0.399,-0.342 -0.401,-1.011 -0.835,-1.295 -0.454,-0.297 -0.827,10e-4 -0.982,0.459 -0.087,0.256 -0.111,0.543 -0.146,0.809 -0.018,0.14 -0.041,0.231 0.009,0.361 0.074,0.191 0.311,0.318 0.468,0.442 0.059,0.047 0.235,0.142 0.261,0.213 0.061,0.167 -0.177,0.38 -0.355,0.393 -0.384,0.027 -0.772,-0.343 -1.167,-0.14 -0.366,0.188 -0.161,1.01 -0.039,1.307 0.043,0.103 0.107,0.189 0.117,0.301 0.024,0.266 -0.339,0.565 -0.527,0.724 -0.222,0.188 -0.48,0.367 -0.77,0.428 -0.227,0.048 -0.495,0 -0.728,0.027 -0.794,0.094 -0.78,0.703 -0.734,1.367 -0.006,0.229 0.029,0.449 0.103,0.662 -0.007,0.127 0.05,0.193 0.17,0.198 0.241,0.15 0.752,-0.053 1.003,-0.153 0.278,-0.111 0.555,-0.277 0.766,-0.491 0.052,-0.053 0.16,-0.288 0.281,-0.269 0.155,0.024 0.234,0.224 0.298,0.346 0.131,0.247 0.245,0.504 0.368,0.755 0.132,0.269 0.261,0.646 0.639,0.468 0.562,-0.266 0.904,-1.207 0.583,-1.755 0.491,-0.288 1.084,-0.441 1.65,-0.488 0.363,-0.03 0.408,0.163 0.382,0.528 -0.011,0.155 -0.114,0.404 -0.083,0.551 0.129,0.615 1.619,-0.452 1.728,-0.549 0.271,-0.24 0.404,-0.52 0.575,-0.831 0.105,-0.19 0.265,-0.687 0.506,-0.669 0.233,0.7 0.467,1.461 0.094,2.151 -0.144,0.286 -0.347,0.52 -0.61,0.703 -0.284,0.067 -0.54,0.006 -0.768,-0.185 -0.205,-0.151 -0.431,-0.219 -0.68,-0.205 -0.21,0.158 -0.354,0.364 -0.434,0.619 -0.186,0.399 -0.281,0.77 -0.688,0.991 -0.265,-0.164 -0.551,-0.61 -0.912,-0.537 -0.35,0.071 -0.616,0.662 -0.757,0.913 -0.163,0.29 -0.286,0.583 -0.497,0.749 -0.27,-0.195 -0.596,-0.276 -0.979,-0.238 -0.098,0.012 -0.196,0.024 -0.294,0.037 -0.192,-0.126 -0.382,-0.256 -0.599,-0.328 -0.445,-0.148 -0.838,-0.033 -1.19,0.301 -0.341,0.326 -0.422,0.583 -0.137,0.925 0.125,0.15 0.278,0.243 0.439,0.318 -0.067,0.228 -0.189,0.461 -0.355,0.588 -0.275,0.212 -0.523,0.002 -0.729,-0.188 -0.211,-0.284 -0.379,-0.59 -0.502,-0.919 -0.053,-0.28 -0.214,-0.475 -0.483,-0.582 -0.329,0.296 -0.507,0.67 -0.536,1.122 0.062,0.224 0.02,0.402 -0.126,0.535 -0.221,-0.041 -0.349,0.054 -0.386,0.284 0.014,0.056 0.028,0.112 0.042,0.168 -0.279,-0.034 -0.554,-0.068 -0.83,-0.102 0.129,-0.442 0.636,-0.672 0.837,-1.102 0.336,-0.717 -0.512,-0.528 -0.835,-0.906 -0.413,-0.483 0.071,-1.147 0.127,-1.64 -0.687,-0.504 -1.359,-0.476 -2.121,-0.143 -0.029,-0.284 0.05,-0.608 -0.014,-0.881 -0.1,-0.204 -0.2,-0.408 -0.3,-0.611 -0.204,-0.116 -0.408,-0.232 -0.611,-0.348 -0.253,-0.153 -0.505,-0.305 -0.758,-0.458 -0.246,-0.143 -0.491,-0.286 -0.736,-0.429 -0.253,0.064 -0.506,0.129 -0.759,0.194 -0.408,0.292 -0.748,0.646 -1.018,1.061 -0.239,0.212 -0.352,0.477 -0.339,0.796 -0.126,0.315 -0.095,0.617 0.092,0.905 0.043,0.304 0.179,0.555 0.407,0.753 0.163,0.113 0.259,0.262 0.29,0.446 0.092,0.154 0.053,0.286 -0.117,0.396 -0.099,0.178 -0.233,0.322 -0.403,0.434 -0.293,0.249 -0.583,0.358 -0.952,0.461 -0.002,0.016 -10e-4,0.032 -0.003,0.048 -1.301,-0.217 -2.444,-0.435 -3.367,-0.649 5.173,-6.529 16.545,-16.778 21.473,-21.143 z m -6.039,35.243 c -0.444,0.277 -0.845,0.624 -1.253,0.967 -0.473,0.397 -0.968,1.026 -1.615,1.103 -0.011,0.002 -0.022,0.001 -0.034,0.002 -0.222,-0.183 -0.451,-0.358 -0.662,-0.554 -0.37,-0.457 -0.129,-0.701 0.131,-1.14 1.13,-0.148 2.277,-0.277 3.433,-0.378 z m 33.303,22.749 c -0.088,-0.25 -0.092,-0.35 0.075,-0.449 -0.023,0.15 -0.05,0.299 -0.075,0.449 z m 53.16,-11.415 c 0.136,0.015 0.211,0.065 0.287,0.144 -0.23,0.28 -0.558,0.263 -0.809,-0.023 0.175,-0.062 0.356,-0.138 0.522,-0.121 z m 10.847,13.25 c 0.003,0.032 10e-4,0.069 0.005,0.097 0.045,0.344 0.147,0.671 0.204,1.013 -0.266,0.075 -0.486,-0.404 -0.602,-0.574 0.15,-0.162 0.275,-0.352 0.393,-0.536 z m 27.95,-1.129 c -0.05,0.001 -0.076,0.009 -0.131,-0.046 0,0 0,-10e-4 0,-10e-4 0.043,0.019 0.087,0.032 0.131,0.047 z m -4.45,-6.726 c 0.227,0.013 0.455,0.013 0.694,0.032 0.256,0.021 0.763,0.199 0.853,-0.195 -0.018,-0.026 -0.041,-0.059 -0.121,-0.152 0.031,0.008 0.067,0.027 0.095,0.033 0.571,0.107 1.012,0.241 1.458,0.61 -0.996,0.024 -2.091,0.112 -2.979,-0.328 z m 2.748,-8.009 c 0.261,-0.005 0.53,0.009 0.828,0.059 0.19,0.031 0.445,0.127 0.704,0.221 -0.064,0.144 -0.123,0.29 -0.199,0.428 -0.233,0.217 -0.461,0.178 -0.684,-0.118 -0.258,-0.175 -0.463,-0.375 -0.649,-0.59 z m 3.152,-9.904 c -0.025,0.444 -0.232,0.775 -0.624,0.993 -0.464,-0.22 -0.864,-0.521 -1.202,-0.901 -0.278,-0.221 -0.505,-0.486 -0.682,-0.793 -0.238,-0.216 -0.651,-0.312 -1.054,-0.358 -0.002,-0.012 -0.003,-0.023 -0.005,-0.035 -0.099,-0.59 -0.216,-1.158 -0.853,-1.363 -0.18,-0.037 -0.36,-0.074 -0.541,-0.111 -0.283,0.139 -0.378,0.354 -0.285,0.643 0.008,0.285 0.086,0.572 0.136,0.856 -0.342,-0.035 -0.684,-0.025 -1.024,0.039 -0.203,0.111 -0.406,0.221 -0.609,0.331 -0.375,0.172 -0.541,0.441 -0.522,0.796 -0.329,-0.104 -0.723,-0.134 -0.968,-0.189 -0.315,-0.071 -0.543,-0.176 -0.641,-0.49 -0.067,-0.215 0,-0.386 0.004,-0.604 -0.202,-0.115 -0.405,-0.188 -0.615,-0.238 0.028,-0.073 0.052,-0.148 0.05,-0.234 0.031,-0.183 0.097,-0.925 -0.285,-0.728 0.086,-0.133 0.189,-0.252 0.308,-0.359 0.163,-0.161 0.171,-0.313 0.024,-0.458 -0.248,-0.745 -1.351,-0.522 -0.583,0.099 -0.685,-0.23 -1.332,-1.235 -1.387,-1.903 -0.16,-0.573 -0.021,-0.938 0.419,-1.094 0.23,-0.217 0.482,-0.217 0.758,0.001 0.461,0.293 0.744,0.762 1.249,0.058 0.112,-0.246 0.224,-0.491 0.337,-0.736 -0.144,-0.345 -0.104,-0.64 0.122,-0.885 0.382,-0.018 0.652,0.129 0.81,0.441 0.305,0.259 0.332,0.587 0.083,0.984 -0.089,0.36 -0.556,1.464 0.304,1.495 0.613,0.022 1.637,-0.56 1.835,-1.13 0.032,-0.143 0.064,-0.286 0.096,-0.428 0.215,-0.213 0.449,-0.202 0.702,0.031 0.029,0.195 0.059,0.39 0.088,0.585 -0.113,0.295 -0.225,0.589 -0.337,0.884 -0.037,0.234 -0.074,0.468 -0.111,0.702 0.104,0.208 0.229,0.402 0.374,0.582 0.659,0.882 1.608,-0.177 2.22,-0.596 0.174,0.359 0.207,0.741 0.1,1.148 -0.108,0.576 0.052,1.009 0.479,1.299 0.268,0.39 0.652,0.485 1.154,0.283 0.355,-0.297 0.677,-0.314 0.967,-0.053 -0.032,0.492 -0.128,0.971 -0.291,1.436 z m -2.093,-19.163 c -0.722,-0.319 -1.146,-0.997 -1.858,-1.338 -0.577,-0.276 -0.514,0.05 -1.015,0.273 -0.28,0.125 -0.824,0.281 -1.369,0.343 -0.052,-0.121 -0.111,-0.239 -0.207,-0.343 -0.187,-0.319 -0.424,-0.598 -0.71,-0.837 -0.265,-0.117 -0.375,-0.292 -0.33,-0.525 0.389,-0.054 0.864,-0.164 1.259,-0.117 0.267,0.032 0.324,0.043 0.524,-0.164 0.166,-0.172 0.35,-0.482 0.483,-0.717 0.63,0.107 1.332,0.647 1.716,0.941 0.562,0.43 2.547,1.692 1.507,2.484 z m -1.583,-6.176 c -0.364,-0.129 -0.731,-0.223 -1.115,-0.332 -0.416,-0.118 -0.585,-0.241 -0.723,-0.667 -0.106,-0.329 -0.179,-0.669 -0.345,-0.977 -0.195,-0.363 -0.452,-0.461 -0.74,-0.695 0.018,-0.417 0.562,-0.352 0.851,-0.364 0.144,-0.005 0.281,-0.009 0.415,-0.009 -0.155,0.134 -0.281,0.298 -0.354,0.506 0.133,0.234 0.71,0.384 0.891,0.523 0.36,0.278 0.656,0.631 0.934,0.987 0.38,0.487 0.445,0.727 0.186,1.028 z m 4.851,-28.777 c -0.18,-0.071 -0.368,-0.116 -0.55,-0.101 -0.209,0.018 -0.332,0.046 -0.442,0.24 -0.04,0.07 -0.033,0.187 -0.08,0.249 -0.113,0.152 -0.157,0.115 -0.338,0.038 -0.136,-0.058 -0.26,-0.083 -0.378,-0.095 -0.123,-0.124 -0.32,-0.218 -0.412,-0.32 -0.258,-0.286 -0.443,-0.687 -0.089,-0.94 0.254,-0.182 0.822,-0.309 0.636,-0.722 -0.167,-0.37 -0.395,-0.514 -0.062,-0.867 0.242,-0.256 0.582,-0.428 0.9,-0.576 0.121,0.169 0.251,0.325 0.379,0.439 0.389,0.348 0.519,0.291 0.991,0.23 0.013,-0.002 0.034,-0.007 0.05,-0.01 -0.035,0.063 -0.065,0.128 -0.082,0.199 -0.156,0.622 0.513,0.721 1.005,0.803 0.025,0.269 -0.061,0.512 -0.157,0.755 -0.043,-0.013 -0.12,-0.055 -0.152,-0.061 -0.506,-0.099 -0.85,0.384 -1.219,0.739 z m -5.09,-18.753 c 0.376,0.688 0.079,1.341 0.125,2.088 0.039,0.623 0.523,0.771 0.856,1.235 0.092,0.128 0.143,0.256 0.178,0.385 -0.269,0.041 -0.536,0.1 -0.766,0.12 -0.303,0.026 -0.629,0.015 -0.921,-0.085 -0.318,-0.108 -0.459,-0.299 -0.823,-0.275 -0.267,0.017 -0.531,0.093 -0.772,0.206 -0.293,0.137 -0.541,0.302 -0.855,0.41 -0.257,0.089 -0.538,0.136 -0.775,0.273 -0.247,-0.476 0.606,-1.22 0.892,-1.442 0,-0.104 -0.08,-0.179 -0.189,-0.236 0.282,-0.737 -0.127,-1.794 -0.844,-2.063 -0.356,-0.133 -1.095,0.1 -1.328,-0.347 -0.021,-0.039 -0.026,-0.083 -0.021,-0.128 0.154,-0.011 0.305,-0.023 0.443,-0.043 0.325,-0.048 0.675,-0.074 0.99,-0.171 0.187,-0.058 0.311,-0.152 0.518,-0.181 0.441,-0.061 0.816,0.172 1.251,0.083 0.38,-0.078 0.5,-0.446 0.815,-0.528 0.167,-0.044 0.74,0.29 0.868,0.351 0.093,0.044 0.163,0.087 0.228,0.132 0.048,0.075 0.092,0.147 0.13,0.216 z m 4.424,-22.912 c -0.103,0.055 -0.262,0.038 -0.422,-0.004 0.254,-0.062 0.523,-0.236 0.691,-0.391 -0.05,0.175 -0.127,0.32 -0.269,0.395 z m 12.778,-11.254 c -0.377,-0.244 -0.846,-0.559 -0.628,-1.042 0.23,-0.508 1.005,-0.438 1.439,-0.733 -0.004,0.014 -0.01,0.028 -0.012,0.042 -0.041,0.249 0.197,0.299 0.24,0.524 0.118,0.611 -0.919,0.615 -0.996,1.086 -0.009,0.055 -0.009,0.098 -0.008,0.136 -0.011,-0.005 -0.023,-0.008 -0.035,-0.013 z m -31.44,-40.567 c 0.082,0.132 0.137,0.328 0.215,0.504 -0.057,0.232 -0.054,0.473 0.028,0.724 0.252,0.147 0.311,0.313 0.176,0.498 -0.492,0.188 -0.943,0.449 -1.353,0.782 -0.128,0.097 -0.222,0.207 -0.292,0.326 -0.045,-0.016 -0.092,-0.03 -0.136,-0.047 -0.057,-0.023 -0.09,-0.05 -0.126,-0.077 0.09,-0.219 0.166,-0.448 0.26,-0.664 0.305,-0.703 0.645,-1.369 1.003,-2.005 0.07,-0.018 0.141,-0.038 0.225,-0.041 z m -7.126,13.202 c -0.067,0 -0.138,0.01 -0.206,0 -0.13,-0.261 0.092,-0.52 0.335,-0.7 -0.051,0.24 -0.089,0.469 -0.129,0.7 z m -14.05,7.492 c -0.302,0.29 -0.452,0.639 -0.452,1.048 -0.044,0.37 -0.128,0.732 -0.253,1.084 -0.339,0.234 -0.892,0.169 -1.245,0.018 -0.573,-0.245 -0.442,-0.727 -0.413,-1.222 -0.369,-0.202 -0.748,-0.186 -1.136,0.049 -0.303,0.057 -0.508,0.212 -0.614,0.465 -0.286,-0.166 -0.971,0.405 -1.021,0.47 -0.125,0.236 -0.249,0.471 -0.374,0.706 -10e-4,0.379 -0.047,0.751 -0.136,1.117 -0.331,0.079 -0.674,0.139 -1.001,-0.024 -0.382,-0.191 -0.579,-0.619 -0.846,-0.922 -0.375,-0.427 -1,-0.355 -1.517,-0.269 -0.119,0.294 -0.126,0.597 -0.021,0.91 0.081,0.378 -0.005,0.7 -0.258,0.967 -0.255,0.025 -0.48,-0.045 -0.674,-0.208 -0.173,-0.098 -0.343,-0.203 -0.514,-0.305 0.037,-0.036 0.082,-0.078 0.104,-0.104 0.405,-0.477 0.661,-0.737 0.862,-1.35 0.121,-0.368 0.466,-1.153 0.312,-1.569 -0.151,-0.409 -0.758,-0.501 -0.988,-0.918 -0.183,-0.333 -0.261,-0.718 -0.04,-0.998 0.141,-0.178 0.635,-0.385 0.879,-0.393 0.839,-0.029 0.805,1.091 1.369,1.431 0.13,0.078 0.521,0.108 0.695,0.149 0.537,0.125 1.309,0.482 1.849,0.349 0.595,-1.031 -0.429,-2.608 -1.553,-2.683 -0.462,-0.031 -1.244,0.5 -1.674,0.06 -0.284,-0.291 0.274,-1.093 0.323,-1.425 -0.439,-0.337 -1.641,-0.195 -1.694,-0.952 -0.016,-0.225 0.463,-0.729 0.589,-0.942 0.16,-0.271 0.263,-0.632 0.613,-0.604 0.744,0.059 1.315,1.32 1.939,1.114 0.22,-0.072 0.394,-0.314 0.637,-0.397 0.259,-0.088 0.724,-0.184 1.014,-0.201 0.87,-0.051 2.003,0.685 2.587,1.262 0.68,0.672 0.562,1.54 0.878,2.397 0.264,0.714 0.882,0.718 1.434,1.143 0.217,0.167 0.356,0.356 0.448,0.568 -0.035,0.06 -0.077,0.114 -0.108,0.179 z m -13.51,-3.379 c 0.197,0.472 0.467,1.081 0.29,1.6 -0.15,0.44 -0.551,0.667 -0.964,0.791 -0.243,0.073 -0.644,0.255 -0.757,0.508 -0.083,0.187 -0.013,0.679 0.167,0.778 0.244,0.135 0.715,-0.06 0.994,0.016 1.644,0.447 -0.095,2.112 -0.63,2.653 -0.419,0.424 -1.441,1.375 -2.007,0.746 -0.37,-0.411 -0.344,-1.336 -0.396,-1.85 -0.058,-0.577 -0.203,-0.524 -0.732,-0.362 -0.315,0.097 -0.687,0.311 -1.027,0.219 0.023,-0.46 0.375,-0.955 0.484,-1.411 0.103,-0.43 0.131,-0.991 0.068,-1.441 -0.349,0.023 -0.849,0.263 -1.193,0.111 -0.18,-0.079 -0.144,-0.267 -0.13,-0.466 1.862,-0.748 3.788,-1.524 5.688,-2.357 0.053,0.169 0.095,0.345 0.145,0.465 z m 7.187,-55.504 c 0.032,0.155 0.055,0.316 0.058,0.508 0.002,0.193 -0.023,0.366 -0.062,0.532 -0.022,-0.005 -0.051,-0.011 -0.071,-0.016 -0.478,-0.117 -0.532,-0.271 -0.254,-0.629 0.112,-0.144 0.221,-0.268 0.329,-0.395 z m -3.044,0.019 c 0.043,0.097 0.093,0.115 0.11,0.239 0.019,0.141 -0.046,0.281 -0.003,0.42 0.016,0.052 0.059,0.08 0.091,0.119 -0.105,0.058 -0.212,0.114 -0.329,0.152 -0.531,-0.234 0.078,-1.777 0.204,-2.323 0.182,0.154 0.248,0.203 0.061,0.504 -0.191,0.307 -0.272,0.58 -0.134,0.889 z m -34.031,-0.879 c 0.216,-0.235 0.423,-0.504 0.27,-0.822 -0.112,-0.232 -0.319,-0.669 -0.014,-0.857 0.487,-0.3 0.937,-0.046 1.336,0.237 -0.054,0.119 -0.108,0.162 -0.162,0.183 0.081,-0.021 0.174,-0.034 0.216,0.02 0.066,-0.052 0.194,-0.033 0.287,-0.032 0.176,0.002 0.237,-0.01 0.391,-0.043 0.189,-0.041 0.296,-0.082 0.441,-0.215 0.205,-0.189 0.508,-0.205 0.76,-0.316 0.186,-0.081 0.259,-0.292 0.29,-0.487 0.043,-0.269 -0.045,-0.601 0.244,-0.764 0.1,-0.056 0.271,-0.058 0.385,-0.092 0.251,-0.075 0.499,-0.168 0.747,-0.253 0.32,-0.11 0.72,-0.238 1.011,-0.416 0.189,-0.115 0.384,-0.239 0.382,-0.486 -0.002,-0.357 -0.162,-0.743 -0.347,-1.036 -0.228,-0.361 -0.254,-0.607 0.077,-0.896 0.161,-0.141 0.326,-0.213 0.367,-0.446 0.021,-0.119 -0.014,-0.236 -0.006,-0.355 0.012,-0.184 0.099,-0.25 0.181,-0.401 0.051,-0.094 0.075,-0.196 0.14,-0.284 0.088,-0.118 0.221,-0.206 0.325,-0.31 0.344,0.177 0.924,0.155 1.169,0.45 -0.029,0.07 -0.076,0.132 -0.098,0.208 -0.008,0.03 -0.126,0.339 -0.102,0.409 0.015,-0.006 0.037,-0.003 0.053,-0.008 -0.003,0.021 -0.013,0.041 -0.014,0.062 -0.015,0.363 0.219,1.027 0.407,1.333 0.233,0.379 0.605,0.403 1.01,0.519 0.197,0.056 0.314,0.081 0.42,0.068 0.025,0.08 0.017,0.171 -0.04,0.273 -0.108,0.194 -0.407,0.249 -0.603,0.3 -0.144,0.038 -0.443,0.05 -0.55,0.162 -0.067,0.07 -0.054,0.177 -0.096,0.258 -0.048,0.091 -0.126,0.163 -0.217,0.21 -0.129,0.067 -0.176,0.043 -0.29,-0.023 -0.202,-0.116 -0.942,-0.291 -0.947,0.107 0.104,0.051 0.272,0.101 0.347,0.195 0.088,0.111 0.052,0.142 -0.034,0.246 -0.076,0.092 -0.184,0.15 -0.259,0.245 -0.051,0.064 -0.09,0.143 -0.135,0.212 -0.114,0.172 -0.246,0.268 -0.391,0.402 -0.232,0.216 -0.438,0.461 -0.753,0.564 -0.115,0.038 -0.229,0.045 -0.341,0.093 -0.23,0.09 -0.415,0.051 -0.557,0.052 -0.232,0.001 -0.365,0.021 -0.533,0.19 -0.133,0.134 -0.25,0.285 -0.373,0.428 -0.189,0.219 -0.363,0.434 -0.532,0.667 -0.08,0.111 -0.179,0.29 -0.304,0.357 -0.363,0.195 -0.816,-0.213 -1.098,-0.375 -0.222,-0.127 -0.658,-0.228 -0.862,0.006 -0.111,0.128 -0.13,0.371 -0.206,0.523 -0.082,0.161 -0.205,0.323 -0.351,0.435 -0.222,0.17 -1.358,0.384 -1.336,-0.097 0.01,-0.179 0.187,-0.283 0.295,-0.4 z m -9.708,-12.655 c -0.498,0.002 -1.125,0.065 -1.301,-0.427 -0.051,-0.141 -0.053,-0.277 -0.059,-0.415 0.318,-0.361 0.799,-0.286 1.262,-0.061 0.427,0.208 0.526,0.503 0.57,0.869 -0.157,0.021 -0.314,0.034 -0.472,0.034 z m -2.459,-2.273 c 0.251,0.007 0.421,0.136 0.492,0.336 -0.149,-0.14 -0.315,-0.259 -0.492,-0.336 z m -6.86,4.833 c -0.185,-0.122 -0.355,-0.264 -0.49,-0.456 0.34,-0.156 0.772,-0.221 1.192,-0.195 -0.176,0.293 -0.403,0.51 -0.702,0.651 z m -40.04,-21.115 c -0.023,-0.012 -0.037,-0.034 -0.059,-0.047 0.049,-0.032 0.093,-0.069 0.147,-0.096 0.051,-0.023 0.094,-0.06 0.143,-0.086 -0.062,0.104 -0.134,0.188 -0.231,0.229 z m -2.418,3.621 c 0.144,-0.417 0.123,-0.901 0.302,-1.297 0.128,-0.284 0.282,-0.459 0.395,-0.784 0.024,-0.067 0.048,-0.134 0.071,-0.201 0.122,0.076 0.265,0.121 0.391,0.177 0.031,0.345 -0.189,0.787 -0.275,1.117 -0.141,0.544 -0.289,0.892 -0.898,1.044 -0.003,10e-4 -0.006,10e-4 -0.009,0.002 0.004,-0.023 0.021,-0.033 0.023,-0.058 z m -4.516,13.96 c 0.249,0.203 0.475,0.349 0.355,0.708 -0.093,0.281 -0.321,0.58 -0.451,0.849 -0.312,0.645 -0.619,1.223 -0.706,1.915 -0.065,-0.122 -0.156,-0.191 -0.278,-0.198 -0.128,-0.039 -0.233,0.017 -0.316,0.165 -0.202,0.189 -0.441,0.27 -0.718,0.244 -0.433,-0.051 -0.867,-0.088 -1.301,-0.111 -0.262,0.049 -0.499,0.006 -0.713,-0.129 0.008,-0.201 0.103,-0.393 0.026,-0.58 -0.12,-0.29 -0.451,-0.35 -0.734,-0.344 -0.338,-0.053 -0.603,0.09 -0.794,0.428 -0.105,0.222 -0.21,0.445 -0.316,0.667 -0.03,0.189 -0.059,0.378 -0.089,0.566 -0.008,0.109 -0.016,0.217 -0.025,0.326 -0.159,0.283 -0.686,0.27 -0.951,0.262 -0.022,-0.001 -0.052,-0.006 -0.076,-0.008 -0.364,-2.157 -0.434,-3.587 -0.434,-3.587 l -0.855,0.107 c 0,0 0.061,0.871 0.22,2.249 -0.003,-0.183 -0.124,-0.285 -0.39,-0.386 -0.314,-0.12 -0.635,-0.221 -0.968,-0.271 -0.062,-0.009 -0.105,-0.017 -0.146,-0.025 0.073,-0.077 0.139,-0.159 0.207,-0.246 0.177,-0.226 0.706,-0.633 0.461,-0.954 -0.186,-0.113 -0.363,-0.238 -0.532,-0.374 -0.191,-0.131 -0.36,-0.287 -0.506,-0.47 -0.144,-0.254 -0.074,-0.275 -0.015,-0.495 -0.495,-0.012 -0.754,-0.409 -0.705,-0.898 0.068,-0.673 0.6,-1.026 1.212,-1.022 -0.032,0.115 -0.099,0.225 -0.233,0.326 -0.129,0.077 -0.258,0.153 -0.386,0.229 -0.326,0.16 -0.467,0.417 -0.421,0.77 0.156,0.108 0.313,0.217 0.469,0.325 0.225,0.008 0.451,0.017 0.676,0.025 0.541,-0.197 0.543,-0.788 0.644,-1.267 -0.004,-0.082 0.021,-0.149 0.042,-0.218 0.187,0.096 0.359,0.221 0.517,0.377 0.211,0.197 0.43,0.384 0.65,0.572 -0.013,0.019 -0.03,0.035 -0.043,0.055 0.128,0.405 0.397,0.686 0.809,0.842 0.253,0.096 0.418,0.26 0.494,0.491 0.045,0.127 0.114,0.241 0.206,0.341 0.326,0.047 0.619,-0.025 0.88,-0.214 0.622,-0.314 1.189,-1.073 1.977,-0.839 0.157,0.069 0.315,0.138 0.472,0.206 0.24,0.289 0.468,0.587 0.683,0.895 0.503,0.378 1.085,0.078 1.34,-0.431 0.285,-0.567 0.094,-0.83 0.762,-0.873 z m -6.773,-1.361 c -0.013,0.011 -0.023,0.024 -0.036,0.035 -0.03,-0.003 -0.056,-0.021 -0.087,-0.021 -0.399,-0.135 -0.755,-0.344 -1.068,-0.628 -0.015,-0.013 -0.025,-0.029 -0.04,-0.042 0.005,10e-4 0.009,-0.003 0.014,-0.002 0.34,-0.048 0.715,0.061 1.028,-0.062 -0.04,-0.204 0.023,-0.372 0.19,-0.505 0.313,-0.117 0.547,-0.029 0.703,0.266 -0.131,0.399 -0.366,0.719 -0.704,0.959 z m -1.815,-3.96 c -0.335,0.098 -0.62,0.115 -1.016,-0.035 -0.022,-0.008 -0.05,-0.02 -0.074,-0.029 0.254,-0.036 0.508,-0.056 0.765,-0.046 0.123,-0.069 0.243,-0.08 0.359,-0.031 -0.007,0.053 -0.023,0.093 -0.034,0.141 z m -30.68,3.808 c 0.114,0.11 0.117,0.211 0.099,0.321 -0.197,-0.178 -0.383,-0.357 -0.566,-0.536 0.177,0.043 0.35,0.102 0.467,0.215 z m -23.534,-10.49 c 0.384,0.138 0.622,0.532 0.93,0.799 -0.054,-0.029 -0.11,-0.052 -0.167,-0.059 -0.292,-0.034 -0.639,0.156 -0.94,0.172 -0.35,0.019 -0.71,-0.038 -1.059,-0.14 0.017,-0.035 0.035,-0.07 0.053,-0.103 0.213,-0.379 0.72,-0.836 1.183,-0.669 z m -2.3,0.313 c -0.053,-0.031 -0.138,-0.081 -0.237,-0.134 0.083,-0.037 0.16,-0.061 0.259,-0.009 0.071,0.037 0.126,0.135 0.172,0.241 -0.065,-0.033 -0.133,-0.062 -0.194,-0.098 z m -3.019,-2.533 c -0.24,0.132 -0.499,0.179 -0.771,0.169 0.034,-0.027 0.077,-0.053 0.106,-0.081 0.122,-0.12 0.206,-0.234 0.27,-0.351 0.124,-0.002 0.249,0.002 0.385,0.058 0.025,0.01 0.043,0.025 0.067,0.036 -0.019,0.056 -0.038,0.113 -0.057,0.169 z m -48.992,51.642 c 0.345,-0.003 0.618,0.124 0.82,0.382 0.049,0.219 -0.134,0.434 -0.367,0.646 -0.338,-0.34 -0.661,-0.681 -0.963,-1.023 0.17,-0.01 0.339,-0.018 0.51,-0.005 z m 1.938,14.362 c 0.757,-0.009 1.635,-0.132 2.388,0.039 0.909,0.206 0.946,1.245 0.863,1.988 -0.08,0.724 -0.303,1.248 -0.691,1.842 -0.226,0.345 -0.64,0.861 -0.606,1.328 0.392,0.321 1.454,0.196 1.783,-0.191 0.27,-0.317 0.029,-0.436 -0.008,-0.79 -0.075,-0.712 0.876,-0.842 1.078,-1.448 0.178,-0.536 -0.757,-1.535 -0.961,-1.999 -0.124,-0.284 -0.561,-1.19 -0.238,-1.545 0.432,-0.475 1.794,-0.148 2.196,-0.122 0.58,0.038 1.42,-0.087 1.821,0.465 0.354,0.488 -0.061,0.823 -0.395,1.221 -0.4,0.477 -0.912,1.101 -0.779,1.79 0.099,0.508 0.219,0.441 0.682,0.364 0.224,-0.037 0.546,-0.071 0.764,-0.149 0.468,-0.167 0.728,-0.688 1.212,-0.836 0.372,-0.114 0.9,-0.056 1.252,0.042 0.635,0.175 1.79,0.789 2.112,1.505 -0.222,-0.124 -0.448,-0.237 -0.696,-0.26 -0.235,-0.021 -0.444,0.036 -0.636,0.131 -0.411,-0.122 -0.863,-0.221 -1.1,-0.134 -0.566,0.208 -0.641,1.359 -0.573,1.827 0.063,0.437 0.154,0.711 0.032,0.999 -0.275,-0.314 -0.584,-0.591 -0.937,-0.821 -0.25,-0.349 -0.57,-0.538 -0.963,-0.568 -0.121,0.522 -0.487,1.217 -0.401,1.762 0.026,0.166 0.239,0.536 0.329,0.712 0.338,0.665 0.863,1.349 0.789,2.135 1.031,-0.195 2.461,0.507 3.032,1.361 0.416,0.622 0.431,1.044 -0.262,1.224 -0.608,0.158 -1.33,-0.06 -1.874,-0.329 -0.84,-0.417 -1.475,-0.666 -2.443,-0.579 -0.193,0.304 -0.024,0.708 -0.063,1.046 -0.045,0.393 -0.149,0.666 -0.431,0.888 0.119,-0.153 0.225,-0.313 0.26,-0.501 0.093,-0.491 0.015,-1.011 -0.318,-1.399 -0.04,-0.046 -0.087,-0.081 -0.135,-0.116 0.277,-0.097 0.414,-0.467 0.333,-0.836 -0.074,-0.339 -0.431,-0.659 -0.752,-0.759 -0.163,-0.051 -0.443,-0.143 -0.593,-0.026 0.126,-0.171 -0.037,-0.531 -0.111,-0.694 -0.372,-0.822 -1.147,-0.991 -1.954,-1.146 -0.25,-0.048 -0.524,-0.124 -0.781,-0.12 -0.084,0.001 -0.161,0.02 -0.234,-0.006 -0.408,-0.15 -0.325,-0.518 -0.098,-0.785 0.357,-0.42 0.816,-0.434 1.281,-0.19 0.297,0.156 0.716,0.585 1.022,0.256 0.262,-0.281 0.277,-0.936 0.182,-1.279 -0.149,-0.536 -0.653,-0.108 -0.927,0.114 -0.289,0.235 -0.488,0.259 -0.86,0.22 -0.446,-0.047 -0.896,-0.062 -1.342,-0.109 -0.254,-0.026 -0.253,-0.116 -0.408,-0.297 -0.23,-0.27 -0.565,-0.371 -0.877,-0.513 -0.276,-0.126 -0.595,-0.326 -0.718,-0.619 0.058,-0.016 0.116,-0.031 0.172,-0.06 0.529,-0.273 0.49,-0.52 0.776,-0.917 0.226,-0.314 0.687,-0.385 0.899,-0.726 -0.274,-0.348 -2.395,-1.934 -1.757,-2.374 0.108,-0.074 0.578,-0.015 0.664,-0.016 z m -11.124,0.639 c -0.215,-0.092 -0.426,-0.181 -0.63,-0.266 0.158,-0.255 0.506,-0.659 0.778,-0.389 -0.01,0.27 -0.106,0.47 -0.148,0.655 z m -60.507,25.95 c 0.032,0.164 0.019,0.431 -0.035,0.593 -0.074,0.223 -0.194,0.44 -0.307,0.653 -0.278,-0.069 -0.682,0.106 -0.952,0.119 -0.089,-0.127 -0.15,-0.266 -0.186,-0.419 -0.173,-0.331 -0.342,-0.663 -0.51,-0.996 -0.113,-0.232 -0.4,-0.617 -0.451,-0.883 0.23,-0.007 0.45,0.055 0.677,0.082 0.369,0.042 0.751,0.007 1.12,-0.077 -0.027,0.045 -0.055,0.09 -0.081,0.137 -0.029,0.052 -0.408,0.633 -0.332,0.706 0.199,-0.04 0.993,-0.247 1.057,0.085 z m -24.576,26.685 c -0.015,0 -0.03,0.006 -0.045,0.005 -0.076,-0.001 -0.211,-0.009 -0.343,-0.029 0.139,-0.034 0.269,-0.025 0.388,0.024 z m -0.605,57.428 c 0.3,-0.176 0.61,-0.314 0.91,-0.296 0.302,0.018 0.45,0.375 0.626,0.551 0.113,0.113 0.202,0.159 0.295,0.18 -0.23,0.229 -0.413,0.64 -0.602,0.779 -0.422,0.31 -0.815,0.071 -1.122,-0.304 -0.267,-0.324 -0.217,-0.595 -0.107,-0.91 z m 3.277,5.633 c -0.415,0.033 -0.828,0.085 -1.236,0.176 -0.449,0.211 -0.783,0.132 -1,-0.236 0.107,-0.487 0.403,-0.816 0.888,-0.989 0.416,-0.101 0.826,-0.099 1.231,0.007 0.281,0.084 0.565,0.095 0.853,0.032 0.093,-0.132 0.208,-0.239 0.346,-0.32 0.12,0.061 0.24,0.122 0.361,0.182 -0.485,0.37 -0.967,0.752 -1.443,1.148 z m 13.245,-6.653 c -0.368,0.155 -1.036,-0.059 -1.081,-0.535 -0.017,-0.181 0.153,-0.46 0.206,-0.633 0.108,-0.349 0.238,-0.805 0.57,-1.012 0.003,0.005 0.005,0.008 0.008,0.013 0.205,0.324 0.378,0.67 0.581,0.996 0.384,-0.078 0.384,-0.594 0.541,-0.935 0.147,0.035 0.307,0.05 0.42,-0.005 0.071,-0.035 0.156,-0.14 0.213,-0.251 0.224,0.085 0.446,0.263 0.696,0.202 0.296,-0.073 0.748,-0.672 0.845,-0.935 0.036,-0.097 0.046,-0.201 0.051,-0.308 0.147,0.183 0.311,0.347 0.544,0.434 0.017,0.007 0.036,0.004 0.054,0.01 -0.107,0.154 -0.216,0.3 -0.294,0.416 -0.233,0.345 -0.128,0.383 0.238,0.536 0.218,0.091 0.522,0.144 0.667,0.351 -0.224,0.244 -0.646,0.355 -0.915,0.556 -0.254,0.19 -0.528,0.487 -0.699,0.764 0.203,0.147 0.589,0.245 0.709,0.486 0.057,0.115 -0.026,0.196 -0.116,0.287 -0.953,-0.049 -1.864,-0.027 -2.75,0.038 0.062,-0.245 0.146,-0.49 0.123,-0.746 -0.217,0.041 -0.385,0.176 -0.611,0.271 z m 3.867,2.939 c -0.006,0.048 -0.013,0.105 -0.019,0.147 -0.008,0.05 -0.021,0.137 -0.036,0.237 -0.034,-0.01 -0.07,-0.003 -0.102,-0.024 -0.131,-0.086 -0.23,-0.233 -0.316,-0.393 0.158,0.011 0.315,0.021 0.473,0.033 z m 18.014,23.781 c -0.158,-0.375 -0.126,-0.708 0.096,-0.998 0.042,-0.075 0.092,-0.137 0.141,-0.2 0.34,0.111 0.687,0.216 1.036,0.213 0.685,-0.006 0.922,-0.605 1.059,-1.165 -0.161,0.018 -0.322,0.016 -0.483,0.005 0.033,-0.06 0.072,-0.119 0.126,-0.175 0.348,-0.356 0.72,-0.47 1.213,-0.314 0.217,0.069 0.434,0.104 0.345,0.382 -0.087,0.27 -0.23,0.493 -0.256,0.785 0.24,0.175 0.572,0.209 0.703,0.519 0.116,0.274 -0.057,0.511 -0.203,0.729 -0.215,0.323 -0.319,0.624 -0.176,1.017 0.138,0.378 0.506,0.749 0.85,0.957 0.463,0.281 0.723,-0.218 1.075,-0.458 0.093,-0.063 0.282,-0.181 0.487,-0.27 -0.02,0.066 -0.043,0.129 -0.054,0.203 -0.151,0.269 -0.163,0.525 -0.038,0.77 -0.311,0.112 -0.314,1.004 -0.295,1.084 0.1,0.247 0.201,0.494 0.301,0.74 0.068,0.057 0.116,0.133 0.181,0.193 -0.13,0.144 -0.232,0.305 -0.275,0.5 0.025,0.22 0.066,0.437 0.122,0.65 0.01,0.082 0.032,0.159 0.058,0.235 -0.247,0.1 -0.517,0.09 -0.785,0.07 -0.082,-0.089 -0.176,-0.165 -0.291,-0.207 -0.442,-0.16 -0.914,-0.111 -1.377,-0.291 -0.566,-0.22 -1.33,-0.649 -1.355,-1.35 -0.495,-0.05 -1.171,-0.566 -1.585,-1.044 0.053,-0.135 0.115,-0.261 0.185,-0.382 0.279,-0.006 0.552,-0.073 0.678,-0.345 0.17,-0.368 -0.06,-0.728 -0.314,-0.934 -0.31,-0.252 -0.63,-0.276 -0.917,-0.151 -0.11,-0.244 -0.202,-0.498 -0.252,-0.768 z m 2.061,26.573 c -0.155,-0.061 -0.281,-0.157 -0.38,-0.288 -0.064,-0.057 -0.107,-0.127 -0.155,-0.195 0.09,-0.03 0.184,-0.045 0.287,-0.037 0.089,0.115 0.177,0.231 0.266,0.346 0.028,0.096 0.041,0.184 0.043,0.266 -0.021,-0.03 -0.033,-0.064 -0.061,-0.092 z m 4.618,10.549 c 0.191,0.021 0.34,0.032 0.457,0.102 -0.198,0.192 -0.426,0.324 -0.608,0.182 -0.094,-0.073 -0.111,-0.204 -0.12,-0.339 0.091,0.018 0.176,0.045 0.271,0.055 z m 3.164,0.92 c 0.464,-0.072 0.809,-0.334 1.037,-0.786 0.111,-0.237 0.222,-0.474 0.333,-0.71 0.12,-0.281 0.277,-0.581 0.178,-0.892 -0.081,-0.253 -0.112,-0.216 -0.326,-0.322 -0.262,-0.13 -0.572,-0.53 -0.603,-0.865 -0.033,-0.346 0.278,-0.443 0.548,-0.517 0.171,-0.013 0.34,-0.014 0.508,-0.004 -0.006,0.062 -0.006,0.127 -0.015,0.186 -0.033,0.199 -0.213,0.531 -0.129,0.73 0.165,-0.047 0.331,-0.096 0.495,-0.146 0.217,-0.048 0.39,0.014 0.521,0.186 0.289,0.219 0.537,0.48 0.743,0.785 0.294,0.28 0.398,0.599 0.31,0.953 -0.047,0.496 -0.284,0.87 -0.798,0.949 -0.182,0.028 -0.284,-0.045 -0.335,0.154 -0.075,0.292 0.056,0.547 -0.062,0.858 -0.177,0.465 -0.472,0.719 -0.987,0.773 -0.227,0.024 -0.44,0.078 -0.468,-0.212 -0.029,-0.282 0.013,-0.544 -0.078,-0.822 -0.29,-0.065 -0.608,0.036 -0.852,-0.195 -0.029,-0.027 -0.042,-0.06 -0.061,-0.09 0.014,-0.004 0.027,-0.009 0.041,-0.013 z m 1.841,8.102 c 0.186,0.148 0.285,0.318 0.35,0.496 -0.257,-0.048 -0.521,-0.101 -0.794,-0.159 0.13,-0.128 0.247,-0.237 0.444,-0.337 z m 0.233,1.776 c -0.149,0.404 -0.343,0.801 -0.432,1.138 0.279,-0.075 0.979,-0.405 1.159,0.002 -0.26,0.155 -0.489,0.325 -0.688,0.523 -0.064,-0.05 -0.13,-0.096 -0.206,-0.129 -0.392,-0.167 -1.039,-0.022 -1.277,-0.478 -0.14,-0.269 0.084,-0.858 0.203,-1.382 0.405,0.113 0.818,0.222 1.241,0.326 z m 1.548,19.852 c -0.012,0.147 -0.039,0.287 -0.133,0.389 -0.238,-0.057 -0.46,-0.153 -0.68,-0.251 0.264,-0.004 0.542,-0.061 0.813,-0.138 z m 38.619,1.029 c -0.031,0.052 -0.07,0.093 -0.104,0.14 -0.103,-0.066 -0.21,-0.128 -0.346,-0.155 -0.247,-0.182 -0.522,-0.262 -0.823,-0.238 -0.195,0.037 -0.368,0.002 -0.521,-0.106 -0.175,-0.042 -0.242,-0.163 -0.201,-0.361 -0.058,-0.195 -0.067,-0.392 -0.027,-0.592 0.028,-0.383 0.153,-0.667 0.338,-1.002 -0.053,-0.068 -0.124,-0.119 -0.183,-0.182 0.461,0.025 0.741,-0.042 0.754,0.579 0.501,0.169 1.011,-0.418 1.474,-0.125 0.689,0.436 0.011,1.599 -0.361,2.042 z m -1.741,-3.781 c -0.127,0.386 -0.217,0.749 -0.269,1.142 -0.582,-0.557 -1.32,-0.97 -1.938,-1.495 0.174,-0.138 0.393,-0.242 0.535,-0.305 0.416,-0.186 1.037,-0.363 1.488,-0.172 0.221,-0.02 0.344,0.078 0.369,0.294 -0.062,0.178 -0.123,0.357 -0.185,0.536 z m -0.749,-7.863 c 0.004,-0.456 0.021,-0.882 0.243,-1.328 0.156,-0.314 0.304,-0.622 0.284,-0.986 -0.016,-0.289 -0.216,-0.516 -0.45,-0.698 0.115,-0.216 0.42,-0.03 0.582,0.035 0.058,0.023 0.117,0.045 0.175,0.068 0.128,0.471 0.273,0.987 0.592,1.243 0.547,0.44 1.181,-0.185 1.64,-0.541 0.04,0.026 0.082,0.052 0.1,0.084 0.073,0.132 -0.055,0.228 -0.186,0.323 -1.003,0.592 -2.008,1.195 -2.98,1.8 z m 6.333,-3.912 c 0.046,-0.118 0.062,-0.455 0.206,-0.478 0.095,0.117 0.188,0.239 0.281,0.36 -0.193,0.111 -0.387,0.223 -0.584,0.336 0.042,-0.084 0.075,-0.161 0.097,-0.218 z m 36.642,-7.4 c -0.039,0.209 -0.188,0.362 -0.561,0.391 -0.055,-0.009 -0.109,-0.026 -0.164,-0.036 0.275,-0.063 0.546,-0.175 0.725,-0.355 z m 19.12,-7.908 c 0.044,0.102 0.105,0.181 0.193,0.218 0.326,0.136 0.632,-0.041 0.889,-0.231 0.186,-0.138 0.399,-0.266 0.599,-0.401 0.214,0.004 0.429,0.009 0.646,0.013 0.832,0.016 2.028,0.138 3.444,0.293 -0.008,0.013 -0.01,0.024 -0.02,0.037 -0.104,0.111 -0.215,0.215 -0.332,0.312 -0.248,0.261 -0.22,0.362 -0.17,0.72 0.053,0.383 0.132,0.727 0.267,1.059 -0.144,0.001 -0.283,0.014 -0.411,0.037 -0.437,0.08 -0.541,0.337 -0.821,0.607 -0.3,-0.32 -0.605,-0.699 -0.816,-1.082 -0.263,-0.478 -0.626,-0.335 -1.067,-0.058 -0.325,0.204 -0.529,0.482 -0.935,0.471 -0.667,-0.018 -0.824,-0.464 -1.179,-0.913 -0.188,-0.238 -0.676,-0.375 -0.63,-0.654 0.028,-0.164 0.173,-0.305 0.343,-0.428 z m 8.482,0.419 c -0.469,-0.013 -0.888,-0.092 -1.25,-0.368 1.345,0.147 2.828,0.302 4.384,0.422 v 0 c -0.53,0.233 -1.221,0.817 -1.833,0.75 -0.3,-0.033 -0.431,-0.396 -0.599,-0.581 -0.243,-0.27 -0.382,-0.214 -0.702,-0.223 z m 6.981,7.364 c 0.184,0.333 0.367,0.656 0.55,0.979 -0.256,-0.07 -0.499,-0.15 -0.604,-0.404 -0.087,-0.209 -0.048,-0.401 0.054,-0.575 z m 0.202,3.539 c 0.153,-0.111 0.307,-0.221 0.46,-0.331 0.288,-0.214 0.541,-0.435 0.782,-0.683 0.317,0.534 0.63,1.054 0.938,1.54 0.111,0.176 0.211,0.348 0.309,0.52 -0.227,0.269 -0.769,0.177 -1.042,0.123 -0.447,-0.088 -1.057,-0.3 -1.316,-0.717 -0.191,-0.111 -0.235,-0.262 -0.131,-0.452 z m 3.54,5.987 c 0.065,-0.174 0.155,-0.319 0.258,-0.449 0.005,0.31 -0.007,0.616 -0.035,0.919 -0.094,-0.137 -0.173,-0.289 -0.223,-0.47 z m 60.913,-32.771 c -0.17,0.194 -0.385,0.289 -0.638,0.304 -0.051,-0.078 -0.108,-0.157 -0.181,-0.243 -0.314,-0.37 -0.129,-0.89 0.05,-1.303 0.141,-0.324 0.175,-0.343 0.428,-0.157 0.239,0.176 0.441,0.38 0.629,0.61 0.17,0.208 0.182,0.303 0.447,0.311 0.255,0.007 0.516,0.01 0.764,-0.057 0.281,-0.076 0.218,-0.12 0.379,-0.308 0.091,-0.106 0.141,-0.139 0.281,-0.19 0.038,-0.014 0.088,-0.023 0.143,-0.031 -0.035,0.073 -0.075,0.143 -0.101,0.222 -0.16,0.501 -0.012,0.985 -0.677,1.053 -0.329,0.021 -0.634,-0.053 -0.916,-0.223 -0.079,-0.128 -0.182,-0.188 -0.31,-0.183 -0.131,-0.027 -0.23,0.039 -0.298,0.195 z m 2.729,-1.596 c -0.078,-0.189 -0.225,-0.379 -0.305,-0.488 -0.167,-0.228 -0.363,-0.389 -0.571,-0.573 -0.153,-0.135 -0.432,-0.382 -0.321,-0.628 0.222,-0.489 1.078,0.062 1.279,0.231 0.351,0.294 0.84,0.628 0.984,1.069 0.014,0.043 0.043,0.072 0.06,0.112 -0.142,0.036 -0.294,0.057 -0.462,0.055 -0.263,-0.002 -0.48,0.088 -0.664,0.222 z m 28.941,7.637 c 0.352,-0.523 0.764,-0.694 1.385,-0.765 0.428,-0.049 1.026,-0.038 1.389,-0.321 0.255,-0.199 0.322,-0.502 0.46,-0.77 0.08,0.029 0.159,0.069 0.238,0.12 0.137,0.731 0.25,1.503 -0.623,1.728 -0.547,0.141 -1.201,0.023 -1.668,0.348 0.01,0.295 0.15,0.52 0.42,0.676 0.306,0.138 0.509,0.363 0.608,0.672 -0.171,0.331 -0.394,0.623 -0.669,0.878 -0.335,0.362 -0.521,0.784 -0.558,1.268 0.204,0.184 0.436,0.251 0.696,0.201 0.222,-0.009 0.444,-0.003 0.665,0.019 -0.121,0.277 -0.714,0.381 -1.033,0.488 -0.231,-0.27 -0.507,-0.484 -0.764,-0.734 -0.387,-0.377 -0.593,-0.813 -0.723,-1.329 -0.158,-0.621 -0.195,-1.926 0.177,-2.479 z m 8.6,19.437 c 0.13,-0.395 0.159,-0.799 0.085,-1.215 -0.027,-0.134 -0.049,-0.25 -0.063,-0.364 0.273,0.398 0.348,0.846 0.206,1.349 -0.048,0.191 -0.149,0.326 -0.275,0.436 0.015,-0.068 0.047,-0.129 0.047,-0.206 z m 2.301,0.052 c -0.079,0.109 -0.158,0.218 -0.219,0.336 0.06,-0.14 0.132,-0.257 0.219,-0.336 z m 0.412,-2.876 c -0.166,-0.431 -0.147,-0.904 -0.151,-1.355 -10e-4,-0.051 -0.005,-0.121 -0.007,-0.181 0.319,-0.266 0.76,-0.406 1.107,-0.193 0.445,0.273 0.924,1.08 0.726,1.592 -0.144,0.371 -0.516,0.646 -0.906,0.89 -0.331,-0.192 -0.64,-0.417 -0.769,-0.753 z m 7.497,0.724 c 0.236,-0.388 0.611,-0.62 0.997,-0.847 -0.215,0.535 -0.445,0.947 -0.983,1.324 -0.076,0.053 -0.149,0.084 -0.22,0.104 0.044,-0.2 0.095,-0.398 0.206,-0.581 z m 25.679,-1.533 c -0.084,-0.695 0.815,-1.476 2.306,-2.116 0.031,0.108 0.06,0.218 0.104,0.322 0.161,0.387 0.294,0.57 0.721,0.418 0.324,-0.114 0.646,-0.234 0.965,-0.361 0.022,10e-4 0.037,-0.009 0.058,-0.01 0.001,0.021 0.009,0.035 0.008,0.058 -0.017,0.333 -0.331,0.438 -0.621,0.567 -0.242,0.107 -0.773,0.285 -0.824,0.609 0.268,0.046 0.502,0.119 0.653,0.36 0.083,0.134 0.211,0.503 0.03,0.629 -0.105,0.073 -0.473,-0.06 -0.547,-0.076 -0.322,-0.069 -0.625,-0.108 -0.952,-0.016 -0.316,0.089 -0.678,0.232 -0.835,0.545 -0.053,0.105 -0.063,0.194 -0.062,0.284 -0.588,-0.44 -0.961,-0.854 -1.004,-1.213 z m 13.461,7.584 c 0.036,-0.013 0.07,-0.038 0.107,-0.035 0.101,0.008 0.181,0.078 0.264,0.131 0.153,0.097 0.305,0.184 0.462,0.262 -0.039,0.044 -0.08,0.086 -0.118,0.131 -10e-4,10e-4 -0.002,0.003 -0.003,0.004 -0.241,-0.169 -0.478,-0.333 -0.712,-0.493 z m 29.611,-18.801 c -0.012,0.144 -0.005,0.315 -0.027,0.474 -0.397,-0.397 -1.101,-0.786 -0.855,-1.355 0.089,-0.206 0.747,-0.434 0.957,-0.565 0.113,-0.071 0.225,-0.156 0.338,-0.222 -0.04,0.056 -0.072,0.107 -0.086,0.135 -0.235,0.473 -0.285,1.016 -0.327,1.533 z m 10.242,3.925 c -0.042,-0.137 -0.075,-0.194 -0.138,-0.228 0.29,0.035 0.581,-0.024 0.82,-0.236 -0.053,0.292 -0.127,0.584 -0.244,0.873 -0.099,0.098 -0.198,0.18 -0.296,0.252 -0.095,-0.172 -0.064,-0.403 -0.142,-0.661 z m 18.135,-23.798 c -0.004,0 -0.011,0 -0.016,0 0.057,-0.126 0.175,-0.246 0.38,-0.358 0.167,-0.092 0.356,-0.145 0.551,-0.181 -0.272,0.252 -0.524,0.517 -0.915,0.539 z m -8.362,-38.027 c 0.264,-0.408 0.385,-0.866 0.744,-1.217 0.14,-0.123 0.263,-0.261 0.368,-0.414 -0.004,-0.049 -0.007,-0.097 -0.011,-0.146 0.207,-0.2 0.736,-0.252 0.984,-0.151 0.46,0.186 0.746,0.558 0.862,1.029 -0.24,0.193 -0.431,0.2 -0.743,0.225 -0.236,0.01 -0.472,0.019 -0.707,0.029 -0.159,0.079 -0.319,0.159 -0.478,0.238 -0.156,0.233 -0.021,0.503 0.027,0.731 0.028,0.135 0.01,0.233 0.028,0.373 0.072,0.578 1.044,0.639 1.49,0.766 0.31,0.088 0.532,0.206 0.613,0.525 0.055,0.219 -0.022,0.386 -0.038,0.603 0.366,0.236 0.743,0.34 1.17,0.386 0.321,0.035 0.54,0.017 0.648,0.361 0.077,0.247 0.059,0.541 0.081,0.798 0.036,0.415 0.186,0.76 0.399,1.077 -0.349,0.431 -0.78,1.469 -1.365,0.932 -0.701,-0.643 0.344,-2.309 0.648,-2.89 -0.273,-0.339 -1.035,-0.051 -1.359,0.04 -0.583,0.163 -1.168,0.401 -1.626,0.808 -0.454,0.403 -0.488,0.902 -0.703,1.465 -0.125,0.329 -0.201,0.573 -0.158,0.909 0.034,0.267 0.141,0.41 0.086,0.689 -0.148,0.753 -0.853,1.215 -1.572,1.101 -0.854,-0.135 -1.396,-0.71 -1.375,-1.587 0.011,-0.482 0.49,-1.098 0.393,-1.585 -0.052,-0.26 -0.318,-0.407 -0.427,-0.625 -0.17,-0.338 -0.009,-0.645 0.133,-0.96 0.03,-0.066 0.061,-0.136 0.092,-0.204 0.104,0.123 0.233,0.232 0.42,0.304 0.178,0.047 0.356,0.094 0.534,0.141 0.291,-0.123 0.397,-0.332 0.321,-0.626 0.013,-0.441 -0.152,-0.897 -0.099,-1.328 0.038,-0.309 0.131,-0.523 0.142,-0.866 0.005,-0.119 0.009,-0.238 0.014,-0.358 0.13,-0.21 0.285,-0.401 0.464,-0.573 z m -1.353,-7.85 c 0.117,0.003 0.221,-0.034 0.311,-0.109 0.141,-0.104 0.302,-0.148 0.483,-0.133 0.089,0.115 0.177,0.231 0.266,0.346 0.119,0.407 0.006,0.691 -0.339,0.852 -0.407,0.327 -0.871,0.356 -1.358,0.526 0.165,0.673 0.603,1.188 0.638,1.895 -0.201,0.118 -0.416,0.185 -0.647,0.199 -0.288,0 -0.521,0.124 -0.7,0.371 -0.17,0.391 0.08,0.845 -0.06,1.212 -0.121,0.318 -0.464,0.504 -0.727,0.72 -0.413,0.339 -1.326,1.067 -1.127,1.752 0.192,0.663 1.157,0.65 1.648,0.455 0.222,-0.089 0.394,-0.236 0.507,-0.164 0.036,0.063 0.067,0.125 0.099,0.188 0.005,0.02 0.011,0.035 0.015,0.059 0.056,0.319 0.086,0.641 0.112,0.962 -0.092,0.178 -0.263,0.349 -0.554,0.512 -0.831,0.466 -2.297,0.615 -1.848,1.898 0.192,0.549 1.208,1.686 0.281,1.976 -0.41,0.128 -2.344,0.236 -2.334,0.926 0.516,0.42 0.987,0.907 1.571,1.233 0.33,0.185 0.664,0.245 1.024,0.367 0.722,0.244 1.031,0.499 1.322,1.196 0.339,0.813 -0.138,1.219 -0.88,1.588 -0.675,0.335 -1.203,0.172 -1.904,0.181 -0.16,-0.115 -0.282,-0.097 -0.368,0.051 -0.158,0.201 -0.358,0.347 -0.601,0.436 -0.527,0.22 -1.056,0.436 -1.587,0.648 -0.35,0.237 -0.704,0.275 -1.062,0.114 -0.44,-0.345 -0.201,-1.228 -0.298,-1.691 -0.768,-0.081 -1.634,-0.3 -2.165,-0.914 -0.503,-0.581 -0.294,-1.183 -0.505,-1.825 -0.241,0.005 -0.519,0.027 -0.797,0.073 -0.017,-0.223 -0.025,-0.443 0.124,-0.583 0.33,-0.31 1.021,0.308 1.246,0.432 0.707,0.391 0.934,-0.005 0.939,-0.714 0.035,-0.375 -0.025,-0.738 -0.18,-1.089 -0.065,-0.201 -0.186,-0.348 -0.363,-0.439 0.015,-0.264 0.458,-0.467 0.675,-0.589 0.267,-0.193 0.56,-0.257 0.879,-0.19 0.26,0.088 0.518,0.183 0.774,0.283 0.413,-0.04 0.981,-0.988 1.123,-1.229 0.341,-0.578 0.418,-0.993 0.346,-1.623 0.349,0.106 0.554,-0.385 0.599,-0.612 0.107,-0.544 0.008,-1.126 -0.161,-1.643 0.384,-0.024 1.036,0.303 1.389,-0.02 -0.036,-0.384 -0.301,-0.837 -0.225,-1.208 0.208,-0.049 0.409,-0.119 0.603,-0.211 0.215,-0.236 0.294,-0.515 0.235,-0.838 0.007,-0.324 -0.068,-0.625 -0.226,-0.904 -0.156,-0.142 -0.306,-0.291 -0.45,-0.445 -0.383,-0.524 0.53,-0.994 0.917,-1.155 0.296,-0.198 0.579,-0.198 0.85,0.001 0.069,0.179 0.187,0.262 0.355,0.25 0.231,-0.827 0.073,-1.652 -0.04,-2.488 -0.083,-0.612 -0.351,-1.366 -0.07,-1.954 0.103,-0.229 0.222,-0.451 0.355,-0.665 0.245,-0.204 0.47,-0.152 0.676,0.156 0.568,0.433 0.881,0.965 1.214,1.577 z m -1.197,-8.891 c 0.28,0.447 0.264,1.322 0.019,1.783 -0.236,0.442 -0.537,0.229 -0.953,0.268 -0.255,0.024 -0.259,0.058 -0.358,0.304 -0.039,0.097 0.003,0.11 -0.083,0.166 -0.197,0.128 -0.623,-0.008 -0.812,-0.069 -0.529,-0.171 -1.009,-0.486 -1.455,-0.813 -0.242,-0.178 -0.411,-0.259 -0.729,-0.251 -0.028,10e-4 -0.061,0.007 -0.092,0.011 -0.25,-0.233 -0.462,-0.213 -0.8,-0.221 -10e-4,-0.194 0.151,-0.421 0.32,-0.611 0.161,0.003 0.317,0.021 0.416,0.019 0.35,-0.008 0.334,-0.197 0.208,-0.452 0.293,-0.076 0.609,-0.027 0.923,-0.023 0.244,0.003 0.958,0.027 0.924,-0.431 -0.008,-0.111 -0.178,-0.199 -0.281,-0.301 0.426,-0.097 0.962,-0.216 1.207,-0.601 0.028,0.048 0.065,0.091 0.09,0.139 0.156,0.31 0.269,0.615 0.491,0.887 0.073,-0.096 -0.008,-0.222 -0.006,-0.343 0.358,-0.237 0.809,0.28 0.971,0.539 z m -7.941,-18.648 c 0.068,0.036 0.113,0.096 0.151,0.161 -0.092,0.02 -0.185,0.04 -0.275,0.068 -0.061,-0.021 -0.115,-0.056 -0.173,-0.08 0.1,-0.047 0.205,-0.081 0.297,-0.149 z m 1.73,-12.405 c -0.871,-0.182 -1.361,1.014 -1.504,1.639 -0.1,0.439 -0.07,0.907 -0.428,1.222 -0.05,0.044 -0.129,0.098 -0.21,0.158 -0.37,0.065 -0.749,0.071 -1.066,-0.065 -0.467,-0.2 -0.514,-0.697 -0.569,-1.114 -0.085,-0.028 -0.164,-0.072 -0.247,-0.104 0.335,-0.207 0.694,-0.373 0.99,-0.63 -0.059,-0.129 -0.174,-0.215 -0.211,-0.354 -0.042,-0.156 0.005,-0.352 0.049,-0.527 0.383,0.013 1.019,0.2 1.333,0.097 0.416,-0.136 0.687,-0.578 0.907,-0.963 0.456,0.148 0.99,0.255 1.398,0.032 0.024,-0.013 0.041,-0.035 0.064,-0.05 -0.028,0.087 -0.058,0.176 -0.067,0.247 -0.025,0.197 -0.044,0.415 -0.057,0.637 -0.07,-0.103 -0.186,-0.184 -0.382,-0.225 z m 4.334,-14.768 c -0.103,0.207 -0.191,0.481 -0.335,0.662 -0.112,0.141 -0.219,0.183 -0.385,0.269 -0.297,0.154 -0.55,0.338 -0.818,0.536 -0.244,0.18 -0.447,0.31 -0.752,0.327 -0.257,0.014 -0.778,-0.181 -0.962,0.055 -0.031,0.04 -0.052,0.092 -0.073,0.143 -0.024,-0.061 -0.044,-0.121 -0.072,-0.184 -0.054,-0.117 -0.115,-0.219 -0.175,-0.316 0.132,-0.002 0.264,-0.01 0.406,-0.037 0.249,-0.049 0.446,-0.092 0.504,-0.357 0.078,-0.357 0.05,-0.663 0.259,-0.99 0.087,-0.135 0.197,-0.243 0.315,-0.342 0.076,-0.025 0.151,-0.045 0.227,-0.044 0.318,0.006 0.608,0.258 0.941,0.29 0.378,0.038 0.652,-0.229 0.951,-0.406 0.047,-0.028 0.087,-0.039 0.13,-0.056 -0.003,0.003 -0.007,0.005 -0.01,0.009 -0.077,0.101 -0.093,0.324 -0.151,0.441 z m 2.132,-0.737 c 0.017,-0.095 0.025,-0.198 0.027,-0.32 0.006,-0.018 -10e-4,-0.031 0.004,-0.049 0.009,0.002 0.017,0.007 0.026,0.008 0.169,0.067 0.337,0.138 0.504,0.211 0.018,0.004 0.028,0.02 0.045,0.026 -0.002,0.001 -0.004,0.003 -0.006,0.003 -0.188,0.079 -0.394,0.106 -0.6,0.121 z m 4.71,-16.785 c 0.472,-0.233 1.503,0.087 1.627,-0.643 0.045,-0.269 -0.101,-0.488 -0.179,-0.738 -0.151,-0.49 0.104,-0.949 0.583,-1.133 0.971,-0.371 1.487,0.58 1.787,1.323 0.281,-0.461 0.743,-0.467 1.206,-0.338 0.119,0.033 0.183,0.035 0.251,0.144 0.084,0.135 0.03,0.352 0.049,0.507 0.014,0.114 0.045,0.255 0.091,0.392 -0.681,1.035 -1.488,2.181 -2.37,3.273 -0.028,-0.239 -0.102,-0.459 -0.282,-0.51 -0.277,-0.078 -0.52,0.327 -0.697,0.47 -0.243,0.194 -0.551,0.272 -0.858,0.297 -0.057,-0.062 -0.116,-0.123 -0.161,-0.193 -0.254,-0.389 -0.282,-0.688 -0.144,-1.133 0.213,-0.433 0.4,-0.878 0.561,-1.333 -0.004,-0.141 -0.009,-0.281 -0.013,-0.421 -0.224,-0.27 -0.961,0.142 -1.133,0.206 -0.12,0.044 -0.458,0.217 -0.773,0.311 0.086,-0.201 0.228,-0.37 0.455,-0.481 z M 406.57,161.628 c 0.257,-0.192 0.543,-0.311 0.859,-0.357 0.235,0.055 0.4,0.198 0.522,0.394 -0.182,0.338 -0.366,0.689 -0.551,1.056 -0.024,0.005 -0.058,0.01 -0.068,0.013 -0.35,0.094 -0.593,0.285 -0.886,0.487 -0.179,0.124 -0.544,0.496 -0.752,0.373 0.104,-0.729 0.234,-1.514 0.876,-1.966 z m -3.797,6.522 c 0.39,-0.119 0.931,-0.193 1.208,0.208 0.162,0.234 0.169,0.565 0.169,0.836 0,0.128 -0.091,0.478 -0.017,0.597 0.011,0.017 0.03,0.019 0.043,0.031 -0.062,0.241 -0.105,0.487 -0.173,0.741 -0.056,0.21 -0.25,0.574 -0.087,0.778 -0.113,0.379 -0.218,0.753 -0.315,1.123 -0.132,0.157 -0.281,0.308 -0.485,0.451 -0.51,0.358 -0.896,-0.1 -1.28,-0.387 -0.351,-0.262 -0.895,0.405 -1.069,0.662 -0.136,0.2 -0.201,0.466 -0.374,0.639 -0.186,0.186 -0.46,0.202 -0.707,0.217 -0.277,0.018 -0.498,0.02 -0.609,-0.273 -0.08,-0.212 -0.129,-0.51 -0.077,-0.727 0.1,-0.411 0.676,-0.889 -0.029,-0.991 -0.509,-0.074 -1.201,0.109 -1.695,0.439 -0.001,-0.041 -0.005,-0.071 -0.004,-0.12 0.008,-0.526 0.083,-0.784 0.009,-1.3 -0.641,-0.288 -1.296,-0.679 -2.01,-0.712 -0.077,0.32 -0.011,0.625 0.198,0.915 0.09,0.624 -0.135,1.057 -0.676,1.298 -0.616,0.574 -1.366,0.898 -2.249,0.973 -0.894,-0.143 -1.521,0.125 -1.881,0.804 0.626,0.695 0.983,1.513 1.069,2.454 -0.31,0.957 -0.916,1.329 -1.817,1.118 -1.073,0.164 -2.077,-0.087 -3.011,-0.753 -0.893,-0.249 -1.249,-0.699 -1.07,-1.351 0.105,-0.859 0.859,-0.448 1.376,-0.808 0.488,-0.34 0.46,-1.172 0.861,-1.622 0.089,-0.26 0.276,-0.407 0.563,-0.439 0.533,-0.024 1.041,-0.152 1.525,-0.384 0.506,-0.279 0.679,-0.479 0.893,-0.996 0.283,-0.682 0.349,-1.198 -0.015,-1.901 -0.186,-0.36 -0.587,-1.272 -0.98,-1.359 -1.045,1.171 -2.051,2.411 -3.452,3.155 -0.016,0.009 -0.033,0.018 -0.049,0.027 1.04,-0.982 1.935,-2.044 2.636,-3.203 0.522,-0.862 0.999,-1.853 1.435,-2.914 0.007,0.026 0.011,0.053 0.018,0.079 0.062,0.217 0.072,0.496 0.27,0.639 0.215,0.156 0.577,0.173 0.822,0.126 0.43,-0.084 0.482,-0.419 0.569,-0.795 0.054,-0.146 0.074,-0.295 0.059,-0.448 -0.034,-0.024 -0.061,-0.054 -0.081,-0.09 0.019,-0.149 0.199,-0.287 0.304,-0.366 0.193,-0.147 0.431,-0.256 0.66,-0.334 0.195,-0.066 0.373,-0.098 0.455,-0.319 0.123,-0.333 0.212,-1.313 0.672,-1.285 0.274,0.086 0.526,0.215 0.756,0.39 0.243,0.14 0.433,0.331 0.57,0.571 0.081,0.348 -0.296,0.569 -0.487,0.792 0.104,0.229 0.672,0.246 0.827,0.247 0.342,0.001 0.653,-0.037 0.957,-0.206 0.386,-0.215 0.617,-0.774 0.295,-1.15 0.44,-0.233 0.85,0.841 0.924,1.055 0.095,0.274 0.22,0.579 0.138,0.873 -0.069,0.249 -0.234,0.298 -0.344,0.498 -0.093,0.171 -0.096,0.46 -0.34,0.503 -0.156,0.028 -0.45,-0.114 -0.569,-0.137 -0.236,-0.045 -0.524,-0.099 -0.75,0.006 -0.445,0.208 -0.221,0.771 -0.455,1.138 -0.246,0.385 -0.983,0.085 -1.387,0.165 -0.668,0.132 -0.553,0.781 -0.104,1.109 0.281,0.205 0.76,0.207 1.066,0.07 0.156,-0.07 0.427,-0.187 0.461,-0.374 0.02,0.212 0.38,0.373 0.543,0.446 0.823,0.369 1.516,-0.019 2.222,-0.438 0.219,-0.13 0.474,-0.255 0.665,-0.428 0.062,-0.056 0.107,-0.122 0.179,-0.15 0.405,-0.158 0.587,0.172 0.594,0.523 0.012,0.551 -0.323,0.865 -0.833,0.991 -0.326,0.08 -0.923,0.037 -0.935,0.486 -0.01,0.384 0.413,0.884 0.712,1.078 0.467,0.302 0.561,-0.353 0.618,-0.7 0.061,-0.368 0.193,-0.518 0.497,-0.735 0.365,-0.261 0.712,-0.548 1.077,-0.809 0.207,-0.149 0.266,-0.081 0.502,-0.048 0.354,0.048 0.671,-0.098 0.999,-0.199 z m -6.32,-21.464 c 0.208,-0.31 0.537,-0.54 0.891,-0.715 0.028,0.016 0.056,0.035 0.083,0.051 0.279,0.169 0.496,0.283 0.441,0.658 -0.034,0.237 -0.221,0.468 -0.222,0.697 0.236,0.148 0.481,0.226 0.754,0.292 0.09,0.016 0.18,0.031 0.27,0.047 -0.555,0.149 -1.137,0.182 -1.602,0.06 -0.723,-0.189 -1.013,-0.495 -0.615,-1.09 z m -0.413,2.923 c 0.238,0.125 0.461,0.105 0.67,-0.057 0.589,-0.286 1.213,-0.431 1.872,-0.437 0.807,-0.019 0.828,0.085 1.271,0.294 -0.162,0.18 -0.356,0.337 -0.529,0.469 -0.56,0.427 -1.159,0.686 -1.38,1.404 -0.168,0.547 0.104,0.96 0.428,1.351 -0.518,0.824 -1.169,1.457 -2.421,1.708 -0.796,0.247 -1.521,0.151 -2.175,-0.289 -0.023,-0.059 -0.023,-0.12 -0.038,-0.179 0.353,-1.952 0.568,-3.491 0.661,-4.212 0.592,-0.13 1.271,-0.112 1.641,-0.052 z m -17.516,-32.665 c 0.272,-0.327 0.547,-0.552 0.967,-0.682 0.488,-0.152 1.199,-0.373 1.623,0.006 0.08,-0.148 0.012,-0.938 0.012,-0.944 -10e-4,-0.41 -0.033,-0.83 0.002,-1.238 0.12,-0.022 0.234,-0.07 0.348,-0.11 0.17,-0.06 0.663,-0.139 0.785,-0.274 0.113,-0.126 0.069,-0.241 0.079,-0.394 0.014,-0.198 0.075,-0.438 0.201,-0.597 0.178,-0.224 1.006,-0.72 1.26,-0.41 0.11,0.134 0.037,0.62 0.014,0.769 -0.046,0.303 -0.156,0.495 -0.337,0.736 -0.429,0.571 -0.778,1.159 -0.371,1.85 0.21,0.356 0.542,0.731 0.319,1.177 -0.415,0.83 -2,1.215 -1.813,2.301 0.097,0.565 0.552,0.694 0.954,0.904 -0.07,0.486 -0.203,0.698 -0.539,1.17 -0.169,0.238 -0.328,0.507 -0.489,0.784 -0.21,-0.29 -0.46,-0.515 -0.828,-0.651 0.149,-0.238 0.554,-0.443 0.611,-0.748 0.09,-0.475 -0.657,-0.524 -0.992,-0.544 0.086,-0.2 -0.252,-0.245 -0.372,-0.262 -0.416,-0.059 -0.341,0.042 -0.486,-0.299 -0.091,-0.214 -0.219,-0.327 -0.238,-0.571 -0.033,-0.422 0.281,-0.785 0.494,-1.119 -0.128,-0.145 -0.437,-0.104 -0.614,-0.121 -0.33,-0.032 -0.659,-0.057 -0.988,-0.1 0.001,-0.253 0.246,-0.452 0.398,-0.633 z m -13.921,-4.454 c 0.388,0.796 1.4,-0.157 1.558,-0.692 0.082,-0.276 0.06,-0.647 0.005,-0.928 -0.065,-0.329 -0.093,-0.326 0.294,-0.465 0.506,-0.183 1.021,-0.213 1.554,-0.2 0.217,0.005 0.36,0.007 0.568,-0.076 0.619,-0.246 1.602,-0.956 1.601,-1.708 0.255,-0.034 0.734,0.299 0.988,0.349 0.183,0.026 0.366,0.051 0.549,0.076 0.32,0.028 0.641,0.055 0.961,0.081 0.299,-0.049 0.264,-0.087 0.309,-0.427 0.044,-0.334 0.041,-0.619 0.259,-0.886 0.297,-0.365 0.853,-0.579 1.296,-0.718 0.222,-0.069 0.372,-0.083 0.606,-0.058 0.406,0.044 1.082,-0.006 1.41,0.271 -0.005,0.2 -0.31,0.425 -0.171,0.6 0.314,0.024 1.527,-0.173 1.552,0.3 -0.417,0.297 -0.9,0.566 -1.406,0.674 -0.396,0.084 -0.638,-0.03 -1.008,-0.078 -0.983,-0.127 -0.777,0.984 -0.875,1.595 -0.292,0.098 -0.601,0.115 -0.906,0.109 -0.147,-0.003 -0.367,-0.054 -0.512,0.002 -0.276,0.107 -0.329,0.411 -0.512,0.597 -0.164,0.167 -0.457,0.229 -0.675,0.297 -0.365,0.112 -0.829,0.11 -1.173,0.255 -0.252,0.106 -0.208,0.451 -0.212,0.687 -0.01,0.582 0.134,1.14 -0.441,1.493 -0.299,0.184 -0.594,0.186 -0.914,0.054 -0.176,-0.072 -0.233,-0.131 -0.43,-0.103 -0.512,0.073 -0.838,0.576 -1.338,0.727 -0.195,-0.212 -0.449,-0.36 -0.698,-0.348 -0.375,0.15 -0.759,0.273 -1.151,0.369 -0.398,0.108 -0.796,0.11 -1.193,0.008 -0.602,-0.173 -0.887,-0.562 -0.867,-1.187 0.015,-0.455 0.426,-0.73 0.432,-1.155 -0.073,-0.087 -0.106,-0.19 -0.119,-0.3 0.497,-0.401 0.517,0.495 0.659,0.785 z m -2.638,-0.918 c -0.141,0.094 -0.29,0.173 -0.445,0.231 0.02,-0.046 0.047,-0.09 0.094,-0.131 0.068,-0.057 0.204,-0.085 0.351,-0.1 z m -17.91,-11.293 c 0.171,0.158 0.362,0.192 0.573,0.103 0.557,-0.107 1.111,-0.088 1.663,0.055 0.767,0.188 0.658,0.279 1.141,0.648 0.254,0.163 0.522,0.296 0.806,0.4 0.116,0.072 0.187,0.172 0.215,0.301 0.358,0.156 0.731,0.257 1.121,0.302 0.329,0.174 0.65,0.197 0.966,0.069 -0.108,-0.451 -0.093,-1.131 -0.37,-1.52 -0.019,-0.027 -0.053,-0.06 -0.091,-0.094 0.082,-0.149 0.164,-0.292 0.259,-0.403 0.193,0.033 0.319,0.177 0.497,0.238 0.415,0.142 0.831,0.077 1.198,-0.168 0.172,-0.115 0.322,-0.456 0.57,-0.37 0.145,0.177 0.289,0.355 0.434,0.532 0.3,0.307 0.6,0.613 0.9,0.92 0.271,0.307 0.541,0.614 0.812,0.92 0.068,0.201 0.137,0.402 0.205,0.603 -0.07,0.331 -0.616,0.629 -0.863,0.796 -0.194,0.132 -0.311,0.168 -0.367,0.395 -0.052,0.212 0.061,0.458 -0.145,0.637 -0.196,0.169 -0.384,0.065 -0.638,-0.018 -0.552,-0.181 -1.09,-0.406 -1.601,-0.681 -0.395,-0.212 -0.635,-0.339 -1.067,-0.201 -0.217,0.039 -0.408,0.132 -0.573,0.279 -0.243,0.052 -0.334,0.185 -0.274,0.399 0,0.396 0.332,0.66 0.422,1.053 0.088,0.386 -0.054,0.598 -0.269,0.921 -0.332,0.5 -0.343,1.074 -0.266,1.64 -0.077,0.059 -0.148,0.122 -0.208,0.194 0.092,0.081 0.186,0.162 0.28,0.244 0.017,0.089 0.035,0.178 0.053,0.265 -0.635,0.369 -1.31,0.416 -1.991,0.644 -0.519,0.174 -0.669,0.567 -0.864,1.037 -0.149,-0.06 -0.303,-0.07 -0.462,-0.032 -0.15,0.177 -0.168,0.36 -0.053,0.549 0.036,0.194 0.138,0.352 0.271,0.492 -0.932,-0.25 0.097,-2.397 -0.976,-2.249 -0.827,0.115 0.215,1.133 0.272,1.442 -0.329,0.265 -0.761,0.344 -1.108,0.583 0.261,0.298 0.329,1.029 0.264,1.382 -0.108,0.585 -0.587,0.87 -1.143,0.968 -0.899,0.158 -0.914,-0.54 -1.258,-1.127 -0.43,-0.732 -1.767,-0.175 -2.077,-0.985 -0.13,-0.34 -0.01,-0.826 -0.098,-1.202 -0.117,-0.502 -0.394,-0.949 -0.477,-1.462 -0.482,0.041 -0.974,0.253 -1.456,0.403 -0.538,-0.533 -1.484,-1.23 -1.324,-1.983 0.369,-0.034 1.132,0.063 1.478,-0.108 0.31,-0.154 0.371,-0.455 0.508,-0.792 0.229,-0.563 0.685,-1.477 0.179,-2.009 -0.565,-0.593 -1.765,-0.513 -2.119,-1.359 -0.402,-0.962 1.019,-1.68 1.802,-1.547 0.467,0.08 1.194,0.528 1.503,0.902 0.317,0.384 -0.009,0.854 0.132,1.301 0.171,0.538 0.473,1.194 0.983,1.457 0.411,0.212 0.831,0.506 1.256,0.307 0.451,-0.21 0.885,-0.443 1.387,-0.338 0.443,0.093 0.634,0.364 0.92,0.689 0.219,0.249 0.533,0.75 0.775,0.303 0.199,-0.369 0.026,-0.826 0.492,-1.002 0.505,-0.19 1.106,0.073 1.607,-0.122 0.444,-0.173 0.652,-0.585 0.736,-1.061 0.028,-0.157 0.09,-0.477 -0.032,-0.619 -0.13,-0.152 -0.679,-0.278 -0.885,-0.387 -0.391,-0.207 -0.802,-0.581 -1.237,-0.664 -1.056,1.131 -1.756,2.181 -3.524,2.067 -0.721,0.028 -1.306,-0.215 -1.754,-0.731 -0.032,-0.285 0.031,-0.548 0.187,-0.79 0.244,-0.716 0.012,-1.418 0.149,-2.116 0.195,-1.009 1.944,-0.574 2.554,-0.3 z m -11.364,-5.482 c 0.198,0.016 0.368,0.09 0.562,0.141 0.36,0.094 0.677,0.087 1.039,0.005 0.262,-0.059 0.468,-0.111 0.522,-0.393 0.072,-0.379 0.032,-0.702 0.243,-1.054 0.224,-0.373 0.591,-0.587 0.941,-0.831 0.264,-0.184 0.443,-0.204 0.671,-0.196 0.055,-0.186 0.114,-0.343 0.308,-0.474 0.124,-0.084 0.277,-0.156 0.422,-0.189 0.222,-0.052 0.449,0.011 0.655,-0.107 0.137,-0.078 0.228,-0.221 0.36,-0.306 0.23,-0.147 0.479,-0.111 0.724,-0.186 0.161,-0.049 0.525,-0.213 0.643,-0.32 0.129,-0.117 0.125,-0.298 0.198,-0.476 0.177,-0.43 0.521,-1.028 0.854,-1.352 0.265,-0.258 0.601,-0.101 0.896,0.058 0.504,0.272 0.426,0.507 0.295,0.99 -0.133,0.487 -0.214,0.865 -0.553,1.262 -0.257,0.301 -0.644,0.783 -1.019,0.953 -0.3,0.136 -0.65,0.157 -0.975,0.179 -0.438,0.031 -1.442,-0.093 -1.741,0.339 -0.077,0.111 -0.086,0.346 -0.145,0.471 -0.103,0.222 -0.187,0.514 -0.334,0.709 -0.114,0.153 -0.225,0.2 -0.399,0.296 -0.309,0.171 -0.57,0.373 -0.847,0.59 -0.252,0.197 -0.462,0.341 -0.784,0.368 -0.271,0.022 -0.827,-0.167 -1.014,0.088 -0.334,0.456 0.003,1.646 -0.528,1.946 -0.252,0.143 -0.836,-0.071 -1.005,-0.274 -0.19,-0.229 0.015,-0.488 -0.073,-0.708 -0.099,-0.246 -0.717,-0.057 -0.863,-0.024 -0.54,0.122 -1.056,0.268 -1.618,0.225 -0.537,-0.041 -0.6,-0.288 -0.467,-0.766 0.075,-0.27 0.203,-0.645 0.504,-0.726 0.39,-0.105 0.882,0.233 1.277,0.288 0.296,-0.488 0.715,-0.569 1.251,-0.526 z m -4.94,-9.49 c 0.209,-0.168 0.495,-0.266 0.725,-0.404 0.473,-0.283 0.51,-0.623 0.312,-1.119 -0.072,-0.18 -0.244,-0.437 -0.222,-0.643 0.032,-0.292 0.336,-0.397 0.577,-0.46 0.203,-0.053 0.542,-0.105 0.814,-0.059 0.069,-0.057 0.163,-0.11 0.289,-0.149 0.163,-0.05 0.484,-0.071 0.581,0.127 0.069,0.142 -0.061,0.242 -0.121,0.365 -0.104,0.211 0.081,0.246 0.255,0.366 0.11,0.076 0.649,0.38 0.451,0.585 -0.124,0.129 -0.241,0.005 -0.299,0.212 -0.072,0.256 0.203,0.457 0.056,0.706 -0.183,0.31 -0.602,0.078 -0.855,0.01 -0.238,-0.063 -0.53,-0.172 -0.654,0.089 -0.126,0.265 -0.101,0.54 -0.282,0.797 -0.168,0.238 -0.457,0.492 -0.769,0.467 -0.18,-0.014 -0.317,-0.111 -0.465,-0.214 -0.132,-0.092 -0.502,-0.336 -0.501,-0.527 -10e-4,-0.1 0.035,-0.09 0.108,-0.149 z m -8.137,17.177 c 0.317,-0.058 0.635,-0.115 0.952,-0.172 0.397,0.026 0.658,-0.137 0.783,-0.49 -0.01,-0.152 0.037,-0.27 0.139,-0.355 0.059,-0.071 0.138,-0.11 0.237,-0.115 0.13,-0.145 0.173,-0.308 0.128,-0.491 -0.008,-0.16 -0.089,-0.8 -0.376,-0.563 0.048,-0.128 0.113,-0.248 0.194,-0.36 0.108,-0.167 0.086,-0.297 -0.064,-0.392 -0.348,-0.584 -1.24,-0.191 -0.475,0.192 -0.622,-0.067 -1.355,-0.797 -1.526,-1.352 -0.242,-0.455 -0.192,-0.789 0.151,-1.003 0.154,-0.226 0.368,-0.273 0.641,-0.14 0.444,0.162 0.77,0.507 1.067,-0.182 0.049,-0.228 0.099,-0.457 0.148,-0.685 -0.186,-0.265 -0.206,-0.522 -0.061,-0.771 0.32,-0.087 0.575,-0.012 0.767,0.223 0.306,0.163 0.39,0.435 0.253,0.817 -0.008,0.321 -0.199,1.342 0.534,1.208 0.522,-0.095 1.281,-0.778 1.342,-1.296 0,-0.127 0.001,-0.254 0.001,-0.38 0.143,-0.22 0.342,-0.255 0.599,-0.104 0.061,0.159 0.122,0.319 0.183,0.478 -0.04,0.27 -0.081,0.54 -0.121,0.81 0.012,0.205 0.024,0.409 0.036,0.614 0.127,0.157 0.268,0.297 0.425,0.423 0.721,0.624 1.327,-0.448 1.768,-0.916 0.214,0.271 0.313,0.589 0.298,0.952 0.016,0.507 0.231,0.844 0.646,1.01 0.299,0.281 0.641,0.289 1.028,0.025 0.245,-0.317 0.515,-0.392 0.808,-0.224 0.067,0.423 0.075,0.845 0.023,1.269 0.062,0.38 -0.053,0.699 -0.343,0.956 -0.433,-0.1 -0.828,-0.28 -1.183,-0.539 -0.276,-0.136 -0.517,-0.317 -0.724,-0.544 -0.422,-0.243 -1.237,-0.088 -1.646,0.009 -0.187,0.051 -0.374,0.101 -0.561,0.152 -0.319,0.03 -0.626,0.108 -0.921,0.233 -0.151,0.131 -0.302,0.262 -0.454,0.393 -0.321,0.242 -0.409,0.536 -0.265,0.882 0.407,0.183 0.822,0.22 1.244,0.111 0.33,-0.018 0.652,-0.079 0.965,-0.184 0.354,0.375 0.575,0.889 0.982,1.205 0.204,0.197 0.461,0.271 0.773,0.223 0.55,-0.019 1.062,0.107 1.535,0.378 0.111,0.329 0.106,0.652 -0.016,0.968 -0.139,0.232 -0.123,0.448 0.048,0.647 0.608,-0.303 1.184,-0.66 1.725,-1.073 0.386,-0.458 0.791,-0.54 1.215,-0.246 0.128,0.587 -0.03,1.098 -0.474,1.531 -0.405,0.321 -0.855,0.525 -1.353,0.614 -0.35,0.049 -0.667,0.181 -0.951,0.396 -0.035,0.192 -0.108,0.367 -0.218,0.526 -0.177,-0.007 -0.354,-0.013 -0.531,-0.02 -0.494,-0.049 -0.838,-0.281 -1.032,-0.695 -0.177,-0.199 -0.303,-0.426 -0.379,-0.68 -0.018,-0.244 -0.141,-0.394 -0.368,-0.449 -0.422,-0.223 -0.863,-0.116 -1.204,-0.495 -0.083,-0.13 -0.165,-0.26 -0.248,-0.389 -0.272,-0.126 -0.528,-0.114 -0.768,0.035 -0.414,0.165 -0.649,0.187 -1.005,-0.089 -0.325,-0.24 -0.63,-0.506 -0.913,-0.796 -0.229,-0.059 -0.459,-0.119 -0.688,-0.179 -0.235,0.148 -0.47,0.296 -0.705,0.444 -0.206,0.186 -0.412,0.373 -0.618,0.559 -0.451,0.222 -0.901,0.235 -1.346,0.041 -0.517,-0.036 -0.924,-0.283 -1.218,-0.74 0.039,-0.678 0.412,-1.083 1.117,-1.215 z m -13.993,-3.227 c 0.045,-0.366 0.318,-0.587 0.651,-0.735 0.48,-0.214 0.631,-0.098 0.846,0.285 0.072,0.129 0.25,0.269 0.423,0.215 0.219,-0.069 0.103,-0.24 0.241,-0.392 0.171,-0.188 0.632,-0.109 0.86,-0.188 0.799,-0.276 0.219,-0.848 0.528,-1.421 0.301,-0.008 0.596,-0.02 0.893,0.039 0.203,0.041 0.839,0.091 0.934,0.3 0.056,0.123 0.035,0.131 -0.049,0.235 -0.202,0.251 -0.409,0.393 -0.454,0.741 -0.043,0.33 0.122,1.008 0.528,1.033 0.159,0.01 0.339,-0.116 0.496,-0.149 0.301,-0.064 0.609,-0.086 0.911,-0.152 0.331,-0.073 0.665,-0.145 1,-0.035 0.259,0.085 0.07,0.015 0.191,0.154 0.306,0.35 0.873,0.85 1.384,0.877 0.686,0.037 0.85,-0.67 1.15,-1.105 0.441,-0.64 1.285,-0.057 1.785,0.215 -0.308,-0.609 0.566,-0.622 0.348,-0.211 -0.183,0.344 -0.776,0.389 -1.08,0.554 -0.124,0.068 -0.2,0.139 -0.237,0.282 -0.058,0.227 0.061,0.242 0.107,0.412 0.08,0.29 -0.112,0.714 -0.388,0.849 -0.143,0.07 -0.261,0.008 -0.394,0.034 -0.166,0.033 -0.312,0.144 -0.47,0.215 -0.423,0.189 -0.816,0.355 -1.174,0.011 -0.44,-0.422 -0.94,-0.513 -1.547,-0.505 -0.336,0.004 -0.469,0.1 -0.622,0.406 -0.049,0.099 -0.124,0.504 -0.301,0.521 -0.343,-0.258 -0.578,-0.596 -1.037,-0.653 -0.393,-0.049 -0.718,0.118 -1.06,0.282 -0.225,0.107 -0.394,0.192 -0.6,0.349 -0.281,0.254 -0.598,0.453 -0.951,0.596 -0.266,0.136 -0.527,0.143 -0.783,0.021 -0.358,-0.44 0.801,-1.599 0.113,-1.863 -0.236,-0.091 -0.55,0.017 -0.796,-0.001 -0.328,-0.023 -0.756,-0.051 -1.057,-0.178 -0.454,-0.19 -0.443,-0.602 -0.389,-1.038 z m -11.279,-9.009 c 0.182,-0.049 0.368,-0.083 0.556,-0.103 0.184,-0.02 0.275,0.07 0.273,0.27 0.189,0.512 0.283,1.084 0.572,1.543 0.275,0.437 -0.028,0.985 0.105,1.475 0.208,0.764 0.732,0.071 1.223,0.15 0.521,0.084 0.652,0.662 0.84,1.092 -0.244,0.087 -0.465,0.153 -0.578,0.2 -0.465,0.195 -1.067,0.616 -1.591,0.343 -0.212,-0.111 -0.283,-0.26 -0.292,-0.429 0.073,-0.004 0.144,0.006 0.222,-0.02 0.035,-0.26 0.005,-0.506 -0.077,-0.739 0.121,-0.511 0.242,-1.142 -0.108,-1.598 -0.253,-0.329 -0.337,-0.263 -0.608,-0.063 -0.034,-0.024 -0.068,-0.049 -0.101,-0.073 -0.398,-0.285 -0.613,-0.673 -0.645,-1.165 -0.067,-0.336 0.003,-0.63 0.209,-0.883 z m -15.667,1.206 c 0.265,-0.488 0.345,-1.072 0.338,-1.616 0.374,0.092 0.898,0.599 1.331,0.396 0.08,-0.377 -0.037,-0.889 0.146,-1.22 0.213,0.015 0.426,0.008 0.638,-0.02 0.276,-0.16 0.434,-0.404 0.475,-0.73 0.103,-0.307 0.122,-0.617 0.055,-0.93 -0.106,-0.183 -0.205,-0.369 -0.296,-0.56 -0.209,-0.615 0.803,-0.79 1.221,-0.828 0.342,-0.1 0.612,-0.015 0.811,0.256 0.012,0.191 0.1,0.306 0.264,0.344 0.468,-0.719 0.564,-1.555 0.706,-2.386 0.104,-0.609 0.074,-1.409 0.518,-1.885 0.167,-0.188 0.347,-0.364 0.538,-0.528 0.295,-0.121 0.494,-0.004 0.599,0.351 0.413,0.584 0.552,1.186 0.687,1.869 0.111,0.038 0.221,0.034 0.329,-0.011 0.165,-0.057 0.332,-0.051 0.501,0.017 0.05,0.137 0.1,0.273 0.15,0.41 -0.008,0.424 -0.201,0.661 -0.579,0.712 -0.486,0.19 -0.937,0.079 -1.453,0.096 -0.044,0.692 0.22,1.314 0.042,1.999 -0.227,0.053 -0.453,0.052 -0.677,-0.003 -0.275,-0.086 -0.534,-0.038 -0.779,0.145 -0.279,0.322 -0.176,0.83 -0.42,1.139 -0.211,0.267 -0.594,0.342 -0.909,0.47 -0.495,0.2 -1.584,0.621 -1.6,1.335 -0.015,0.691 0.909,0.967 1.436,0.927 0.344,-0.026 0.631,-0.21 0.569,0.265 -0.074,0.564 -0.221,1.111 -0.339,1.666 -0.031,-0.137 -0.064,-0.276 -0.095,-0.396 -0.124,-0.467 -0.364,-0.354 -0.644,-0.693 -0.249,-0.301 0,-0.696 -0.314,-0.882 -0.355,-0.21 -1.481,-0.262 -1.66,0.189 0.174,0.26 0.443,0.382 0.45,0.709 0.004,0.199 -0.145,0.502 -0.202,0.702 -0.115,0.402 -0.163,0.535 0.002,0.916 0.155,0.359 0.466,0.545 0.394,0.999 -0.146,0.917 -0.868,0.69 -1.552,0.51 -0.412,-0.109 -0.711,-0.12 -0.832,-0.552 -0.085,-0.301 0.041,-0.696 0.081,-0.997 -0.189,-0.154 -0.421,-0.227 -0.64,-0.326 -0.119,-0.054 -0.224,-0.174 -0.296,-0.214 -0.083,-0.045 -0.18,-0.064 -0.271,-0.093 0.288,-0.333 0.431,-0.665 0.524,-1.146 0.301,0.205 0.642,-0.202 0.753,-0.406 z m -5.167,3.361 c 0.002,0.002 0.004,0.003 0.006,0.005 -0.002,0.003 -0.005,0.004 -0.006,0.006 0,-0.003 -10e-4,-0.007 0,-0.011 z m -4.236,0.843 c 0.496,0.135 0.922,0.246 1.284,0.625 0.427,-0.163 0.23,-0.935 0.632,-1.129 0.408,-0.197 0.882,0.599 1.06,0.785 0,0 0,0 0,0 -0.052,0.12 -0.094,0.248 -0.12,0.388 -0.036,0.63 0.574,1.337 1.223,1.283 0.566,-0.048 1.057,-0.34 1.655,-0.376 0.732,-0.045 1.785,0.039 2.166,0.796 0.738,-0.253 2.212,0.198 2.788,0.643 -0.441,0.144 -1.102,0.356 -1.103,0.934 -0.001,0.489 0.434,0.768 0.816,0.865 0.719,0.185 1.225,-0.195 1.386,-0.872 0.794,0.096 2.165,0.685 2.189,1.653 0.014,0.537 -0.302,0.888 -0.778,0.973 -0.633,0.113 -1.354,0.104 -1.949,0.384 -0.747,0.352 -0.705,1.128 -0.573,1.811 0.281,-0.169 0.581,-0.293 0.902,-0.374 0.287,-0.026 0.573,-0.052 0.86,-0.078 0.804,0.37 0.222,1.281 -0.061,1.835 -0.067,0.131 -0.129,0.255 -0.194,0.371 -0.158,-0.044 -0.314,-0.093 -0.466,-0.156 -0.203,-0.146 -0.406,-0.292 -0.609,-0.437 -0.378,-0.349 -0.738,-0.717 -1.078,-1.103 -0.341,-0.52 -0.026,-0.732 0.297,-1.192 0.319,-0.272 0.428,-0.601 0.328,-0.989 -0.131,-0.099 -0.261,-0.198 -0.392,-0.297 -0.375,-0.207 -0.765,-0.045 -1.149,0.014 -0.508,0.078 -0.907,-0.081 -1.208,-0.496 0.423,-0.739 1.214,-1.089 1.682,-1.771 -0.193,-0.364 -0.488,-0.626 -0.885,-0.786 -0.498,-0.381 -1.055,-0.607 -1.673,-0.679 -0.52,0.403 -0.842,0.935 -0.968,1.596 -0.154,0.588 -0.516,0.96 -1.084,1.114 -0.442,0.082 -0.865,0.031 -1.27,-0.154 -0.133,-0.164 -0.28,-0.174 -0.439,-0.032 -0.484,0.294 -0.994,0.531 -1.53,0.713 -0.402,0.204 -0.795,0.215 -1.179,0.033 -0.047,-0.197 -0.062,-0.395 -0.044,-0.595 0.018,-0.063 0.01,-0.119 0.004,-0.175 0.01,-0.024 0.023,-0.043 0.031,-0.072 0.051,-0.223 0.042,-0.441 -0.027,-0.653 0.142,-0.029 0.279,-0.071 0.413,-0.128 0.285,-0.074 0.428,-0.251 0.43,-0.53 -0.387,-0.358 -0.821,-0.587 -1.262,-0.876 -0.089,-0.058 -0.162,-0.112 -0.224,-0.167 0.064,-0.151 0.127,-0.302 0.177,-0.459 0.08,-0.255 0.201,-0.511 -0.051,-0.684 -0.103,-0.071 -0.245,-0.091 -0.389,-0.093 -10e-4,-0.162 -0.008,-0.324 -0.039,-0.485 -0.077,-0.405 -0.293,-0.576 -0.499,-0.885 0.142,-0.393 0.641,-0.169 0.92,-0.093 z m -8.108,-2.471 c -0.047,0.072 -0.081,0.165 -0.121,0.251 -0.14,-0.272 -0.124,-0.527 -0.019,-0.805 0.136,0.068 0.273,0.131 0.395,0.196 0.013,0.168 -0.172,0.233 -0.255,0.358 z m -3.768,2.094 c 0.068,-0.024 0.195,-0.019 0.253,-0.057 0.134,-0.089 0.049,-0.072 0.067,-0.172 0.041,-0.221 0.062,-0.642 0.328,-0.738 0.192,-0.069 0.58,0.131 0.777,0.182 0.266,0.069 0.656,0.104 0.865,0.305 0.178,0.172 0.091,0.319 0.066,0.521 -0.017,0.14 -0.037,0.125 0.129,0.224 0.463,0.278 1.092,0.221 1.481,0.654 0.454,0.505 -0.702,0.806 -0.931,1.08 0.011,0.035 0.033,0.069 0.056,0.102 -0.042,-0.027 -0.09,-0.052 -0.127,-0.081 -0.49,-0.386 -0.239,-0.816 -0.082,-1.287 -0.304,-0.291 -0.674,-0.373 -1.11,-0.248 -0.307,-0.024 -0.545,0.073 -0.714,0.29 -0.204,-0.205 -0.848,0.054 -1.05,0.156 -0.082,-0.362 -0.385,-0.498 -0.429,-0.592 -0.085,-0.176 0.284,-0.29 0.421,-0.339 z m -7.44,-2.994 c 0.196,-0.159 0.051,-0.355 0.168,-0.552 0.317,-0.536 1.095,0.149 1.466,-0.152 0.187,-0.152 0.131,-0.254 0.395,-0.266 0.449,-0.02 0.876,-0.043 1.116,0.392 -0.1,0.211 -0.501,0.321 -0.669,0.436 -0.15,0.103 -0.265,0.213 -0.339,0.381 -0.138,0.316 -0.27,0.663 -0.138,0.99 0.123,0.303 1.032,1.09 0.34,1.259 -0.251,0.061 -0.535,0.078 -0.793,0.036 -0.307,-0.05 -0.463,-0.186 -0.693,-0.385 -0.01,0.036 0.113,-0.183 0.097,-0.329 -0.158,0.095 -0.272,0.216 -0.45,0.289 -0.184,0.076 -0.381,0.118 -0.569,0.184 -0.021,-0.14 0.023,-0.268 0.001,-0.415 -0.025,-0.168 -0.105,-0.33 -0.171,-0.485 -0.119,-0.28 -0.234,-0.603 -0.31,-0.897 -0.092,-0.357 0.33,-0.308 0.549,-0.486 z m -11.065,8.303 c 0.262,-0.203 0.499,-0.233 0.82,-0.172 0.508,0.096 1.259,0.271 1.496,0.792 0.165,0.363 0.13,0.674 0.012,0.964 -0.325,-0.079 -0.651,-0.157 -0.976,-0.236 -0.24,-0.023 -0.411,0.03 -0.527,0.142 -0.12,-0.108 -0.218,-0.232 -0.271,-0.391 -0.015,-0.1 -0.071,-0.155 -0.169,-0.168 -0.142,-0.078 -0.36,-0.133 -0.559,-0.173 0.044,-0.067 0.074,-0.143 0.067,-0.227 -0.025,-0.115 -0.056,-0.227 -0.095,-0.338 0.04,-0.093 0.107,-0.157 0.202,-0.193 z m -1.001,0.736 c -0.04,0.003 -0.091,-10e-4 -0.137,-10e-4 0.012,-0.012 0.028,-0.021 0.034,-0.038 -0.021,-0.04 0.031,-0.008 0.103,0.039 z m -4.713,3.153 c -0.15,0.103 -0.265,0.213 -0.339,0.381 -0.084,0.192 -0.158,0.395 -0.179,0.599 -0.226,0.142 -0.463,0.204 -0.714,0.136 -0.197,-0.233 -0.417,-0.441 -0.663,-0.623 -0.033,-0.024 -0.057,-0.055 -0.088,-0.081 0.057,-0.174 0.123,-0.34 0.219,-0.483 0.109,-0.163 0.236,-0.308 0.363,-0.455 0.213,0.05 0.416,0.08 0.558,-0.036 0.187,-0.152 0.131,-0.254 0.395,-0.266 0.449,-0.02 0.876,-0.043 1.116,0.392 -0.099,0.211 -0.5,0.321 -0.668,0.436 z m -27.019,-23.54 c 0.16,-0.119 0.125,-0.399 0.168,-0.576 0.063,-0.26 0.193,-0.644 0.507,-0.678 0.24,-0.025 0.477,0.108 0.727,0.071 0.86,-0.128 0.449,-0.996 0.677,-1.584 0.303,-0.007 0.473,0.175 0.686,0.369 0.329,0.301 0.684,0.571 1.015,0.869 0.259,0.234 0.394,0.441 0.16,0.742 -0.251,0.322 -0.829,0.517 -1.169,0.741 0.014,0.153 0.059,0.298 0.136,0.434 0.02,0.151 0.04,0.302 0.06,0.453 0.021,0.307 -0.038,0.748 -0.158,1.045 -0.695,0.075 -1.464,0.017 -2.03,0.49 -0.311,0.26 -0.298,0.491 -0.059,0.792 0.174,0.218 0.571,0.517 0.803,0.628 0.616,0.294 1.346,0.41 2.015,0.491 0.468,0.056 0.887,0.122 1.281,0.409 0.369,0.268 0.588,0.722 1.062,0.828 0.038,0.008 0.08,0.01 0.119,0.016 -0.296,0.325 -0.554,0.705 -0.823,0.996 0.48,-0.076 0.98,-0.092 1.45,0.046 0.131,0.035 0.26,0.078 0.386,0.129 0.241,-0.012 0.475,-0.055 0.704,-0.131 0.807,-0.206 1.926,-0.574 2.378,0.414 0.072,0.251 0.144,0.503 0.216,0.754 -0.019,0.229 -0.015,0.458 0.012,0.685 0.325,-0.166 0.638,-0.352 0.981,-0.474 0.007,-0.003 0.015,-0.003 0.023,-0.005 0.006,0.011 0.004,0.027 0.01,0.037 0.048,0.072 0.281,0.222 0.307,0.248 0.126,0.122 0.226,0.243 0.31,0.396 0.311,0.567 0.035,0.977 -0.435,1.312 -0.292,0.208 -0.716,0.465 -0.921,0.806 -0.014,0.002 -0.028,0.006 -0.042,0.008 -0.161,0.009 -0.322,0.018 -0.483,0.027 -0.528,-0.213 -0.348,-1.089 -0.205,-1.499 -0.377,0.139 -0.717,0.136 -1.116,0.102 0.022,-0.248 0.134,-0.456 0.338,-0.624 -0.007,-0.15 -0.014,-0.299 -0.02,-0.449 -0.118,-0.397 -0.879,-0.494 -1.197,-0.447 -0.579,0.086 -0.784,0.491 -0.94,1 -0.165,0.541 -0.059,0.976 -0.509,1.358 -0.316,-0.188 -0.585,-0.377 -0.94,-0.487 -0.241,-0.075 -0.558,-0.091 -0.815,-0.181 -0.112,-0.193 -0.265,-0.365 -0.331,-0.621 -0.05,-0.196 -0.076,-0.404 -0.063,-0.607 0.015,-0.227 0.126,-0.428 -0.026,-0.65 -0.209,-0.304 -0.693,-0.143 -0.831,0.136 -0.075,0.15 -0.076,0.322 -0.056,0.498 -0.15,-0.028 -0.305,-0.043 -0.453,-0.072 -0.378,-0.073 -0.469,-0.263 -0.606,-0.588 -0.153,-0.36 -0.252,-0.573 -0.64,-0.665 -0.382,-0.091 -0.542,0.072 -0.786,0.337 -0.264,0.153 -0.376,0.359 -0.336,0.619 -0.046,0.203 0.038,0.351 0.252,0.446 0.309,0.317 0.634,0.617 0.977,0.898 0.156,0.182 0.311,0.365 0.466,0.547 0.176,0.424 -0.25,0.625 -0.459,0.917 -0.066,0.092 -0.121,0.202 -0.178,0.31 -0.054,-0.007 -0.109,-0.015 -0.163,-0.022 -0.428,-0.019 -0.857,-0.038 -1.286,-0.056 -0.407,-0.039 -0.814,-0.078 -1.222,-0.117 -0.187,-0.1 -0.375,-0.2 -0.562,-0.3 -0.175,-0.29 0.02,-0.88 0.086,-1.172 0.051,-0.228 0.113,-0.335 -0.002,-0.539 -0.107,-0.191 -0.358,-0.293 -0.329,-0.564 0.027,-0.257 0.236,-0.31 0.478,-0.423 0.526,-0.246 1.073,-0.449 1.634,-0.598 0.433,-0.115 0.695,-0.187 0.916,-0.583 0.132,-0.177 0.208,-0.375 0.228,-0.595 0.141,-0.204 0.117,-0.363 -0.073,-0.478 -0.27,-0.289 -0.693,-0.255 -1.027,-0.48 -0.328,-0.222 -0.37,-0.473 -0.434,-0.857 -0.141,-0.84 -0.854,-1.349 -1.5,-1.805 0.211,-0.703 0.672,-1.199 1.013,-1.831 0.186,-0.345 0.153,-0.644 0.056,-0.961 0.034,0.059 0.063,0.119 0.116,0.175 0.137,0.145 0.301,0.268 0.472,0.14 z m -0.722,-0.702 c 0.008,-0.003 0.014,-0.009 0.022,-0.013 0,0.035 0.007,0.069 0.011,0.104 -0.012,-0.03 -0.021,-0.059 -0.033,-0.091 z m -1.325,-4.469 c 0.239,0.029 0.761,0.254 0.876,0.522 0.108,0.252 -0.063,0.576 -0.095,0.828 -0.093,0.716 0.944,0.89 1.097,1.531 0.081,0.34 -0.207,0.664 -0.362,0.966 -0.05,-0.041 -0.095,-0.086 -0.169,-0.106 -0.233,-0.171 -0.5,-0.23 -0.803,-0.176 -0.454,0.012 -1.199,0.364 -1.362,-0.314 -0.105,-0.436 0.061,-0.9 -0.004,-1.339 -0.062,-0.418 -0.337,-0.797 -0.57,-1.145 -0.089,-0.133 -0.184,-0.236 -0.208,-0.393 -0.002,-0.013 0.002,-0.032 0.001,-0.046 0.186,-0.008 0.327,-0.064 0.509,-0.149 0.343,-0.161 0.713,-0.225 1.09,-0.179 z m -5.348,20.77 c 0.21,-0.059 0.417,-0.059 0.623,-0.036 -0.002,0.055 -0.004,0.11 0.011,0.172 0.047,0.2 0.325,0.206 0.492,0.319 0.292,0.199 0.431,0.454 0.576,0.743 -0.138,0.014 -0.277,0.025 -0.419,0.024 -0.348,-0.002 -0.699,-0.07 -1.05,-0.136 -0.075,-0.08 -0.155,-0.154 -0.209,-0.261 -0.132,-0.278 -0.139,-0.553 -0.024,-0.825 z m -10.041,0.485 c 0.149,-0.059 0.353,-0.137 0.555,-0.236 -0.011,0.403 0.063,0.79 0.299,1.041 -0.129,0.157 -0.511,0.244 -0.777,0.341 -0.04,-0.173 -0.071,-0.348 -0.144,-0.511 -0.114,-0.197 -0.269,-0.337 -0.448,-0.443 0.228,-0.079 0.426,-0.156 0.515,-0.192 z m -1.277,2.115 c -0.013,0.01 -0.025,0.02 -0.038,0.03 -0.184,0.24 -0.134,0.244 0.066,0.522 0.192,0.268 0.383,0.472 0.413,0.803 -0.035,0.036 -0.069,0.069 -0.107,0.11 -0.264,0.153 -0.376,0.359 -0.336,0.619 -0.037,0.163 0.033,0.281 0.165,0.375 -0.056,0.115 -0.115,0.225 -0.173,0.327 -0.114,0.202 -0.215,0.315 -0.403,0.457 -0.214,0.162 -0.487,0.423 -0.77,0.596 -0.172,-0.014 -0.346,-0.015 -0.521,-0.005 -0.04,-0.164 -0.053,-0.355 -0.209,-0.379 -0.099,0.079 -0.28,0.284 -0.483,0.479 -0.143,0.034 -0.285,0.071 -0.417,0.12 -0.073,0.027 -0.258,0.118 -0.407,0.139 0.103,-0.47 0.261,-0.953 0.536,-1.348 0.231,-0.332 0.487,-0.414 0.789,-0.632 0.804,-0.579 -0.106,-1.249 -0.452,-1.763 0.026,-0.049 0.065,-0.089 0.095,-0.136 0.299,0.013 0.55,0.101 0.914,0.196 0.406,0.105 0.619,0.029 0.932,-0.229 0.124,-0.102 0.257,-0.224 0.406,-0.281 z m -1.466,-5.09 c 0.093,-0.339 0.307,-0.542 0.631,-0.665 0.042,-0.016 0.078,-0.028 0.112,-0.039 -0.024,0.081 -0.046,0.159 -0.062,0.228 -0.1,0.439 -0.07,0.907 -0.428,1.222 -0.024,0.021 -0.054,0.044 -0.087,0.068 -0.166,-0.221 -0.26,-0.469 -0.166,-0.814 z m -16.551,-1.439 c 0.039,-0.123 0.151,-0.342 0.238,-0.562 0.034,0.033 0.069,0.066 0.114,0.095 0.507,-0.146 0.928,-0.397 1.404,-0.625 0.39,-0.186 0.598,-0.206 0.984,0.024 0.297,0.177 0.576,0.384 0.904,0.506 0.386,0.144 0.644,0.048 1.015,0.033 0.262,0.325 -0.189,0.635 -0.398,0.835 -0.341,0.324 -0.642,0.601 -1.081,0.733 -0.025,-0.014 -0.044,-0.032 -0.072,-0.044 -0.098,-0.041 -0.146,-0.02 -0.243,-0.099 -0.11,-0.09 -0.158,-0.237 -0.285,-0.308 -0.362,-0.205 -0.806,0.231 -1.081,0.41 -0.096,0.062 -0.345,0.165 -0.401,0.269 -0.088,0.163 0.009,0.451 0.048,0.62 0.131,0.563 0.401,0.838 0.872,1.024 -0.244,0.225 -0.109,0.564 0.226,0.95 0.221,0.305 0.506,0.538 0.855,0.699 0.182,0.108 0.369,0.138 0.563,0.09 0.078,0.1 0.071,0.255 0.035,0.415 -0.449,0.095 -0.893,0.372 -1.394,0.095 -0.402,-0.223 -0.42,-0.481 -0.433,-0.894 -0.01,-0.328 -0.042,-0.651 -0.351,-0.813 -0.399,-0.209 -0.684,-0.354 -1.009,-0.692 -0.397,-0.413 -0.563,-0.847 -0.619,-1.413 -0.047,-0.462 -0.031,-0.908 0.109,-1.348 z m -15.919,50.554 c 0.184,10e-4 0.274,0.127 0.424,0.167 0.189,0.051 0.396,0.012 0.597,0.021 0.535,0.022 1.026,0.054 1.219,0.593 0.237,0.663 0.706,1.015 1.339,1.32 0.349,0.168 0.536,0.138 0.852,-0.099 0.102,-0.077 0.388,-0.457 0.579,-0.384 0.221,0.443 0.29,0.914 0.735,1.209 0.315,0.209 0.658,0.241 1.013,0.25 0.376,0.48 0.761,0.955 1.15,1.404 0.601,0.694 1.547,1.593 2.69,2.564 -0.032,0.082 -0.063,0.163 -0.095,0.245 0.024,0.055 0.048,0.111 0.072,0.166 -0.023,0.037 -0.043,0.075 -0.068,0.112 -0.235,0.355 -0.631,0.443 -1.051,0.424 -0.607,-0.027 -0.702,-0.224 -0.727,-0.731 -0.008,-0.17 -0.12,-0.407 -0.326,-0.44 -0.262,-0.042 -0.23,0.195 -0.451,0.281 -0.273,0.106 -0.709,-0.213 -0.985,-0.249 -0.969,-0.127 -0.663,0.764 -1.278,1.196 -0.315,-0.147 -0.626,-0.286 -0.902,-0.501 -0.189,-0.147 -0.82,-0.526 -0.811,-0.791 0.005,-0.156 0.032,-0.154 0.172,-0.218 0.339,-0.155 0.625,-0.195 0.851,-0.532 0.214,-0.319 0.393,-1.104 -0.013,-1.339 -0.159,-0.092 -0.41,-0.055 -0.59,-0.102 -0.344,-0.089 -0.674,-0.225 -1.02,-0.312 -0.38,-0.096 -0.762,-0.193 -1.052,-0.479 -0.224,-0.221 -0.064,-0.052 -0.118,-0.257 -0.136,-0.52 -0.464,-1.328 -0.978,-1.62 -0.69,-0.392 -1.224,0.255 -1.758,0.549 -0.786,0.434 -1.357,-0.604 -1.735,-1.142 0.005,0.789 -0.906,0.351 -0.468,0.039 0.366,-0.261 1.002,-0.002 1.402,-0.016 0.163,-0.006 0.278,-0.04 0.39,-0.17 0.177,-0.205 0.062,-0.281 0.102,-0.481 0.067,-0.34 0.484,-0.679 0.839,-0.677 z m -2.8,-5.7 c 0.581,0.004 1.052,0.221 1.413,0.651 0.516,0.304 0.809,0.768 0.878,1.393 -0.391,0.679 -0.985,0.905 -1.782,0.678 -0.358,-0.104 -0.715,-0.208 -1.073,-0.313 -0.397,-0.231 -0.751,-0.197 -1.061,0.104 -0.068,0.162 -0.177,0.26 -0.327,0.295 -0.097,0.043 -0.199,0.042 -0.305,-0.004 -0.209,0.083 -0.337,0.229 -0.385,0.441 -0.075,0.17 -0.32,0.873 0.099,0.776 -0.116,0.108 -0.245,0.199 -0.386,0.273 -0.197,0.117 -0.242,0.262 -0.136,0.438 0.059,0.783 1.183,0.837 0.59,0.046 0.608,0.39 0.99,1.523 0.881,2.184 0.016,0.595 -0.209,0.914 -0.674,0.959 -0.276,0.155 -0.52,0.092 -0.734,-0.186 -0.375,-0.397 -0.535,-0.921 -1.197,-0.361 -0.169,0.211 -0.337,0.421 -0.506,0.632 0.056,0.369 -0.056,0.645 -0.335,0.828 -0.375,-0.075 -0.601,-0.284 -0.677,-0.625 -0.232,-0.326 -0.179,-0.65 0.16,-0.975 0.174,-0.327 0.897,-1.284 0.07,-1.524 -0.589,-0.171 -1.725,0.144 -2.055,0.648 -0.066,0.131 -0.132,0.261 -0.197,0.392 -0.261,0.154 -0.485,0.087 -0.673,-0.201 0.019,-0.196 0.038,-0.392 0.057,-0.588 0.181,-0.258 0.362,-0.517 0.543,-0.775 0.093,-0.218 0.186,-0.435 0.279,-0.653 -0.05,-0.227 -0.124,-0.446 -0.221,-0.656 -0.424,-1.016 -1.602,-0.221 -2.299,0.036 -0.081,-0.39 -0.02,-0.77 0.183,-1.138 0.245,-0.532 0.196,-0.991 -0.147,-1.377 -0.131,-0.355 -0.387,-0.536 -0.755,-0.561 0.389,-0.343 0.962,-0.593 1.435,-0.712 0.004,-0.001 0.008,-0.001 0.013,-0.002 0.081,0.16 0.147,0.327 0.197,0.503 0.312,0.468 1.233,0.729 1.706,0.839 0.22,0.044 0.439,0.088 0.659,0.132 0.345,0.133 0.703,0.211 1.072,0.233 0.224,-0.057 0.448,-0.115 0.672,-0.173 0.457,-0.085 0.7,-0.343 0.729,-0.775 -0.327,-0.399 -0.736,-0.651 -1.229,-0.756 -0.35,-0.152 -0.714,-0.254 -1.093,-0.307 -0.118,-0.389 -0.143,-0.811 -0.225,-1.211 0.234,-0.066 0.465,-0.141 0.692,-0.225 0.211,-0.082 0.487,-0.117 0.612,-0.328 0.135,-0.228 0.12,-0.59 0.05,-0.831 -0.123,-0.42 -0.461,-0.442 -0.844,-0.494 -0.15,-0.041 -0.301,-0.047 -0.451,-0.017 -0.021,0.036 -0.048,0.065 -0.082,0.089 -0.15,-0.005 -0.304,-0.172 -0.393,-0.27 -0.164,-0.179 -0.295,-0.405 -0.393,-0.627 -0.083,-0.188 -0.132,-0.363 -0.359,-0.423 -0.143,-0.038 -0.396,-0.062 -0.645,-0.108 0.032,-0.035 0.049,-0.077 0.085,-0.11 0.263,-0.169 0.358,-0.4 0.284,-0.693 -0.324,0 -0.647,0.02 -0.969,0.045 0.059,-0.164 0.129,-0.323 0.222,-0.473 0.118,-0.255 0.29,-0.461 0.517,-0.619 0.34,-0.113 0.594,0.242 0.834,0.412 0.219,-0.125 0.184,-0.692 0.17,-0.846 -0.004,-0.041 -0.016,-0.078 -0.021,-0.118 0.07,-0.057 0.124,-0.134 0.205,-0.178 0.18,0.098 0.359,0.196 0.539,0.294 0.485,0.305 0.721,0.722 0.709,1.251 0.08,0.297 0.093,0.597 0.041,0.898 -0.107,0.262 -0.057,0.48 0.148,0.654 0.321,0.448 0.832,0.565 0.989,1.133 0.019,0.177 0.037,0.353 0.056,0.53 0.216,0.27 0.486,0.39 0.811,0.36 0.513,0.043 0.767,0.141 0.993,0.611 0.212,0.416 0.39,0.847 0.533,1.293 0.206,0.18 0.413,0.359 0.619,0.539 0.319,-0.032 0.638,-0.063 0.957,-0.095 0.309,-0.089 0.619,-0.175 0.927,-0.262 z m -5.452,-22.548 c -0.008,-0.936 0.268,-1.784 0.828,-2.546 0.867,-0.51 1.567,-0.388 2.101,0.369 0.912,0.589 1.497,1.442 1.754,2.561 0.503,0.778 0.471,1.352 -0.095,1.721 -0.648,0.573 -0.94,-0.235 -1.566,-0.308 -0.492,-0.057 -0.943,0.374 -1.425,0.562 -0.016,-0.009 -0.033,-0.018 -0.049,-0.027 -0.124,-0.068 -0.2,-0.122 -0.34,-0.122 -0.177,0 -0.351,0.128 -0.506,0.229 -0.038,-0.019 -0.075,-0.017 -0.113,-0.043 -0.141,-0.114 -0.297,-0.202 -0.45,-0.295 0.153,-0.322 0.553,-0.551 0.51,-0.959 -0.043,-0.41 -0.883,-0.516 -1.204,-0.51 -0.112,0.002 -0.214,0.031 -0.323,0 -0.257,-0.074 -0.404,-0.521 -0.484,-0.753 -0.002,-0.007 -0.003,-0.015 -0.006,-0.021 0.423,0.266 0.877,0.325 1.368,0.142 z m -4.27,-1.409 c 0.346,-0.009 0.677,0.041 1,0.125 0.024,0.083 0.042,0.169 0.077,0.247 0.031,0.068 0.211,0.254 0.149,0.36 -0.079,0.136 -0.294,0.136 -0.431,0.152 -0.278,0.032 -0.558,0.045 -0.837,0.069 -0.298,0.025 -0.697,0.009 -0.667,0.426 0.044,0.62 0.798,1.279 1.424,1.179 0.09,0.563 0.018,1.17 -0.144,1.715 -0.104,0.349 -0.3,0.321 -0.631,0.165 -0.141,-0.067 -0.335,-0.252 -0.483,-0.277 -0.62,-0.103 -0.165,1.673 -0.115,1.81 0.125,0.34 0.338,0.565 0.566,0.838 0.14,0.167 0.544,0.496 0.44,0.715 -0.737,-0.037 -1.531,-0.094 -2.039,-0.692 -0.215,-0.238 -0.359,-0.512 -0.434,-0.823 0.04,-0.289 0.191,-0.505 0.451,-0.649 0.215,-0.136 0.361,-0.323 0.437,-0.559 -0.071,-0.253 -0.211,-0.462 -0.42,-0.628 -0.304,-0.318 -0.616,-0.541 -0.674,-1 0.249,-0.188 0.768,-0.292 0.831,-0.656 0.061,-0.352 -0.394,-0.814 -0.576,-1.037 -0.336,-0.409 -0.719,-0.726 -0.453,-1.245 0.181,0.406 0.386,0.799 0.702,1.106 0.27,-0.188 0.423,-0.46 0.459,-0.816 0.347,-0.529 0.803,-0.703 1.368,-0.525 z m -9.544,15.461 c 0.385,0.114 0.627,0.38 0.891,0.676 0.253,0.279 0.497,0.566 0.731,0.861 0.132,0.104 0.265,0.208 0.397,0.312 -0.136,1.142 -1.918,1.15 -2.645,0.618 -0.406,-0.297 -0.864,-1.019 -1.036,-1.56 0.001,0 0.002,0.001 0.003,0.001 0.744,0.156 1.181,-0.442 1.659,-0.908 z m -5.52,1.56 c 0.125,-0.249 0.18,-0.5 0.221,-0.778 0.02,-0.244 0.04,-0.488 0.06,-0.731 0.029,-0.199 0.058,-0.399 0.086,-0.598 0.121,-0.277 0.387,-0.505 0.697,-0.535 0.523,-0.05 0.954,0.399 1.272,0.744 0.132,0.144 0.253,0.29 0.373,0.433 -0.418,0.573 -0.588,1.26 -1.014,1.813 -0.547,0.71 -1.584,0.112 -2.27,-0.48 0.194,0.048 0.391,0.149 0.575,0.132 z m -4.246,10.899 c 0.389,-0.435 0.667,-0.784 1.222,-1.019 0.421,-0.178 1.069,-0.477 1.544,-0.46 0.38,0.014 0.753,0.174 1.1,0.317 0.468,0.194 1.442,0.839 1.974,0.547 0.136,-0.075 0.268,-0.313 0.392,-0.412 0.22,-0.176 0.458,-0.434 0.711,-0.561 0.197,-0.099 0.336,-0.09 0.565,-0.1 0.407,-0.018 0.782,-0.092 1.18,-0.174 0.362,-0.074 0.654,-0.114 1,0.024 0.291,0.116 0.769,0.599 1.093,0.432 0.58,-0.299 0.845,-1.703 1.549,-1.74 0.334,-0.017 0.828,0.504 0.897,0.801 0.078,0.335 -0.267,0.497 -0.289,0.769 -0.025,0.305 0.712,0.428 0.88,0.469 0.622,0.152 1.23,0.267 1.788,0.601 0.534,0.32 0.471,0.607 0.088,1.032 -0.217,0.24 -0.542,0.562 -0.895,0.491 -0.457,-0.093 -0.791,-0.696 -1.172,-0.956 -0.556,0.354 -1.031,0.222 -1.562,-0.099 -0.196,-0.118 -0.334,-0.283 -0.508,-0.435 -0.323,-0.283 -0.655,-0.439 -1.072,-0.541 -0.301,-0.074 -0.542,-0.126 -0.742,0.137 -0.27,0.355 -0.395,0.709 -0.794,0.964 -0.424,0.27 -0.914,0.302 -1.401,0.374 -0.367,0.054 -0.563,-0.017 -0.794,-0.143 -0.153,0.164 -0.295,0.295 -0.562,0.331 -0.172,0.023 -0.367,0.018 -0.534,-0.022 -0.256,-0.061 -0.458,-0.243 -0.732,-0.228 -0.182,0.01 -0.349,0.112 -0.53,0.131 -0.314,0.033 -0.552,-0.132 -0.844,-0.181 -0.192,-0.032 -0.652,-0.05 -0.83,0 -0.193,0.054 -0.283,0.244 -0.45,0.39 -0.404,0.353 -1.069,0.794 -1.579,0.957 -0.407,0.13 -0.673,-0.205 -0.896,-0.521 -0.383,-0.542 -0.181,-0.744 0.203,-1.175 z m -0.52,24.612 c 0.538,-0.28 0.694,-0.756 1.039,-1.249 0.202,-0.288 0.334,-0.506 0.375,-0.842 0.032,-0.268 -0.036,-0.432 0.085,-0.689 0.327,-0.694 1.124,-0.97 1.794,-0.684 0.795,0.34 1.18,1.029 0.946,1.874 -0.094,0.339 -0.444,0.687 -0.637,1.043 -0.405,0.112 -0.628,0.702 -0.585,1.058 0.045,0.185 0.089,0.37 0.134,0.556 0.072,0.283 -0.025,0.447 -0.292,0.492 -0.509,0.254 -1.231,0.282 -1.734,-0.021 -0.486,-0.293 -0.842,-0.758 -1.281,-1.106 -0.141,-0.112 -0.288,-0.177 -0.437,-0.209 0.204,-0.057 0.404,-0.125 0.593,-0.223 z m -1.507,0.37 c -0.111,0.051 -0.219,0.108 -0.323,0.171 -0.034,-0.034 -0.075,-0.088 -0.119,-0.147 0.065,-0.003 0.126,-0.006 0.174,-0.007 0.09,-0.003 0.179,-0.011 0.268,-0.017 z m -18.738,17.13 c -0.031,0.119 -0.062,0.239 -0.094,0.358 -0.011,0.028 -0.027,0.053 -0.038,0.08 -0.026,-0.027 -0.057,-0.049 -0.08,-0.078 -0.131,-0.126 -0.197,-0.28 -0.231,-0.447 0.187,-0.022 0.372,-0.028 0.443,0.087 z m -15.214,-4.755 c -0.14,0.066 -0.285,0.1 -0.447,0.046 -0.422,-0.141 -0.496,-0.589 -0.439,-1.052 0.214,0.362 0.474,0.688 0.802,0.965 0.033,0.012 0.054,0.028 0.084,0.041 z m -16.125,6.824 c 0.212,-0.076 0.386,-0.015 0.604,-0.02 0.201,-0.387 0.268,-0.771 0.274,-1.201 0.005,-0.323 -0.034,-0.539 0.298,-0.679 0.239,-0.1 0.533,-0.11 0.786,-0.157 0.63,-0.116 1.078,-0.465 1.49,-0.937 -0.369,-0.206 -0.784,-0.157 -1.18,-0.318 -0.268,-0.026 -0.424,-0.172 -0.465,-0.439 -0.116,-0.23 -0.221,-0.466 -0.315,-0.706 -0.04,-0.156 -0.108,-0.289 -0.189,-0.413 0.39,-0.229 0.773,-0.529 1.235,-0.406 0.237,-0.075 0.385,0.013 0.442,0.262 0.015,0.151 0.021,0.303 0.018,0.455 0.034,0.359 0.129,0.403 0.432,0.601 0.344,0.225 0.673,0.4 1.037,0.514 -0.1,0.056 -0.194,0.12 -0.279,0.196 -0.058,0.123 0.088,0.282 0.145,0.37 0.278,0.437 0.554,0.835 0.793,1.291 0.026,0.052 0.045,0.108 0.071,0.161 -0.4,0.479 -0.643,0.778 -0.163,1.365 -0.292,-0.1 -0.602,-0.235 -0.915,-0.151 -0.27,0.073 -0.478,0.274 -0.759,0.329 0.102,0.186 0.336,0.621 0.559,0.656 0.142,0.022 0.216,-0.03 0.328,0.078 0.093,0.089 0.141,0.294 0.187,0.418 0.078,0.209 0.253,0.639 -0.012,0.754 -0.279,0.122 -0.669,-0.124 -0.939,0.037 0.014,0.211 0.114,0.406 0.125,0.618 0.006,0.124 -0.067,0.255 -0.063,0.358 0.014,0.319 0.606,0.804 0.261,1.143 -0.117,0.115 -0.691,0.185 -0.837,0.185 -0.258,0.001 -0.43,-0.126 -0.577,-0.332 -0.158,-0.221 -0.172,-0.485 -0.306,-0.701 -0.084,-0.137 -0.229,-0.232 -0.329,-0.36 -0.141,-0.181 -0.325,-0.4 -0.333,-0.638 -0.003,-0.111 0.034,-0.19 0.006,-0.316 -0.072,-0.327 -0.314,-0.77 -0.645,-0.893 -0.206,-0.076 -0.353,0.01 -0.562,0.037 -0.214,0.028 -0.44,0.008 -0.643,-0.077 -0.03,-0.012 -0.062,-0.032 -0.093,-0.05 0.015,-0.14 0.029,-0.272 0.048,-0.375 0.059,-0.316 0.155,-0.549 0.465,-0.659 z m -8.275,7.524 c -0.601,0.14 -1.327,0.479 -1.938,0.255 -0.238,-0.081 -0.47,-0.178 -0.696,-0.29 -0.226,-0.225 -0.196,-0.454 0.091,-0.688 0.378,-0.607 0.878,-0.97 1.456,-1.359 -0.008,-0.117 -0.054,-0.217 -0.138,-0.299 -0.117,-0.13 -0.176,-0.286 -0.179,-0.469 0.106,-0.099 0.213,-0.198 0.319,-0.298 0.393,-0.157 0.687,-0.072 0.881,0.257 0.364,0.374 0.437,0.833 0.653,1.302 0.468,-0.163 0.844,-0.453 1.275,-0.645 -0.056,0.115 -0.117,0.229 -0.176,0.342 -0.197,0.246 -0.319,0.521 -0.368,0.826 -0.087,0.268 -0.115,0.544 -0.092,0.827 -0.364,0.065 -0.725,0.154 -1.088,0.239 z m 5.88,26.103 c 0.375,-0.143 0.764,-0.231 1.15,-0.247 0.027,0.043 0.052,0.086 0.059,0.135 0.06,0.431 -0.304,0.531 -0.647,0.456 -0.256,-0.054 -0.437,-0.178 -0.562,-0.344 z M 56.745,283.93 c 0.269,-0.32 0.461,-0.577 0.854,-0.758 0.298,-0.137 0.757,-0.366 1.098,-0.364 0.273,0.002 0.544,0.108 0.796,0.203 0.34,0.129 1.053,0.57 1.428,0.349 0.096,-0.057 0.185,-0.23 0.272,-0.305 0.154,-0.131 0.319,-0.322 0.497,-0.418 0.139,-0.075 0.239,-0.072 0.403,-0.084 0.292,-0.022 0.559,-0.083 0.843,-0.151 0.258,-0.061 0.466,-0.096 0.718,-0.005 0.212,0.077 0.565,0.413 0.794,0.286 0.409,-0.228 0.568,-1.241 1.073,-1.282 0.091,-0.007 0.197,0.048 0.3,0.121 -0.439,0.428 -0.879,0.859 -1.321,1.292 -0.065,0.063 -0.131,0.115 -0.196,0.177 -0.021,-0.005 -0.038,-0.015 -0.06,-0.02 -0.218,-0.046 -0.391,-0.079 -0.529,0.115 -0.185,0.26 -0.268,0.517 -0.548,0.709 -0.298,0.203 -0.649,0.237 -0.997,0.299 -0.262,0.047 -0.404,0 -0.573,-0.085 -0.106,0.121 -0.205,0.218 -0.396,0.25 -0.123,0.02 -0.263,0.021 -0.383,-0.004 -0.185,-0.038 -0.334,-0.164 -0.531,-0.147 -0.13,0.011 -0.248,0.088 -0.377,0.106 -0.224,0.031 -0.399,-0.082 -0.61,-0.111 -0.139,-0.019 -0.469,-0.022 -0.595,0.018 -0.137,0.043 -0.198,0.181 -0.314,0.29 -0.282,0.263 -0.749,0.593 -1.112,0.722 -0.289,0.102 -0.487,-0.132 -0.654,-0.354 -0.287,-0.382 -0.147,-0.532 0.12,-0.849 z m 9.218,8.489 c -0.036,0.077 -0.06,0.057 -0.135,0.076 -0.215,0.054 -0.465,0.029 -0.686,0.053 -0.454,0.049 -0.6,0.292 -0.623,0.734 -0.008,0.161 0.032,0.414 -0.056,0.561 -0.125,0.209 -0.391,0.182 -0.593,0.146 -0.171,-0.031 -0.444,-0.109 -0.633,-0.238 -0.072,0.019 -0.161,0.027 -0.269,0.012 -0.14,-0.019 -0.389,-0.114 -0.393,-0.297 -0.003,-0.131 0.13,-0.161 0.218,-0.233 0.151,-0.123 0.024,-0.214 -0.065,-0.364 -0.057,-0.095 -0.357,-0.511 -0.136,-0.597 0.138,-0.054 0.183,0.08 0.298,-0.056 0.143,-0.168 0.006,-0.415 0.203,-0.551 0.245,-0.17 0.48,0.15 0.648,0.289 0.157,0.13 0.339,0.313 0.523,0.159 0.187,-0.156 0.263,-0.372 0.489,-0.502 0.209,-0.121 0.515,-0.212 0.741,-0.085 0.131,0.073 0.2,0.194 0.276,0.323 0.066,0.114 0.26,0.427 0.193,0.57 z m 2.052,-8.459 c -0.15,0.177 -0.377,0.415 -0.631,0.372 -0.33,-0.056 -0.583,-0.482 -0.862,-0.66 -0.245,0.167 -0.472,0.186 -0.703,0.131 0.331,-0.298 0.673,-0.606 1.033,-0.928 0.373,0.077 0.736,0.156 1.077,0.346 0.39,0.218 0.352,0.425 0.086,0.739 z m 9.119,-1.777 c -0.29,-0.157 -0.543,-0.125 -0.759,0.098 -0.045,0.118 -0.122,0.19 -0.228,0.219 -0.069,0.033 -0.142,0.035 -0.219,0.004 -0.148,0.064 -0.237,0.172 -0.266,0.325 -0.05,0.123 -0.21,0.633 0.088,0.554 -0.081,0.08 -0.171,0.148 -0.271,0.204 -0.139,0.088 -0.168,0.194 -0.088,0.317 0.059,0.56 0.867,0.574 0.424,0.02 0.445,0.266 0.744,1.071 0.68,1.547 0.025,0.426 -0.129,0.661 -0.462,0.703 -0.194,0.117 -0.371,0.078 -0.531,-0.117 -0.278,-0.276 -0.404,-0.649 -0.866,-0.233 -0.117,0.155 -0.233,0.31 -0.349,0.464 0.048,0.264 -0.026,0.464 -0.222,0.602 -0.271,-0.046 -0.438,-0.19 -0.5,-0.433 -0.174,-0.228 -0.143,-0.463 0.093,-0.703 0.118,-0.239 0.615,-0.941 0.017,-1.095 -0.426,-0.109 -1.234,0.141 -1.46,0.511 -0.044,0.095 -0.089,0.191 -0.133,0.286 -0.184,0.116 -0.346,0.073 -0.487,-0.129 0.009,-0.141 0.019,-0.282 0.028,-0.423 0.124,-0.189 0.248,-0.379 0.372,-0.568 0.062,-0.158 0.124,-0.316 0.186,-0.475 -0.041,-0.162 -0.099,-0.317 -0.173,-0.466 -0.327,-0.72 -1.154,-0.123 -1.648,0.077 -0.067,-0.278 -0.031,-0.552 0.106,-0.82 0.164,-0.387 0.118,-0.715 -0.136,-0.985 -0.128,-0.315 -0.383,-0.44 -0.766,-0.375 -0.295,0.153 -0.523,0.116 -0.686,-0.111 0.013,-0.046 0.033,-0.088 0.047,-0.133 0.425,-0.368 0.862,-0.74 1.304,-1.111 0.139,0.152 0.264,0.314 0.366,0.496 0.161,0.198 0.28,0.418 0.356,0.661 0.234,0.329 0.901,0.496 1.243,0.564 0.159,0.027 0.317,0.053 0.475,0.08 0.251,0.088 0.509,0.135 0.774,0.144 0.16,-0.046 0.319,-0.092 0.478,-0.139 0.326,-0.071 0.494,-0.262 0.506,-0.572 -0.243,-0.279 -0.542,-0.451 -0.898,-0.515 -0.255,-0.101 -0.518,-0.166 -0.791,-0.196 -0.137,-0.405 -0.125,-0.869 -0.321,-1.248 -0.085,-0.219 -0.253,-0.364 -0.504,-0.436 -0.058,-0.025 -0.103,-0.065 -0.158,-0.093 0.462,-0.372 0.927,-0.738 1.393,-1.094 0.011,0.011 0.012,0.025 0.025,0.036 0.24,0.315 0.61,0.387 0.735,0.791 0.017,0.126 0.034,0.253 0.052,0.379 0.161,0.189 0.358,0.269 0.59,0.24 0.369,0.019 0.553,0.084 0.726,0.416 0.162,0.294 0.299,0.599 0.411,0.916 0.152,0.124 0.304,0.249 0.456,0.373 0.228,-0.03 0.457,-0.06 0.685,-0.09 0.22,-0.069 0.439,-0.138 0.659,-0.207 0.417,-0.01 0.76,0.135 1.028,0.436 0.377,0.207 0.597,0.533 0.66,0.98 -0.266,0.496 -0.687,0.671 -1.263,0.526 -0.26,-0.068 -0.519,-0.135 -0.778,-0.202 z m 10.193,7.483 c -0.161,0.26 -0.443,0.332 -0.745,0.328 -0.436,-0.006 -0.509,-0.145 -0.538,-0.508 -0.01,-0.122 -0.095,-0.289 -0.244,-0.308 -0.189,-0.024 -0.161,0.145 -0.317,0.212 -0.194,0.082 -0.514,-0.137 -0.713,-0.157 -0.698,-0.07 -0.459,0.563 -0.89,0.887 -0.229,-0.099 -0.455,-0.191 -0.658,-0.339 -0.139,-0.101 -0.6,-0.359 -0.599,-0.549 0,-0.112 0.019,-0.111 0.119,-0.16 0.239,-0.119 0.444,-0.154 0.599,-0.401 0.147,-0.233 0.258,-0.801 -0.039,-0.961 -0.116,-0.063 -0.295,-0.03 -0.425,-0.06 -0.249,-0.056 -0.488,-0.146 -0.739,-0.201 -0.275,-0.06 -0.551,-0.122 -0.765,-0.32 -0.166,-0.154 -0.047,-0.036 -0.09,-0.182 -0.109,-0.37 -0.362,-0.942 -0.738,-1.141 -0.503,-0.266 -0.873,0.21 -1.249,0.433 -0.554,0.329 -0.987,-0.403 -1.27,-0.781 0.021,0.566 -0.642,0.272 -0.335,0.038 0.257,-0.195 0.719,-0.024 1.005,-0.043 0.117,-0.008 0.199,-0.035 0.276,-0.13 0.123,-0.151 0.038,-0.203 0.063,-0.347 0.041,-0.246 0.332,-0.499 0.587,-0.505 0.132,-0.003 0.199,0.085 0.308,0.111 0.137,0.033 0.284,0 0.429,0.001 0.384,0.004 0.737,0.016 0.888,0.399 0.185,0.47 0.529,0.712 0.99,0.917 0.254,0.113 0.387,0.087 0.609,-0.09 0.072,-0.057 0.268,-0.336 0.407,-0.288 0.168,0.313 0.229,0.65 0.554,0.851 0.279,0.173 0.582,0.16 0.896,0.156 0.206,-0.003 0.364,-0.008 0.573,-0.055 0.3,-0.094 0.607,-0.134 0.923,-0.119 0.247,-0.01 0.446,0.075 0.597,0.256 0.117,0.456 -1.157,0.926 -0.731,1.364 0.146,0.15 0.42,0.178 0.599,0.276 0.239,0.131 0.551,0.301 0.734,0.501 0.272,0.299 0.121,0.605 -0.071,0.915 z m 6.327,0.524 c -0.063,0.13 -0.253,0.212 -0.369,0.292 -0.178,0.123 -0.225,0.126 -0.429,0.145 -0.268,0.025 -0.249,0.089 -0.393,0.338 -0.145,0.206 -0.253,0.429 -0.325,0.67 -0.021,0.151 -0.043,0.302 -0.066,0.453 -0.047,0.154 -0.078,0.353 -0.282,0.231 -0.193,-0.116 -0.294,-0.647 -0.32,-0.812 -0.023,-0.149 -0.034,-0.272 -0.024,-0.375 -0.124,-0.044 -0.239,-0.104 -0.321,-0.217 0.137,-0.189 0.043,-0.436 0.181,-0.622 -0.384,-0.084 -0.588,0.026 -0.802,-0.382 -0.27,-0.513 0.093,-0.852 0.613,-0.959 0.463,-0.095 0.428,0.197 0.687,0.479 0.143,0.156 0.161,0.075 0.371,0.043 0.365,-0.055 1.076,-0.23 1.353,0.048 0.118,0.119 0.201,0.512 0.126,0.668 z m 12.372,21.185 c -0.215,-0.11 -0.487,-0.141 -0.68,-0.292 -0.208,-0.161 -0.257,-0.432 -0.303,-0.674 -0.052,-0.273 -0.082,-0.492 0.195,-0.638 0.02,-0.011 0.049,-0.017 0.071,-0.027 0.386,0.448 1.405,1.045 1.854,0.524 0.302,-0.35 0.351,-1.374 0.747,-1.694 -0.049,0.619 0.061,1.225 0.351,1.815 0.346,0.309 0.692,0.617 1.039,0.926 0.633,0.202 1.279,0.282 1.937,0.237 0.248,0.317 0.312,0.666 0.191,1.047 -0.034,0.508 -0.094,1.014 -0.178,1.517 0.015,0.188 0.03,0.376 0.044,0.563 0.138,0.226 0.334,0.373 0.586,0.442 0.027,0.201 -0.066,0.355 -0.277,0.461 -0.402,0.448 -0.8,0.899 -1.195,1.353 -0.168,0.212 -0.337,0.424 -0.505,0.636 -0.114,-0.206 -0.19,-0.431 -0.196,-0.661 -0.01,-0.397 0.422,-0.816 0.565,-1.176 -0.062,-0.143 -0.199,-0.177 -0.34,-0.175 0.297,-0.192 0.492,-0.829 0.519,-1.051 -0.468,-0.199 -0.924,-0.178 -1.417,-0.245 -0.254,-0.035 -0.751,-0.241 -0.862,0.147 0.016,0.027 0.038,0.061 0.112,0.159 -0.031,-0.01 -0.065,-0.031 -0.093,-0.038 -0.643,-0.158 -1.116,-0.321 -1.601,-0.857 -0.418,-0.462 -0.012,-0.901 0.225,-1.318 0.217,-0.383 -0.513,-0.84 -0.789,-0.981 z m -12.03,28.124 c 0.514,-0.02 0.954,-0.041 1.412,0.212 0.359,-0.283 -0.06,-0.961 0.265,-1.267 0.33,-0.31 1.021,0.308 1.247,0.432 0.707,0.391 0.934,-0.005 0.939,-0.714 0.035,-0.375 -0.024,-0.738 -0.18,-1.089 -0.065,-0.201 -0.186,-0.348 -0.363,-0.439 0.015,-0.264 0.458,-0.466 0.675,-0.589 0.267,-0.193 0.56,-0.257 0.879,-0.19 0.26,0.088 0.518,0.182 0.774,0.284 0.413,-0.04 0.981,-0.988 1.123,-1.23 0.341,-0.578 0.418,-0.993 0.346,-1.623 0.04,0.012 0.071,-0.007 0.107,-0.009 -0.023,0.135 -0.034,0.264 0.003,0.347 0.108,0.242 0.404,0.167 0.599,0.185 0.254,0.022 0.467,0.061 0.696,0.172 0.153,0.074 0.384,0.207 0.441,0.391 0.071,0.228 -0.088,0.462 -0.194,0.634 -0.328,0.534 -0.663,1.032 -0.85,1.632 -0.199,0.332 -0.186,0.661 0.038,0.989 0.1,0.047 0.2,0.095 0.3,0.142 0.371,0.176 0.761,0.307 1.158,0.415 0.217,0.059 0.548,0.206 0.769,0.118 0.27,-0.107 0.293,-0.376 0.328,-0.651 0.035,-0.272 0.097,-0.552 0.184,-0.813 0.044,-0.133 0.326,-0.782 0.598,-0.869 0.439,-0.14 0.877,0.349 1.308,0.337 0.231,-0.007 0.219,-0.043 0.305,-0.214 0.093,-0.186 0.151,-0.429 0.234,-0.627 0.086,-0.204 0.213,-0.428 0.271,-0.643 0.014,-0.053 0.012,-0.103 0.009,-0.154 0.076,0.02 0.151,0.04 0.227,0.06 0.291,-0.123 0.397,-0.332 0.321,-0.626 0.013,-0.441 -0.152,-0.897 -0.099,-1.328 0.038,-0.309 0.131,-0.523 0.143,-0.866 0.005,-0.119 0.009,-0.238 0.014,-0.358 0.131,-0.21 0.286,-0.401 0.465,-0.573 0.042,-0.065 0.076,-0.132 0.112,-0.198 0.159,0.082 0.327,0.144 0.512,0.161 0.134,-0.008 0.251,0.029 0.355,0.095 0.006,0.024 0.01,0.049 0.017,0.073 -0.307,0.247 -0.692,0.346 -0.992,0.596 0.236,0.408 0.594,0.544 0.931,0.836 0.521,0.451 0.741,1.001 0.573,1.686 -0.098,0.401 -0.326,0.568 -0.699,0.668 -0.328,0.088 -0.722,-0.073 -0.871,0.312 -0.114,0.295 -0.075,0.713 0.257,0.825 0.303,0.103 0.585,-0.196 0.836,-0.326 -0.188,0.481 -0.681,1.033 -0.302,1.539 0.227,0.303 1.059,0.363 1.408,0.351 0.32,-0.011 0.627,-0.079 0.93,-0.177 -0.058,-0.438 -0.224,-0.807 -0.139,-1.26 0.062,-0.327 0.337,-0.796 0.74,-0.736 0.025,0.228 -0.005,0.743 0.181,0.909 0.166,0.148 0.41,0.05 0.596,0.029 0.131,-0.007 0.262,-0.014 0.393,-0.021 0.146,10e-4 0.258,0.054 0.334,0.16 0.161,0.073 0.091,0.122 0.268,-0.089 0.025,-0.03 0.052,-0.059 0.078,-0.089 0.093,0.125 0.196,0.246 0.308,0.364 0.229,-0.332 0.236,-0.727 0.407,-1.092 0.067,-0.051 0.133,-0.101 0.2,-0.152 0.286,-0.043 0.416,0.149 0.537,0.373 0.208,0.383 0.145,0.951 0.154,1.372 0.007,0.327 0.029,0.658 0.155,0.963 0.063,0.154 0.161,0.249 0.085,0.404 -0.077,0.156 -0.429,0.253 -0.571,0.31 -0.238,0.095 -0.439,0.12 -0.383,0.392 0.05,0.241 0.295,0.306 0.485,0.407 0.386,0.203 0.856,0.697 0.702,1.164 -0.166,0.505 -0.778,0.771 -0.965,1.262 0.179,0.152 0.359,0.292 0.605,0.285 0.257,-0.007 0.313,0.026 0.473,0.236 0.095,0.125 0.198,0.362 0.33,0.517 -0.528,-0.124 -1.067,-0.259 -1.6,-0.399 -0.198,-0.278 -0.387,-0.563 -0.647,-0.789 -0.195,-0.17 -0.33,-0.257 -0.575,-0.26 -0.283,-0.004 -0.623,0.193 -0.823,0.395 -0.021,0.021 -0.036,0.053 -0.056,0.077 -0.282,-0.081 -0.551,-0.159 -0.804,-0.234 0.197,-0.034 0.375,-0.104 0.5,-0.254 0.095,-0.114 0.105,-0.18 0.059,-0.297 -0.151,-0.178 -0.293,-0.363 -0.425,-0.555 -0.076,-0.102 -0.139,-0.211 -0.19,-0.326 0.21,-0.187 0.306,-0.5 0.392,-0.76 0.054,-0.165 0.257,-0.892 0.149,-1.092 -0.115,-0.216 -0.617,-0.176 -0.788,-0.174 -0.238,0.002 -0.473,-0.011 -0.671,0.119 -0.321,0.211 -0.494,0.963 -0.976,0.813 -0.274,-0.085 -0.424,-0.188 -0.727,-0.208 -0.351,-0.023 -0.713,-0.027 -1.047,0.088 -0.431,0.148 -0.958,0.577 -0.743,1.095 0.104,0.252 0.313,0.267 0.443,0.459 0.118,0.172 0.053,0.356 0,0.585 -0.106,0.455 -0.289,1.292 -0.764,1.516 -0.489,0.231 -0.66,-0.346 -0.994,-0.579 -0.162,0.253 -0.301,0.524 -0.511,0.742 -0.31,0.322 -0.58,0.248 -0.944,0.105 -0.386,-0.152 -0.716,-0.414 -1.067,-0.627 -0.167,-0.101 -0.631,-0.419 -0.885,-0.418 0.059,0.275 0.04,0.487 -0.131,0.727 -0.147,0.207 -0.349,0.334 -0.588,0.414 -0.073,0.024 -0.327,0.037 -0.391,0.08 -0.037,0.025 -0.086,0.259 -0.095,0.284 -0.075,0.218 -0.153,0.434 -0.229,0.651 -0.015,-0.032 -0.023,-0.066 -0.039,-0.098 -0.344,-0.657 -1.106,-1.391 -1.909,-1.433 -0.554,-0.029 -1.469,0.191 -1.386,0.958 0.042,0.379 0.228,0.488 0.502,0.714 -0.192,0.245 -0.748,0.33 -1.043,0.318 -0.465,-0.018 -0.747,-0.365 -1.083,-0.637 -0.098,-0.08 -0.293,-0.24 -0.493,-0.325 -0.036,-0.093 -0.08,-0.182 -0.139,-0.265 0.126,-0.07 0.245,-0.152 0.356,-0.245 0.25,-0.156 0.334,-0.368 0.252,-0.634 -0.477,-0.226 -0.959,-0.314 -1.466,-0.458 -0.416,-0.118 -0.585,-0.241 -0.723,-0.667 -0.106,-0.329 -0.179,-0.668 -0.344,-0.977 -0.195,-0.363 -0.452,-0.462 -0.74,-0.695 0.019,-0.415 0.562,-0.35 0.851,-0.361 z m 7.881,7.011 c -0.011,-0.075 -0.02,-0.152 -0.03,-0.228 0.034,0.067 0.055,0.147 0.082,0.221 -0.018,0.003 -0.036,0.014 -0.052,0.007 z m 4.897,-0.212 c -0.2,0.006 -0.405,0.034 -0.595,0.062 0.091,-0.146 0.212,-0.242 0.389,-0.243 0.096,0.019 0.159,0.094 0.206,0.181 z m -6.891,4.297 c -0.524,0.174 -1.073,0.251 -1.6,0.414 -0.522,0.161 -1.241,0.694 -1.806,0.55 -0.316,-0.08 -0.549,-0.471 -0.727,-0.706 -0.352,-0.466 -0.642,-1.01 -0.811,-1.572 -0.248,-0.827 -1.144,0.098 -1.635,-0.184 -0.012,-0.111 -0.014,-0.222 -0.019,-0.333 0.074,-0.067 0.148,-0.134 0.221,-0.201 0.024,-0.257 -0.046,-0.478 -0.161,-0.681 0.046,-0.249 0.109,-0.495 0.215,-0.73 0.595,-0.048 1.487,0.271 1.995,-0.121 0.508,-0.392 0.044,-0.884 -0.292,-1.253 0.147,-0.227 0.365,-0.364 0.591,-0.495 0.026,0.037 0.06,0.117 0.081,0.142 0.431,0.5 1.25,0.079 1.831,0.172 0.58,0.093 1.302,0.221 1.675,0.722 0.225,0.554 0.366,1.129 0.423,1.724 0.022,0.11 0.044,0.221 0.066,0.331 -0.006,0.048 0.003,0.094 0.027,0.135 0.025,0.127 0.051,0.253 0.076,0.379 0.12,0.552 0.216,0.901 0.563,1.319 -0.17,0.21 -0.468,0.306 -0.713,0.388 z m 8.974,-3.536 c -0.294,0.191 -0.577,0.383 -0.744,0.706 -0.217,0.421 0.059,0.958 0.272,1.312 -0.307,0.203 -0.674,0.343 -1,0.513 -0.206,-0.235 -0.022,-0.651 0.027,-0.92 0.061,-0.331 0.197,-0.743 0.267,-1.139 0.127,0.054 0.253,0.111 0.362,0.205 0.084,-0.195 0.283,-0.647 0.173,-0.845 -0.07,-0.125 -0.156,-0.152 -0.141,-0.306 0.013,-0.128 0.145,-0.292 0.214,-0.405 0.117,-0.19 0.347,-0.592 0.601,-0.455 0.264,0.143 0.316,0.587 0.597,0.709 -0.167,0.234 -0.358,0.448 -0.628,0.625 z m 7.084,14.673 c -0.032,0.009 -0.065,0.019 -0.098,0.029 0.006,-0.078 0.039,-0.153 0.108,-0.224 0.148,0.008 0.284,0.035 0.411,0.076 -0.14,0.04 -0.279,0.083 -0.421,0.119 z m 33.169,4.316 c 0.177,-0.065 0.359,-0.116 0.544,-0.153 0.182,-0.036 0.28,0.045 0.296,0.244 0.234,0.493 0.38,1.053 0.71,1.484 0.118,0.154 0.147,0.334 0.158,0.52 -0.274,-0.004 -0.546,0.014 -0.816,0.066 -0.091,-0.054 -0.182,-0.107 -0.272,-0.161 -0.422,-0.248 -0.671,-0.615 -0.748,-1.102 -0.097,-0.328 -0.054,-0.627 0.128,-0.898 z m 10.87,-9.092 c -0.309,0.237 -0.758,0.148 -1.112,0.246 -0.163,0.045 -0.483,0.106 -0.531,0.298 -0.099,0.4 0.721,0.985 0.345,1.296 -0.219,0.181 -0.61,0.23 -0.888,0.266 -0.361,0.046 -0.691,0.019 -0.913,-0.293 -0.141,-0.198 -0.303,-0.613 -0.525,-0.852 1.162,-0.698 2.302,-1.382 3.39,-2.032 0.179,0.159 0.418,0.318 0.469,0.555 0.04,0.185 -0.093,0.406 -0.235,0.516 z m 1.355,-1.42 c -0.161,0.122 -0.325,0.141 -0.449,-0.018 -0.037,-0.084 -0.093,-0.155 -0.147,-0.228 0.311,-0.186 0.62,-0.37 0.917,-0.547 -0.027,0.304 -0.094,0.621 -0.321,0.793 z m 17.616,-7.375 c 0.209,0.002 0.416,0.004 0.617,0.005 -0.209,0.027 -0.416,0.029 -0.617,-0.005 z m 12.212,-1.167 c -0.162,0.436 -0.619,0.718 -1.09,0.863 0.026,-0.041 0.058,-0.073 0.079,-0.124 0.11,-0.273 0.07,-0.847 -0.074,-1.203 0.208,0.081 0.589,0.004 0.691,-0.074 0.113,-0.085 0.204,-0.196 0.279,-0.319 0.147,0.277 0.222,0.569 0.115,0.857 z m 17.071,5.026 c -0.1,0.153 -0.305,0.152 -0.457,0.199 -0.306,0.094 -0.62,0.221 -0.649,0.572 -0.021,0.257 -0.063,0.738 -0.421,0.746 -0.572,0.013 -0.832,-0.435 -1.033,-0.881 0.11,-0.078 0.177,-0.081 0.236,-0.07 -0.08,-0.023 -0.17,-0.064 -0.179,-0.132 -0.083,0.011 -0.184,-0.07 -0.264,-0.117 -0.15,-0.091 -0.21,-0.111 -0.359,-0.16 -0.183,-0.06 -0.297,-0.079 -0.489,-0.037 -0.273,0.06 -0.542,-0.079 -0.815,-0.112 -0.202,-0.024 -0.371,0.12 -0.497,0.273 -0.173,0.21 -0.265,0.542 -0.597,0.536 -0.115,-0.002 -0.263,-0.087 -0.378,-0.115 -0.255,-0.062 -0.516,-0.107 -0.773,-0.159 -0.332,-0.067 -0.741,-0.159 -1.083,-0.153 -0.221,0.003 -0.452,0.012 -0.576,0.227 -0.179,0.309 -0.235,0.723 -0.224,1.069 0.014,0.427 -0.088,0.652 -0.519,0.734 -0.211,0.04 -0.389,0.019 -0.543,0.199 -0.079,0.092 -0.107,0.21 -0.175,0.31 -0.104,0.153 -0.212,0.166 -0.359,0.255 -0.092,0.055 -0.164,0.131 -0.264,0.174 -0.137,0.058 -0.299,0.066 -0.442,0.104 -0.309,0.082 -0.563,0.25 -0.701,0.542 -0.065,0.137 -0.098,0.493 -0.222,0.61 -0.091,0.087 -0.236,0.031 -0.337,0.004 -0.536,-0.141 -0.78,-0.602 -0.859,-1.108 -0.07,-0.445 0.717,-0.659 0.999,-0.794 0.203,-0.097 0.372,-0.211 0.533,-0.366 0.022,-0.022 0.28,-0.228 0.295,-0.301 -0.208,-0.028 -0.449,-0.205 -0.601,-0.307 -0.252,-0.168 -0.543,-0.348 -0.739,-0.584 -0.119,-0.142 -0.46,-0.561 -0.274,-0.709 0.101,-0.081 0.318,0 0.427,0.028 0.214,0.055 0.421,0.137 0.647,0.119 0.24,-0.019 0.475,-0.146 0.67,-0.288 0.017,-0.113 -0.188,-0.222 -0.26,-0.273 -0.142,-0.1 -0.302,-0.201 -0.408,-0.34 -0.142,-0.186 -0.126,-0.384 0.092,-0.513 0.191,-0.113 0.477,-0.009 0.672,0.046 0.144,0.04 0.408,0.181 0.557,0.139 0.093,-0.026 0.136,-0.126 0.213,-0.174 0.088,-0.054 0.191,-0.077 0.294,-0.071 0.146,0.008 0.174,0.052 0.239,0.166 0.116,0.203 0.666,0.727 0.871,0.387 -0.064,-0.096 -0.184,-0.224 -0.2,-0.344 -0.019,-0.14 0.027,-0.149 0.153,-0.195 0.112,-0.041 0.234,-0.036 0.347,-0.08 0.077,-0.03 0.149,-0.078 0.223,-0.114 0.185,-0.091 0.348,-0.106 0.541,-0.15 0.309,-0.069 0.611,-0.176 0.935,-0.106 0.118,0.025 0.221,0.077 0.342,0.092 0.244,0.039 0.383,0.166 0.506,0.237 0.201,0.117 0.326,0.166 0.556,0.106 0.182,-0.048 0.36,-0.119 0.538,-0.18 0.273,-0.093 0.532,-0.191 0.796,-0.307 0.125,-0.055 0.301,-0.16 0.443,-0.154 0.412,0.015 0.596,0.596 0.758,0.879 0.127,0.222 0.452,0.53 0.747,0.431 0.16,-0.054 0.299,-0.254 0.442,-0.347 0.152,-0.098 0.34,-0.175 0.523,-0.198 0.276,-0.038 1.364,0.352 1.102,0.755 z m -0.013,-13.278 c -0.016,-0.007 -0.035,-0.006 -0.051,-0.012 -0.087,-0.185 -0.061,-0.339 0.099,-0.458 0.602,0.128 0.982,0.514 1.141,1.159 0.044,0.222 0.077,0.446 0.111,0.67 -0.569,-0.316 -0.682,-1.092 -1.3,-1.359 z m 9.539,7.749 c -0.642,0.004 -1.918,-0.272 -2.366,-0.766 -0.37,-0.408 -0.46,-0.803 -0.426,-1.307 0.414,0.022 0.802,-0.102 1.199,-0.288 0.229,-0.108 0.484,-0.309 0.741,-0.324 0.21,0.252 0.324,0.641 0.581,0.847 0.211,0.169 0.531,0.159 0.758,0.293 0.236,0.139 0.147,0.25 -0.433,0.291 0.557,0.15 1.344,0.389 2.088,0.429 -0.229,0.141 -0.448,0.297 -0.68,0.441 -0.457,0.286 -0.93,0.381 -1.462,0.384 z m 12.901,8.384 c -0.13,0.034 -0.271,0.1 -0.407,0.059 -0.154,-0.047 -0.292,-0.22 -0.424,-0.311 -0.162,-0.112 -0.337,-0.185 -0.523,-0.248 -0.065,-0.022 -0.471,-0.175 -0.562,-0.155 -0.102,0.022 -0.099,0.253 -0.132,0.337 -0.072,0.189 -0.208,0.369 -0.384,0.477 -0.229,0.14 -0.375,-0.211 -0.473,-0.361 -0.136,-0.208 -0.284,-0.408 -0.395,-0.631 -0.002,-0.004 -0.004,-0.007 -0.006,-0.011 -0.051,0.016 -0.111,0.029 -0.165,0.041 -0.21,0.048 -0.537,0.108 -0.731,-0.027 -0.002,-0.144 0.08,-0.286 0.055,-0.431 -0.02,-0.115 -0.09,-0.227 -0.121,-0.341 -0.038,-0.139 -0.047,-0.285 -0.085,-0.424 -0.025,-0.093 -0.12,-0.226 -0.11,-0.318 0.029,-0.265 0.504,-0.077 0.652,-0.222 0.098,-0.096 0.043,-0.389 0.031,-0.532 -0.014,-0.175 -0.044,-0.407 -0.169,-0.55 -0.214,-0.245 -0.708,-0.083 -0.979,0.004 -0.132,0.042 -0.247,0.108 -0.39,0.099 -0.22,-0.013 -0.424,-0.08 -0.649,-0.08 -0.259,0 -0.534,0.017 -0.776,0.121 -0.188,0.081 -0.254,0.221 -0.35,0.382 -0.093,0.155 -0.167,0.314 -0.315,0.426 -0.158,0.119 -0.333,0.155 -0.516,0.205 -0.197,0.054 -0.365,0.103 -0.53,0.23 -0.187,0.143 -0.325,0.404 -0.416,0.615 -0.132,0.307 -0.183,0.613 -0.588,0.516 -0.346,-0.083 -0.665,-0.142 -1.021,-0.051 -0.281,0.072 -0.558,0.188 -0.833,0.267 -0.151,0.044 -0.409,0.068 -0.54,-0.029 -0.169,-0.125 -0.303,-0.346 -0.412,-0.518 -0.076,-0.119 -0.326,-0.535 -0.216,-0.731 0.054,-0.096 0.093,-0.077 0.203,-0.081 0.282,-0.01 0.565,0.076 0.845,0.062 0.201,-0.01 0.381,-0.069 0.576,-0.113 0.122,-0.027 0.309,-0.035 0.405,-0.121 -0.102,-0.069 -0.422,-0.194 -0.418,-0.343 0.006,-0.197 0.302,-0.459 0.468,-0.522 0.194,-0.047 0.391,-0.077 0.591,-0.09 0.176,-0.026 0.353,-0.05 0.53,-0.074 0.217,-0.02 0.461,0.027 0.59,-0.185 0.077,-0.127 0.023,-0.234 0.028,-0.378 0.006,-0.172 0.058,-0.153 -0.065,-0.256 -0.321,-0.269 -0.788,-0.189 -1.051,-0.536 -0.1,-0.132 -0.051,-0.21 -0.085,-0.341 -0.027,-0.107 -0.07,-0.152 -0.156,-0.208 -0.096,-0.063 -0.201,-0.103 -0.287,-0.181 -0.13,-0.118 -0.13,-0.12 -0.304,-0.176 -0.327,-0.106 -0.597,-0.325 -0.45,-0.698 0.129,-0.327 0.37,-0.301 0.671,-0.278 0.158,0.012 1.99,0.123 1.768,0.553 0.143,0.174 0.525,0.253 0.719,0.362 0.15,0.084 0.347,0.269 0.525,0.304 0.184,0.036 0.418,-0.157 0.561,-0.244 0.154,-0.093 0.313,-0.225 0.491,-0.273 0.276,-0.075 0.525,0.244 0.812,0.195 0.089,-0.015 0.116,-0.084 0.164,-0.146 0.231,-0.302 0.562,-0.787 0.989,-0.802 0.201,-0.007 0.347,0.072 0.357,0.274 -0.025,0.128 -0.031,0.257 -0.016,0.386 0.061,0.154 0.167,0.265 0.319,0.333 0.163,0.1 0.384,0.263 0.579,0.263 0.287,-0.001 0.319,-0.302 0.284,-0.522 -0.04,-0.253 -0.196,-0.569 -0.088,-0.825 0.075,-0.176 0.311,-0.28 0.49,-0.288 0.389,-0.016 0.705,0.316 1.051,0.44 0.159,0.057 0.456,0.192 0.605,0.063 0.311,-0.27 -0.022,-1.221 0.465,-1.258 0.284,-0.022 0.631,0.164 0.878,0.294 0.322,0.171 0.576,0.382 0.578,0.765 0.002,0.364 -0.247,1.161 0.148,1.364 0.28,0.145 0.738,-0.013 1.023,-0.052 0.178,-0.024 0.193,-0.047 0.242,0.089 0.046,0.128 -0.03,0.192 -0.048,0.3 -0.028,0.168 0.153,0.535 0.215,0.659 0.108,0.214 0.342,0.435 0.208,0.686 -0.099,0.186 -0.291,0.317 -0.419,0.48 -0.123,0.156 -0.207,0.318 -0.251,0.51 -0.061,0.265 -0.02,0.566 -0.135,0.818 -0.117,0.255 -0.38,0.259 -0.628,0.31 -0.059,0.012 -0.745,0.107 -0.75,0.212 0.16,0.125 0.837,0.589 0.628,0.854 -0.103,0.132 -0.313,0.297 -0.471,0.363 -0.28,0.115 -0.609,0.166 -0.904,0.244 z m 2.883,9.741 c -0.04,-0.053 -0.057,-0.111 -0.084,-0.167 -0.046,0.159 -0.028,0.332 -0.114,0.479 -0.089,0.152 -0.256,0.244 -0.397,0.342 -0.249,0.173 -0.386,0.173 -0.612,-0.053 -0.152,-0.153 -0.287,-0.328 -0.37,-0.529 -0.13,-0.315 0.026,-0.339 0.294,-0.41 -0.205,-0.276 -0.261,-0.6 -0.349,-0.924 -0.075,-0.274 -0.361,-0.583 -0.035,-0.781 0.301,-0.183 0.622,-0.385 0.956,-0.496 0.316,-0.105 0.724,-0.262 1.062,-0.24 0.104,0.007 0.192,0.049 0.276,0.102 -0.121,0.517 -0.213,1.044 -0.262,1.585 -0.044,0.48 -0.012,0.985 0.064,1.503 -0.176,-0.092 -0.37,-0.333 -0.429,-0.411 z m 52.198,-47.538 c -0.055,-0.196 -0.111,-0.392 -0.166,-0.588 0.079,-0.262 0.158,-0.525 0.236,-0.787 0.313,-0.648 0.974,-0.709 1.581,-0.845 -0.143,-0.196 -0.312,-0.366 -0.508,-0.511 -0.2,-0.324 -0.246,-0.671 -0.138,-1.041 0.093,-0.284 0.26,-0.486 0.487,-0.619 0.055,-0.015 0.105,-0.03 0.16,-0.045 0.66,-0.18 1.401,-0.365 2.178,-0.549 -0.076,0.098 -0.163,0.197 -0.266,0.301 -0.323,0.16 -0.557,0.394 -0.702,0.704 -0.226,0.256 -0.182,0.527 0.131,0.814 0.267,0.467 0.934,1.023 0.38,1.535 -0.121,0.089 -0.241,0.178 -0.361,0.267 -0.309,0.192 -0.423,0.461 -0.342,0.809 0.166,0.092 0.333,0.184 0.499,0.277 0.096,-0.006 0.192,-0.012 0.288,-0.018 0.002,0.056 0.005,0.105 0.009,0.145 0.022,0.241 0.14,0.487 0.116,0.731 -0.026,0.262 -0.228,0.448 -0.408,0.617 -0.03,0.027 -0.058,0.05 -0.086,0.075 -0.23,-0.338 -0.518,-0.618 -0.963,-0.735 -0.071,-0.019 -0.143,-0.024 -0.214,-0.037 -0.063,-0.339 -0.109,-0.656 -0.553,-0.388 -0.118,0.071 -0.231,0.179 -0.341,0.289 -0.348,-0.032 -0.794,-0.114 -1.017,-0.401 z m 7.916,2.163 c -0.082,0.232 -0.165,0.464 -0.247,0.695 -0.011,0.191 -0.021,0.382 -0.032,0.572 0.003,0.109 0.006,0.218 0.008,0.327 -0.13,0.298 -0.656,0.337 -0.92,0.356 -0.162,0.012 -0.382,0 -0.597,-0.038 -0.061,-0.103 -0.145,-0.205 -0.27,-0.355 -0.096,-0.115 -0.341,-0.327 -0.414,-0.484 0.025,-0.115 0.023,-0.201 0.007,-0.275 0.12,-0.274 0.504,-0.506 0.574,-0.768 -0.122,-0.164 -0.358,-0.189 -0.51,-0.315 -0.203,-0.169 -0.169,-0.265 -0.119,-0.561 0.065,-0.384 0.197,-0.779 0.398,-1.113 0.123,-0.204 0.245,-0.398 0.351,-0.603 0.108,0.063 0.206,0.137 0.34,0.172 0.261,0.07 0.442,0.217 0.541,0.439 0.057,0.122 0.137,0.228 0.239,0.318 0.329,0.014 0.614,-0.086 0.854,-0.301 0.374,-0.238 0.707,-0.651 1.108,-0.882 0.054,0.415 0.063,0.838 0.034,1.253 -0.021,0.3 0.001,0.486 0.177,0.75 0.105,0.158 0.34,0.325 0.402,0.508 0.055,0.165 -0.038,0.55 -0.191,0.702 -0.063,-0.017 -0.128,-0.023 -0.19,-0.053 -0.012,-0.201 0.064,-0.402 -0.032,-0.579 -0.148,-0.277 -0.483,-0.303 -0.765,-0.269 -0.34,-0.02 -0.589,0.148 -0.746,0.504 z m 9.576,11.694 c -0.086,-0.16 0.069,-0.372 0.026,-0.543 -0.158,-0.62 -0.866,0.19 -1.067,0.386 -0.166,0.162 -0.179,0.189 -0.417,0.102 -0.326,-0.119 -0.622,-0.307 -0.906,-0.504 -0.175,-0.121 -0.64,-0.376 -0.69,-0.621 0.018,-0.086 0.037,-0.173 0.055,-0.259 0.004,-0.142 0.008,-0.284 0.012,-0.427 -0.075,-0.596 -0.841,-0.785 -1.308,-0.817 -0.471,-0.032 -0.934,0.016 -1.405,0 -0.029,-0.376 0.672,-0.54 0.929,-0.649 0.297,-0.147 0.608,-0.258 0.93,-0.333 0.3,-0.149 0.611,-0.182 0.934,-0.099 0.134,0.331 0.205,0.672 0.351,0.996 0.364,-0.016 0.501,-0.773 0.801,-0.961 0.47,-0.295 1.246,0.069 1.733,0.168 0.086,-0.074 0.119,-0.171 0.097,-0.289 0.083,-0.038 0.166,-0.076 0.249,-0.114 0.033,-0.002 0.059,0.012 0.091,0.012 -0.139,0.188 -0.221,0.404 -0.186,0.652 0.116,0.822 1.07,1.058 1.487,1.626 -0.046,0.494 -0.716,0.447 -0.997,0.674 -0.272,0.219 -0.393,0.777 -0.349,1.192 -0.16,-0.045 -0.32,-0.101 -0.37,-0.192 z m 0.583,1.753 c 0.025,-0.333 0.301,-0.631 0.378,-0.949 0.14,-0.005 0.29,-0.018 0.441,0.044 0.061,0.025 0.108,0.066 0.15,0.112 -0.02,0.29 -0.002,0.806 -0.111,1.052 -0.167,0.376 -0.893,0.205 -0.858,-0.259 z m 1.53,3.551 c -0.054,0 -0.105,0 -0.155,0.001 0.102,-0.295 -0.014,-0.622 0.03,-0.964 0.306,-0.063 0.474,-0.004 0.767,0.127 0.121,0.054 0.237,0.113 0.355,0.171 -0.112,0.494 -0.448,0.665 -0.997,0.665 z m 13.23,14.286 c -0.124,-0.201 -0.368,-0.625 -0.636,-0.463 -0.185,0.112 -0.473,0.218 -0.648,0.037 -0.096,-0.099 -0.096,-0.309 -0.152,-0.437 -0.046,-0.103 -0.107,-0.211 -0.195,-0.286 -0.146,-0.123 -0.165,-0.143 -0.168,-0.357 -0.004,-0.294 0.052,-0.56 -0.215,-0.76 -0.362,-0.27 -0.82,0.158 -1.191,-0.017 -0.266,-0.126 0.127,-0.637 0.221,-0.752 0.042,-0.051 0.095,-0.082 0.142,-0.121 -0.166,-0.006 -0.329,0.053 -0.493,0.004 -0.169,-0.05 -0.298,-0.19 -0.428,-0.304 -0.227,-0.2 -0.261,-0.334 -0.095,-0.607 0.112,-0.184 0.25,-0.357 0.425,-0.485 0.275,-0.201 0.335,-0.056 0.468,0.188 0.219,-0.265 0.52,-0.397 0.814,-0.56 0.248,-0.138 0.48,-0.49 0.75,-0.221 0.25,0.249 0.523,0.512 0.71,0.81 0.178,0.282 0.428,0.64 0.487,0.974 0.082,0.464 -0.439,0.833 -0.642,1.188 -0.161,0.281 -0.002,0.527 0.284,0.613 0.347,0.105 0.845,0.33 0.918,0.747 0.033,0.181 -0.096,0.829 -0.356,0.809 z m 11.409,-8.22 c -0.073,0.307 0.189,0.713 0.295,0.981 0.066,0.167 0.091,0.177 -0.028,0.256 -0.114,0.075 -0.193,0.017 -0.303,0.025 -0.17,0.013 -0.483,0.276 -0.588,0.367 -0.182,0.156 -0.34,0.436 -0.616,0.366 -0.204,-0.052 -0.378,-0.207 -0.566,-0.292 -0.181,-0.082 -0.358,-0.125 -0.555,-0.121 -0.272,0.004 -0.555,0.116 -0.827,0.065 -0.275,-0.052 -0.342,-0.307 -0.451,-0.536 -0.026,-0.054 -0.282,-0.698 -0.385,-0.678 -0.083,0.185 -0.371,0.954 -0.679,0.814 -0.152,-0.069 -0.363,-0.232 -0.465,-0.37 -0.182,-0.246 -0.31,-0.553 -0.456,-0.821 -0.064,-0.118 -0.163,-0.239 -0.154,-0.381 0.009,-0.161 0.144,-0.336 0.201,-0.486 0.07,-0.184 0.099,-0.372 0.116,-0.567 0.006,-0.068 0.057,-0.499 0.016,-0.583 -0.046,-0.093 -0.269,-0.036 -0.359,-0.047 -0.201,-0.025 -0.408,-0.113 -0.555,-0.259 -0.19,-0.189 0.115,-0.415 0.237,-0.546 0.17,-0.182 0.328,-0.373 0.519,-0.534 0.004,-0.003 0.005,-0.006 0.009,-0.009 -0.027,-0.046 -0.054,-0.101 -0.079,-0.15 -0.097,-0.193 -0.233,-0.495 -0.148,-0.716 0.14,-0.036 0.297,0.009 0.431,-0.05 0.107,-0.047 0.199,-0.142 0.302,-0.199 0.126,-0.07 0.265,-0.114 0.391,-0.183 0.085,-0.047 0.19,-0.171 0.283,-0.183 0.264,-0.035 0.196,0.471 0.372,0.579 0.117,0.072 0.387,-0.052 0.524,-0.097 0.167,-0.056 0.384,-0.14 0.493,-0.296 0.186,-0.267 -0.089,-0.708 -0.238,-0.949 -0.072,-0.118 -0.164,-0.215 -0.19,-0.354 -0.04,-0.217 -0.024,-0.431 -0.078,-0.649 -0.062,-0.251 -0.145,-0.514 -0.304,-0.725 -0.123,-0.163 -0.275,-0.193 -0.454,-0.249 -0.173,-0.053 -0.345,-0.087 -0.489,-0.204 -0.153,-0.125 -0.23,-0.286 -0.323,-0.452 -0.1,-0.179 -0.187,-0.33 -0.35,-0.46 -0.183,-0.147 -0.47,-0.219 -0.697,-0.257 -0.33,-0.055 -0.639,-0.031 -0.642,-0.447 -0.002,-0.356 -0.021,-0.679 -0.195,-1.004 -0.137,-0.256 -0.316,-0.497 -0.459,-0.745 -0.078,-0.136 -0.164,-0.381 -0.101,-0.531 0.081,-0.194 0.263,-0.377 0.404,-0.524 0.029,-0.03 0.082,-0.081 0.143,-0.137 0.084,0.064 0.166,0.13 0.261,0.185 0.144,0.084 0.308,0.146 0.461,0.223 0.014,0.121 0.028,0.242 0.062,0.357 0.058,0.193 0.158,0.353 0.247,0.532 0.027,0.055 0.054,0.126 0.086,0.193 -0.118,0.323 -0.112,0.633 0.029,0.929 0.152,0.465 0.529,0.716 0.985,0.865 0.28,0.091 0.658,0.245 0.951,0.13 0.352,-0.138 0.45,-0.583 0.514,-0.926 0.036,-0.195 0.031,-0.359 0.014,-0.518 0.025,-0.078 0.053,-0.155 0.111,-0.226 0.104,-0.129 0.191,-0.1 0.31,-0.164 0.098,-0.052 0.13,-0.104 0.165,-0.202 0.038,-0.108 0.052,-0.22 0.107,-0.322 0.084,-0.155 0.085,-0.155 0.098,-0.337 0.025,-0.343 0.173,-0.657 0.57,-0.604 0.348,0.047 0.38,0.287 0.43,0.584 0.026,0.156 0.357,1.961 -0.114,1.849 -0.135,0.181 -0.12,0.57 -0.179,0.785 -0.046,0.165 -0.178,0.402 -0.17,0.583 0.01,0.187 0.253,0.368 0.371,0.487 0.127,0.127 0.293,0.25 0.382,0.411 0.139,0.25 -0.111,0.568 0.005,0.835 0.036,0.082 0.109,0.093 0.182,0.125 0.349,0.152 0.899,0.357 1.016,0.768 0.055,0.194 0.013,0.354 -0.181,0.412 -0.13,0.006 -0.257,0.032 -0.379,0.076 -0.135,0.096 -0.217,0.226 -0.247,0.39 -0.058,0.182 -0.164,0.435 -0.116,0.625 0.07,0.279 0.37,0.237 0.575,0.151 0.236,-0.1 0.506,-0.327 0.78,-0.282 0.189,0.03 0.347,0.235 0.397,0.407 0.108,0.374 -0.138,0.76 -0.176,1.125 -0.017,0.168 -0.077,0.489 0.084,0.603 0.006,0.004 0.014,0.004 0.02,0.007 0.082,0.274 0.291,0.57 0.282,0.826 -0.014,0.382 -0.158,0.726 -0.109,1.049 -0.359,0.045 -0.757,0.117 -0.826,0.407 z m 9.876,4.626 c 0.023,-0.137 0.05,-0.275 0.085,-0.424 0.041,-0.171 0.081,-0.418 0.134,-0.673 0.005,0.123 0.028,0.241 0.09,0.349 0.075,0.128 0.107,0.268 0.096,0.42 -0.085,0.179 -0.231,0.273 -0.405,0.328 z m 9.052,1.514 c 0.038,-0.375 -0.18,-0.361 -0.48,-0.245 -0.44,0.172 -0.788,0.663 -0.806,1.133 -0.008,0.21 0.004,0.335 0.183,0.468 0.064,0.048 0.181,0.056 0.237,0.11 0.137,0.131 0.094,0.17 -0.004,0.341 -0.437,0.754 0.03,1.271 0.505,1.879 -0.093,0.385 -0.972,0.282 -1.204,0.173 -0.25,-0.117 -0.448,-0.313 -0.744,-0.279 -0.092,0.01 -0.174,0.042 -0.253,0.081 0.189,-0.232 0.207,-0.59 0.203,-0.881 -0.005,-0.458 -0.182,-0.72 -0.295,-1.141 -0.093,-0.108 -0.114,-0.227 -0.06,-0.358 0.01,-0.253 0.117,-0.471 0.32,-0.655 0.227,-0.32 0.568,-0.649 0.705,-1.023 0.131,-0.356 0.058,-0.66 -0.059,-1.006 -0.13,-0.389 -0.336,-0.759 -0.408,-1.167 -0.011,-0.06 -0.011,-0.11 -0.011,-0.16 0.27,-0.217 0.575,-0.407 0.897,-0.522 0.327,-0.116 0.643,-0.19 0.941,-0.378 -0.086,-0.085 -0.221,-0.02 -0.341,-0.037 -0.191,-0.383 0.378,-0.766 0.654,-0.895 0.127,-0.059 0.283,-0.091 0.449,-0.104 0.068,0.283 0.248,0.475 0.54,0.575 0.327,0.076 0.57,0.257 0.727,0.541 -0.104,0.358 -0.265,0.688 -0.485,0.992 -0.258,0.42 -0.358,0.871 -0.301,1.352 0.186,0.111 0.376,0.125 0.568,0.087 -0.108,0.126 -0.212,0.256 -0.324,0.375 -0.164,0.174 -0.26,0.313 -0.309,0.521 -0.094,0.084 -0.185,0.171 -0.263,0.273 -0.295,0.209 -0.445,0.5 -0.449,0.872 0.026,0.036 0.059,0.061 0.087,0.094 -0.031,0.004 -0.065,0.017 -0.091,0.011 -0.379,-0.094 -0.157,-0.764 -0.129,-1.027 z m 45.925,-7.021 c -0.112,0.167 -0.212,0.115 -0.385,0.11 -0.286,-0.008 -0.36,0.089 -0.379,0.381 -0.016,0.246 -0.017,0.494 0.02,0.738 0.035,0.229 0.038,0.237 -0.16,0.388 -0.447,0.341 -0.926,0.669 -0.961,1.281 -0.015,0.256 0.024,0.501 0.057,0.755 0.034,0.259 0.055,0.634 -0.134,0.853 -0.133,0.068 -0.267,0.137 -0.4,0.205 -0.201,-0.019 -0.401,-0.037 -0.602,-0.056 -0.512,-0.132 -0.653,-0.599 -0.839,-1.017 -0.121,0.131 -0.219,0.278 -0.295,0.441 -0.1,0.093 -0.209,0.159 -0.327,0.201 0.121,-0.342 0.161,-0.704 -0.167,-0.935 -0.168,-0.119 -0.38,0.062 -0.58,0.087 -0.423,0.054 -0.73,-0.099 -1.111,-0.249 -0.153,-0.06 -0.186,-0.074 -0.229,0.004 -0.092,-0.186 -0.165,-0.379 -0.218,-0.58 -0.076,-0.072 -0.109,-0.153 -0.099,-0.245 0.385,-0.058 0.63,0.032 0.971,0.256 0.162,0.209 0.365,0.344 0.609,0.403 0.217,0.126 0.407,0.055 0.568,-0.213 0.298,-0.26 0.602,-0.822 1.051,-0.497 0.082,0.074 0.163,0.148 0.245,0.222 0.183,0.195 0.394,0.238 0.633,0.129 0.042,-0.133 0.085,-0.267 0.127,-0.4 -0.043,-0.16 -0.086,-0.32 -0.129,-0.48 -0.256,-0.337 -0.672,-0.21 -1.03,-0.178 -0.165,0.059 -0.314,0.035 -0.449,-0.072 -0.172,-0.032 -0.272,-0.137 -0.299,-0.313 -0.107,-0.229 -0.112,-0.515 -0.266,-0.709 -0.135,0.073 -0.267,0.065 -0.396,-0.024 -0.15,-0.194 -0.139,-0.378 0.034,-0.551 0.309,0.006 0.584,0.102 0.826,0.288 0.264,0.172 0.547,0.302 0.849,0.393 0.257,-0.178 0.396,-0.428 0.416,-0.751 0.013,-0.199 0.092,-0.35 0.237,-0.454 0.08,-0.059 0.145,-0.132 0.195,-0.219 -0.038,-0.239 -0.152,-0.43 -0.342,-0.572 -0.356,-0.369 -1.012,-0.603 -1.018,-1.207 0.014,-0.125 0.028,-0.251 0.042,-0.376 0.151,-0.231 0.311,-0.456 0.48,-0.674 0.012,-0.034 0.003,-0.062 0.01,-0.095 0.583,0.055 1.184,0.131 1.805,0.232 0.022,0.098 0.04,0.197 0.064,0.294 0.091,0.173 0.112,0.349 0.064,0.529 -0.143,0.038 -0.299,0.013 -0.413,0.107 -0.178,0.147 -0.148,0.393 -0.083,0.591 0.036,0.249 0.194,0.404 0.473,0.465 0.179,0.026 0.358,0.051 0.537,0.077 0.139,-0.02 0.278,-0.04 0.417,-0.06 0.078,-0.018 0.156,-0.036 0.234,-0.053 0.233,0.05 0.338,0.424 0.39,0.611 0.071,0.25 0.113,0.708 -0.043,0.939 z m 26.279,-4.108 c 0.021,0.115 0.077,0.21 0.169,0.283 0.13,0.117 0.206,0.266 0.227,0.447 -0.095,0.11 -0.191,0.22 -0.286,0.33 -0.374,0.198 -0.676,0.144 -0.903,-0.162 -0.402,-0.333 -0.523,-0.782 -0.787,-1.225 -0.627,0.296 -1.044,0.828 -1.729,1.004 -0.156,-0.173 -0.264,-0.371 -0.324,-0.594 -0.043,-0.208 -0.166,-0.36 -0.329,-0.483 -0.075,-0.238 -0.147,-0.477 -0.227,-0.713 -0.342,0.04 -0.669,0.085 -0.971,0.138 -0.293,0.051 -0.6,0.105 -0.914,0.159 -0.038,-0.033 -0.075,-0.068 -0.113,-0.098 -0.415,-0.337 -1.31,-1.086 -1.942,-0.754 -0.443,0.232 -0.455,0.789 -0.319,1.247 -1.158,0.183 -2.378,0.36 -3.601,0.508 0.037,-0.053 0.095,-0.095 0.193,-0.116 0.338,-0.075 0.627,-0.039 0.758,-0.455 0.266,-0.84 -0.747,-1.031 -1.297,-1.144 -0.305,-0.062 -0.539,-0.035 -0.596,-0.365 -0.098,-0.571 0.238,-1.146 0.258,-1.712 0.002,-0.055 -0.01,-0.104 -0.012,-0.156 0.594,0.192 1.01,0.184 1.59,-0.005 -0.034,0.363 0.488,0.465 0.72,0.464 0.555,-0.004 1.105,-0.217 1.577,-0.486 0.1,0.372 -0.089,1.076 0.298,1.357 0.369,-0.113 0.76,-0.463 1.138,-0.462 0.09,0.194 0.199,0.377 0.327,0.549 0.274,0.164 0.563,0.185 0.868,0.063 0.318,-0.058 0.599,-0.192 0.84,-0.402 0.108,-0.181 0.224,-0.358 0.346,-0.53 0.437,-0.48 1.08,0.321 1.315,0.668 0.253,0.251 0.31,0.528 0.168,0.833 -0.161,0.103 -0.219,0.236 -0.174,0.397 0.856,0.061 1.633,-0.259 2.43,-0.537 0.583,-0.203 1.268,-0.617 1.901,-0.46 0.234,0.053 0.463,0.122 0.689,0.205 -0.004,0.028 -0.011,0.054 -0.015,0.082 -0.028,0.227 0.005,0.409 0.068,0.574 -0.014,0.016 -0.021,0.032 -0.037,0.048 -0.312,0.641 -0.771,1.054 -1.304,1.503 z m 9.476,-5.847 c 0.078,-0.314 0.049,-0.535 0.273,-0.65 0.071,0.172 0.256,0.277 0.346,0.437 0.13,0.23 0.064,0.308 -0.087,0.567 -0.036,0.063 -0.086,0.119 -0.127,0.18 -0.315,-0.047 -0.63,-0.123 -0.945,-0.254 -0.033,-0.024 -0.064,-0.034 -0.097,-0.056 0.272,0.052 0.56,0.089 0.637,-0.224 z m -3.322,-6.378 c -0.193,0.28 -0.376,0.485 -0.645,0.694 -0.184,0.143 -0.361,0.267 -0.509,0.432 -0.077,-0.349 -0.069,-0.737 0.017,-1.052 0.474,-0.25 0.938,-0.556 1.43,-0.591 0.005,0 0.01,10e-4 0.014,0 -0.032,0.166 -0.293,0.497 -0.307,0.517 z m 11.293,-9.708 c 0.244,-0.187 0.498,-0.343 0.72,-0.533 -0.001,0.031 -0.005,0.061 -0.002,0.092 0.026,0.28 0.081,0.589 0.168,0.885 -0.122,-0.055 -0.244,-0.109 -0.365,-0.149 -0.114,-0.036 -0.547,-0.107 -0.521,-0.295 z"
   id="path76" />
		<path
   d="m 208.292,277.522 c 0.027,-0.017 0.058,-0.034 0.076,-0.049 -0.027,0.013 -0.052,0.029 -0.076,0.049 z"
   id="path78" />
		<path
   d="m 205.909,352.586 c 0.031,0.009 0.061,0.016 0.083,0.02 -0.025,-0.01 -0.055,-0.014 -0.083,-0.02 z"
   id="path80" />
	</g>
</g></g></g></svg>
